   r (Ang),     Ga-Ga,     Ga-P ,     Ga-O ,     P-P  ,     P-O  ,     O-O  
   0.02000 ,         0.000000000000000 ,         0.000000000000000 ,         0.000000000000000 ,         0.000000000000000 ,         0.000000000000000 ,         0.000000000000000 , 
   0.04000 ,         0.000000000000000 ,         0.000000000000000 ,         0.000000000000000 ,         0.000000000000000 ,         0.000000000000000 ,         0.000000000000000 , 
   0.06000 ,         0.000000000000000 ,         0.000000000000000 ,         0.000000000000000 ,         0.000000000000000 ,         0.000000000000000 ,         0.000000000000000 , 
   0.08000 ,         0.000000000000000 ,         0.000000000000000 ,         0.000000000000000 ,         0.000000000000000 ,         0.000000000000000 ,         0.000000000000000 , 
   0.10000 ,         0.000000000000000 ,         0.000000000000000 ,         0.000000000000000 ,         0.000000000000000 ,         0.000000000000000 ,         0.000000000000000 , 
   0.12000 ,         0.000000000000000 ,         0.000000000000000 ,         0.000000000000000 ,         0.000000000000000 ,         0.000000000000000 ,         0.000000000000000 , 
   0.14000 ,         0.000000000000000 ,         0.000000000000000 ,         0.000000000000000 ,         0.000000000000000 ,         0.000000000000000 ,         0.000000000000000 , 
   0.16000 ,         0.000000000000000 ,         0.000000000000000 ,         0.000000000000000 ,         0.000000000000000 ,         0.000000000000000 ,         0.000000000000000 , 
   0.18000 ,         0.000000000000000 ,         0.000000000000000 ,         0.000000000000000 ,         0.000000000000000 ,         0.000000000000000 ,         0.000000000000000 , 
   0.20000 ,         0.000000000000000 ,         0.000000000000000 ,         0.000000000000000 ,         0.000000000000000 ,         0.000000000000000 ,         0.000000000000000 , 
   0.22000 ,         0.000000000000000 ,         0.000000000000000 ,         0.000000000000000 ,         0.000000000000000 ,         0.000000000000000 ,         0.000000000000000 , 
   0.24000 ,         0.000000000000000 ,         0.000000000000000 ,         0.000000000000000 ,         0.000000000000000 ,         0.000000000000000 ,         0.000000000000000 , 
   0.26000 ,         0.000000000000000 ,         0.000000000000000 ,         0.000000000000000 ,         0.000000000000000 ,         0.000000000000000 ,         0.000000000000000 , 
   0.28000 ,         0.000000000000000 ,         0.000000000000000 ,         0.000000000000000 ,         0.000000000000000 ,         0.000000000000000 ,         0.000000000000000 , 
   0.30000 ,         0.000000000000000 ,         0.000000000000000 ,         0.000000000000000 ,         0.000000000000000 ,         0.000000000000000 ,         0.000000000000000 , 
   0.32000 ,         0.000000000000000 ,         0.000000000000000 ,         0.000000000000000 ,         0.000000000000000 ,         0.000000000000000 ,         0.000000000000000 , 
   0.34000 ,         0.000000000000000 ,         0.000000000000000 ,         0.000000000000000 ,         0.000000000000000 ,         0.000000000000000 ,         0.000000000000000 , 
   0.36000 ,         0.000000000000000 ,         0.000000000000000 ,         0.000000000000000 ,         0.000000000000000 ,         0.000000000000000 ,         0.000000000000000 , 
   0.38000 ,         0.000000000000000 ,         0.000000000000000 ,         0.000000000000000 ,         0.000000000000000 ,         0.000000000000000 ,         0.000000000000000 , 
   0.40000 ,         0.000000000000000 ,         0.000000000000000 ,         0.000000000000000 ,         0.000000000000000 ,         0.000000000000000 ,         0.000000000000000 , 
   0.42000 ,         0.000000000000000 ,         0.000000000000000 ,         0.000000000000000 ,         0.000000000000000 ,         0.000000000000000 ,         0.000000000000000 , 
   0.44000 ,         0.000000000000000 ,         0.000000000000000 ,         0.000000000000000 ,         0.000000000000000 ,         0.000000000000000 ,         0.000000000000000 , 
   0.46000 ,         0.000000000000000 ,         0.000000000000000 ,         0.000000000000000 ,         0.000000000000000 ,         0.000000000000000 ,         0.000000000000000 , 
   0.48000 ,         0.000000000000000 ,         0.000000000000000 ,         0.000000000000000 ,         0.000000000000000 ,         0.000000000000000 ,         0.000000000000000 , 
   0.50000 ,         0.000000000000000 ,         0.000000000000000 ,         0.000000000000000 ,         0.000000000000000 ,         0.000000000000000 ,         0.000000000000000 , 
   0.52000 ,         0.000000000000000 ,         0.000000000000000 ,         0.000000000000000 ,         0.000000000000000 ,         0.000000000000000 ,         0.000000000000000 , 
   0.54000 ,         0.000000000000000 ,         0.000000000000000 ,         0.000000000000000 ,         0.000000000000000 ,         0.000000000000000 ,         0.000000000000000 , 
   0.56000 ,         0.000000000000000 ,         0.000000000000000 ,         0.000000000000000 ,         0.000000000000000 ,         0.000000000000000 ,         0.000000000000000 , 
   0.58000 ,         0.000000000000000 ,         0.000000000000000 ,         0.000000000000000 ,         0.000000000000000 ,         0.000000000000000 ,         0.000000000000000 , 
   0.60000 ,         0.000000000000000 ,         0.000000000000000 ,         0.000000000000000 ,         0.000000000000000 ,         0.000000000000000 ,         0.000000000000000 , 
   0.62000 ,         0.000000000000000 ,         0.000000000000000 ,         0.000000000000000 ,         0.000000000000000 ,         0.000000000000000 ,         0.000000000000000 , 
   0.64000 ,         0.000000000000000 ,         0.000000000000000 ,         0.000000000000000 ,         0.000000000000000 ,         0.000000000000000 ,         0.000000000000000 , 
   0.66000 ,         0.000000000000000 ,         0.000000000000000 ,         0.000000000000000 ,         0.000000000000000 ,         0.000000000000000 ,         0.000000000000000 , 
   0.68000 ,         0.000000000000000 ,         0.000000000000000 ,         0.000000000000000 ,         0.000000000000000 ,         0.000000000000000 ,         0.000000000000000 , 
   0.70000 ,         0.000000000000000 ,         0.000000000000000 ,         0.000000000000000 ,         0.000000000000000 ,         0.000000000000000 ,         0.000000000000000 , 
   0.72000 ,         0.000000000000000 ,         0.000000000000000 ,         0.000000000000000 ,         0.000000000000000 ,         0.000000000000000 ,         0.000000000000000 , 
   0.74000 ,         0.000000000000000 ,         0.000000000000000 ,         0.000000000000000 ,         0.000000000000000 ,         0.000000000000000 ,         0.000000000000000 , 
   0.76000 ,         0.000000000000000 ,         0.000000000000000 ,         0.000000000000000 ,         0.000000000000000 ,         0.000000000000000 ,         0.000000000000000 , 
   0.78000 ,         0.000000000000000 ,         0.000000000000000 ,         0.000000000000000 ,         0.000000000000000 ,         0.000000000000000 ,         0.000000000000000 , 
   0.80000 ,         0.000000000000000 ,         0.000000000000000 ,         0.000000000000000 ,         0.000000000000000 ,         0.000000000000000 ,         0.000000000000000 , 
   0.82000 ,         0.000000000000000 ,         0.000000000000000 ,         0.000000000000000 ,         0.000000000000000 ,         0.000000000000000 ,         0.000000000000000 , 
   0.84000 ,         0.000000000000000 ,         0.000000000000000 ,         0.000000000000000 ,         0.000000000000000 ,         0.000000000000000 ,         0.000000000000000 , 
   0.86000 ,         0.000000000000000 ,         0.000000000000000 ,         0.000000000000000 ,         0.000000000000000 ,         0.000000000000000 ,         0.000000000000000 , 
   0.88000 ,         0.000000000000000 ,         0.000000000000000 ,         0.000000000000000 ,         0.000000000000000 ,         0.000000000000000 ,         0.000000000000000 , 
   0.90000 ,         0.000000000000000 ,         0.000000000000000 ,         0.000000000000000 ,         0.000000000000000 ,         0.000000000000000 ,         0.000000000000000 , 
   0.92000 ,         0.000000000000000 ,         0.000000000000000 ,         0.000000000000000 ,         0.000000000000000 ,         0.000000000000000 ,         0.000000000000000 , 
   0.94000 ,         0.000000000000000 ,         0.000000000000000 ,         0.000000000000000 ,         0.000000000000000 ,         0.000000000000000 ,         0.000000000000000 , 
   0.96000 ,         0.000000000000000 ,         0.000000000000000 ,         0.000000000000000 ,         0.000000000000000 ,         0.000000000000000 ,         0.000000000000000 , 
   0.98000 ,         0.000000000000000 ,         0.000000000000000 ,         0.000000000000000 ,         0.000000000000000 ,         0.000000000000000 ,         0.000000000000000 , 
   1.00000 ,         0.000000000000000 ,         0.000000000000000 ,         0.000000000000000 ,         0.000000000000000 ,         0.000000000000000 ,         0.000000000000000 , 
   1.02000 ,         0.000000000000000 ,         0.000000000000000 ,         0.000000000000000 ,         0.000000000000000 ,         0.000000000000000 ,         0.000000000000000 , 
   1.04000 ,         0.000000000000000 ,         0.000000000000000 ,         0.000000000000000 ,         0.000000000000000 ,         0.000000000000000 ,         0.000000000000000 , 
   1.06000 ,         0.000000000000000 ,         0.000000000000000 ,         0.000000000000000 ,         0.000000000000000 ,         0.000000000000000 ,         0.000000000000000 , 
   1.08000 ,         0.000000000000000 ,         0.000000000000000 ,         0.000000000000000 ,         0.000000000000000 ,         0.000000000000000 ,         0.000000000000000 , 
   1.10000 ,         0.000000000000000 ,         0.000000000000000 ,         0.000000000000000 ,         0.000000000000000 ,         0.000000000000000 ,         0.000000000000000 , 
   1.12000 ,         0.000000000000000 ,         0.000000000000000 ,         0.000000000000000 ,         0.000000000000000 ,         0.000000000000000 ,         0.000000000000000 , 
   1.14000 ,         0.000000000000000 ,         0.000000000000000 ,         0.000000000000000 ,         0.000000000000000 ,         0.000000000000000 ,         0.000000000000000 , 
   1.16000 ,         0.000000000000000 ,         0.000000000000000 ,         0.000000000000000 ,         0.000000000000000 ,         0.000000000000000 ,         0.000000000000000 , 
   1.18000 ,         0.000000000000000 ,         0.000000000000000 ,         0.000000000000000 ,         0.000000000000000 ,         0.000000000000000 ,         0.000000000000000 , 
   1.20000 ,         0.000000000000000 ,         0.000000000000000 ,         0.000000000000000 ,         0.000000000000000 ,         0.000000000000000 ,         0.000000000000000 , 
   1.22000 ,         0.000000000000000 ,         0.000000000000000 ,         0.000000000000000 ,         0.000000000000000 ,         0.000000000000000 ,         0.000000000000000 , 
   1.24000 ,         0.000000000000000 ,         0.000000000000000 ,         0.000000000000000 ,         0.000000000000000 ,         0.000000000000000 ,         0.000000000000000 , 
   1.26000 ,         0.000000000000000 ,         0.000000000000000 ,         0.000000000000000 ,         0.000000000000000 ,         0.000000000000000 ,         0.000000000000000 , 
   1.28000 ,         0.000000000000000 ,         0.000000000000000 ,         0.000000000000000 ,         0.000000000000000 ,         0.000000000000000 ,         0.000000000000000 , 
   1.30000 ,         0.000000000000000 ,         0.000000000000000 ,         0.000000000000000 ,         0.000000000000000 ,         0.000000000000000 ,         0.000000000000000 , 
   1.32000 ,         0.000000000000000 ,         0.000000000000000 ,         0.000000000000000 ,         0.000000000000000 ,         0.000000000000000 ,         0.000000000000000 , 
   1.34000 ,         0.000000000000000 ,         0.000000000000000 ,         0.000000000000000 ,         0.000000000000000 ,         0.000000000000000 ,         0.000000000000000 , 
   1.36000 ,         0.000000000000000 ,         0.000000000000000 ,         0.000000000000000 ,         0.000000000000000 ,         0.429085725448201 ,         0.000000000000000 , 
   1.38000 ,         0.000000000000000 ,         0.000000000000000 ,         0.000000000000000 ,         0.000000000000000 ,         2.500432795693754 ,         0.000000000000000 , 
   1.40000 ,         0.000000000000000 ,         0.000000000000000 ,         0.000000000000000 ,         0.000000000000000 ,         5.263923940955727 ,         0.000000000000000 , 
   1.42000 ,         0.000000000000000 ,         0.000000000000000 ,         0.000000000000000 ,         0.000000000000000 ,         7.084649145341010 ,         0.000000000000000 , 
   1.44000 ,         0.000000000000000 ,         0.000000000000000 ,         0.000000000000000 ,         0.000000000000000 ,         9.185630819744491 ,         0.000000000000000 , 
   1.46000 ,         0.000000000000000 ,         0.000000000000000 ,         0.000000000000000 ,         0.000000000000000 ,        11.541942366592933 ,         0.000000000000000 , 
   1.48000 ,         0.000000000000000 ,         0.000000000000000 ,         0.000000000000000 ,         0.000000000000000 ,        12.681414996710430 ,         0.000000000000000 , 
   1.50000 ,         0.000000000000000 ,         0.000000000000000 ,         0.000000000000000 ,         0.000000000000000 ,        13.403689384409383 ,         0.000000000000000 , 
   1.52000 ,         0.000000000000000 ,         0.000000000000000 ,         0.000000000000000 ,         0.000000000000000 ,        13.396793890848947 ,         0.000000000000000 , 
   1.54000 ,         0.000000000000000 ,         0.000000000000000 ,         0.000000000000000 ,         0.000000000000000 ,        12.047159643821098 ,         0.000000000000000 , 
   1.56000 ,         0.000000000000000 ,         0.000000000000000 ,         0.000000000000000 ,         0.000000000000000 ,        11.414124610374502 ,         0.000000000000000 , 
   1.58000 ,         0.000000000000000 ,         0.000000000000000 ,         0.000000000000000 ,         0.000000000000000 ,         8.901593726290384 ,         0.000000000000000 , 
   1.60000 ,         0.000000000000000 ,         0.000000000000000 ,         0.000000000000000 ,         0.000000000000000 ,         7.750399675588601 ,         0.000000000000000 , 
   1.62000 ,         0.000000000000000 ,         0.000000000000000 ,         0.000000000000000 ,         0.000000000000000 ,         6.048172384996177 ,         0.000000000000000 , 
   1.64000 ,         0.000000000000000 ,         0.000000000000000 ,         0.000000000000000 ,         0.000000000000000 ,         5.311401563399147 ,         0.000000000000000 , 
   1.66000 ,         0.000000000000000 ,         0.000000000000000 ,         0.000000000000000 ,         0.000000000000000 ,         4.608167573217569 ,         0.000000000000000 , 
   1.68000 ,         0.000000000000000 ,         0.000000000000000 ,         2.249551835356745 ,         0.000000000000000 ,         0.281193979419593 ,         0.000000000000000 , 
   1.70000 ,         0.000000000000000 ,         0.000000000000000 ,         3.020783105308443 ,         0.000000000000000 ,         0.000000000000000 ,         0.000000000000000 , 
   1.72000 ,         0.000000000000000 ,         0.000000000000000 ,         3.755743799888825 ,         0.000000000000000 ,         0.000000000000000 ,         0.000000000000000 , 
   1.74000 ,         0.000000000000000 ,         0.000000000000000 ,         4.718445438671720 ,         0.000000000000000 ,         0.000000000000000 ,         0.000000000000000 , 
   1.76000 ,         0.000000000000000 ,         0.000000000000000 ,         5.892879185680355 ,         0.000000000000000 ,         0.000000000000000 ,         0.000000000000000 , 
   1.78000 ,         0.000000000000000 ,         0.000000000000000 ,         7.013635118755492 ,         0.000000000000000 ,         0.000000000000000 ,         0.000000000000000 , 
   1.80000 ,         0.000000000000000 ,         0.000000000000000 ,         7.838450326855140 ,         0.000000000000000 ,         0.000000000000000 ,         0.000000000000000 , 
   1.82000 ,         0.000000000000000 ,         0.000000000000000 ,         8.385917942286458 ,         0.000000000000000 ,         0.000000000000000 ,         0.000000000000000 , 
   1.84000 ,         0.000000000000000 ,         0.000000000000000 ,         8.673442677565227 ,         0.000000000000000 ,         0.000000000000000 ,         0.000000000000000 , 
   1.86000 ,         0.000000000000000 ,         0.000000000000000 ,         8.258518354529164 ,         0.000000000000000 ,         0.000000000000000 ,         0.000000000000000 , 
   1.88000 ,         0.000000000000000 ,         0.000000000000000 ,         7.859193116094351 ,         0.000000000000000 ,         0.000000000000000 ,         0.000000000000000 , 
   1.90000 ,         0.000000000000000 ,         0.000000000000000 ,         6.815224904675409 ,         0.000000000000000 ,         0.000000000000000 ,         0.000000000000000 , 
   1.92000 ,         0.000000000000000 ,         0.000000000000000 ,         5.597533146802016 ,         0.000000000000000 ,         0.000000000000000 ,         0.000000000000000 , 
   1.94000 ,         0.000000000000000 ,         0.000000000000000 ,         4.428347556061070 ,         0.000000000000000 ,         0.000000000000000 ,         0.000000000000000 , 
   1.96000 ,         0.000000000000000 ,         0.000000000000000 ,         2.892289993592421 ,         0.000000000000000 ,         0.000000000000000 ,         0.000000000000000 , 
   1.98000 ,         0.000000000000000 ,         0.000000000000000 ,         1.821957099764115 ,         0.000000000000000 ,         0.000000000000000 ,         0.000000000000000 , 
   2.00000 ,         0.000000000000000 ,         0.000000000000000 ,         0.793644646941116 ,         0.000000000000000 ,         0.000000000000000 ,         0.000000000000000 , 
   2.02000 ,         0.000000000000000 ,         0.000000000000000 ,         0.389003419888332 ,         0.000000000000000 ,         0.000000000000000 ,         0.000000000000000 , 
   2.04000 ,         0.000000000000000 ,         0.000000000000000 ,         0.000000000000000 ,         0.000000000000000 ,         0.000000000000000 ,         0.000000000000000 , 
   2.06000 ,         0.000000000000000 ,         0.000000000000000 ,         0.000000000000000 ,         0.000000000000000 ,         0.000000000000000 ,         0.000000000000000 , 
   2.08000 ,         0.000000000000000 ,         0.000000000000000 ,         0.000000000000000 ,         0.000000000000000 ,         0.000000000000000 ,         0.000000000000000 , 
   2.10000 ,         0.000000000000000 ,         0.000000000000000 ,         0.000000000000000 ,         0.000000000000000 ,         0.000000000000000 ,         0.000000000000000 , 
   2.12000 ,         0.000000000000000 ,         0.000000000000000 ,         0.000000000000000 ,         0.000000000000000 ,         0.000000000000000 ,         0.000000000000000 , 
   2.14000 ,         0.000000000000000 ,         0.000000000000000 ,         0.000000000000000 ,         0.000000000000000 ,         0.000000000000000 ,         0.000000000000000 , 
   2.16000 ,         0.000000000000000 ,         0.000000000000000 ,         0.000000000000000 ,         0.000000000000000 ,         0.000000000000000 ,         0.000000000000000 , 
   2.18000 ,         0.000000000000000 ,         0.000000000000000 ,         0.000000000000000 ,         0.000000000000000 ,         0.000000000000000 ,         0.000000000000000 , 
   2.20000 ,         0.000000000000000 ,         0.000000000000000 ,         0.000000000000000 ,         0.000000000000000 ,         0.000000000000000 ,         0.081988201938675 , 
   2.22000 ,         0.000000000000000 ,         0.000000000000000 ,         0.000000000000000 ,         0.000000000000000 ,         0.000000000000000 ,         0.080517601331712 , 
   2.24000 ,         0.000000000000000 ,         0.000000000000000 ,         0.000000000000000 ,         0.000000000000000 ,         0.000000000000000 ,         0.079086215345200 , 
   2.26000 ,         0.000000000000000 ,         0.000000000000000 ,         0.000000000000000 ,         0.000000000000000 ,         0.000000000000000 ,         0.155385324053509 , 
   2.28000 ,         0.000000000000000 ,         0.000000000000000 ,         0.000000000000000 ,         0.000000000000000 ,         0.000000000000000 ,         0.458013718608719 , 
   2.30000 ,         0.000000000000000 ,         0.000000000000000 ,         0.000000000000000 ,         0.000000000000000 ,         0.000000000000000 ,         0.600110593364760 , 
   2.32000 ,         0.000000000000000 ,         0.000000000000000 ,         0.000000000000000 ,         0.000000000000000 ,         0.000000000000000 ,         0.663534585889148 , 
   2.34000 ,         0.000000000000000 ,         0.000000000000000 ,         0.000000000000000 ,         0.000000000000000 ,         0.000000000000000 ,         1.087067758648705 , 
   2.36000 ,         0.000000000000000 ,         0.000000000000000 ,         0.000000000000000 ,         0.000000000000000 ,         0.000000000000000 ,         1.211217204393223 , 
   2.38000 ,         0.000000000000000 ,         0.000000000000000 ,         0.000000000000000 ,         0.000000000000000 ,         0.000000000000000 ,         1.611280239406383 , 
   2.40000 ,         0.000000000000000 ,         0.000000000000000 ,         0.000000000000000 ,         0.000000000000000 ,         0.000000000000000 ,         2.066788197353766 , 
   2.42000 ,         0.000000000000000 ,         0.000000000000000 ,         0.000000000000000 ,         0.000000000000000 ,         0.000000000000000 ,         2.236044543721269 , 
   2.44000 ,         0.000000000000000 ,         0.000000000000000 ,         0.000000000000000 ,         0.000000000000000 ,         0.000000000000000 ,         2.799412651139077 , 
   2.46000 ,         0.000000000000000 ,         0.000000000000000 ,         0.000000000000000 ,         0.000000000000000 ,         0.000000000000000 ,         3.213092204171780 , 
   2.48000 ,         0.000000000000000 ,         0.000000000000000 ,         0.000000000000000 ,         0.000000000000000 ,         0.000000000000000 ,         3.096957437500258 , 
   2.50000 ,         0.000000000000000 ,         0.000000000000000 ,         0.000000000000000 ,         0.000000000000000 ,         0.000000000000000 ,         3.365063398136399 , 
   2.52000 ,         0.000000000000000 ,         0.000000000000000 ,         0.000000000000000 ,         0.000000000000000 ,         0.000000000000000 ,         3.061910087895223 , 
   2.54000 ,         0.000000000000000 ,         0.000000000000000 ,         0.000000000000000 ,         0.000000000000000 ,         0.000000000000000 ,         2.767850006646338 , 
   2.56000 ,         0.000000000000000 ,         0.000000000000000 ,         0.000000000000000 ,         0.000000000000000 ,         0.000000000000000 ,         2.361468638150880 , 
   2.58000 ,         0.000000000000000 ,         0.000000000000000 ,         0.000000000000000 ,         0.000000000000000 ,         0.000000000000000 ,         1.669229915277616 , 
   2.60000 ,         0.000000000000000 ,         0.000000000000000 ,         0.000000000000000 ,         0.000000000000000 ,         0.000000000000000 ,         1.174034537275221 , 
   2.62000 ,         0.000000000000000 ,         0.000000000000000 ,         0.000000000000000 ,         0.000000000000000 ,         0.000000000000000 ,         0.982752018689862 , 
   2.64000 ,         0.000000000000000 ,         0.000000000000000 ,         0.000000000000000 ,         0.000000000000000 ,         0.000000000000000 ,         0.797109196255023 , 
   2.66000 ,         0.000000000000000 ,         0.000000000000000 ,         0.000000000000000 ,         0.000000000000000 ,         0.000000000000000 ,         0.392583855239735 , 
   2.68000 ,         0.000000000000000 ,         0.000000000000000 ,         0.000000000000000 ,         0.000000000000000 ,         0.000000000000000 ,         0.331496816112393 , 
   2.70000 ,         0.000000000000000 ,         0.000000000000000 ,         0.000000000000000 ,         0.000000000000000 ,         0.000000000000000 ,         0.272169969723449 , 
   2.72000 ,         0.000000000000000 ,         0.000000000000000 ,         0.000000000000000 ,         0.000000000000000 ,         0.000000000000000 ,         0.268182203207382 , 
   2.74000 ,         0.000000000000000 ,         0.000000000000000 ,         0.000000000000000 ,         0.000000000000000 ,         0.000000000000000 ,         0.422850304701352 , 
   2.76000 ,         0.000000000000000 ,         0.000000000000000 ,         0.000000000000000 ,         0.000000000000000 ,         0.000000000000000 ,         0.625116404991801 , 
   2.78000 ,         0.000000000000000 ,         0.000000000000000 ,         0.000000000000000 ,         0.000000000000000 ,         0.000000000000000 ,         0.770192896557146 , 
   2.80000 ,         0.000000000000000 ,         0.000000000000000 ,         0.000000000000000 ,         0.000000000000000 ,         0.000000000000000 ,         0.961690678544115 , 
   2.82000 ,         0.000000000000000 ,         0.000000000000000 ,         0.000000000000000 ,         0.000000000000000 ,         0.000000000000000 ,         0.948098105335702 , 
   2.84000 ,         0.000000000000000 ,         0.000000000000000 ,         0.000000000000000 ,         0.000000000000000 ,         0.000000000000000 ,         1.082390372375582 , 
   2.86000 ,         0.000000000000000 ,         0.000000000000000 ,         0.000000000000000 ,         0.000000000000000 ,         0.000000000000000 ,         1.358388230407773 , 
   2.88000 ,         0.000000000000000 ,         0.382739231844574 ,         0.000000000000000 ,         0.000000000000000 ,         0.000000000000000 ,         1.387429715436580 , 
   2.90000 ,         0.000000000000000 ,         0.754956589768418 ,         0.000000000000000 ,         0.000000000000000 ,         0.000000000000000 ,         1.604282753257888 , 
   2.92000 ,         0.000000000000000 ,         1.861625440836552 ,         0.000000000000000 ,         0.000000000000000 ,         0.000000000000000 ,         1.489300352669242 , 
   2.94000 ,         0.000000000000000 ,         2.938213522171027 ,         0.000000000000000 ,         0.000000000000000 ,         0.000000000000000 ,         1.974112210208658 , 
   2.96000 ,         0.000000000000000 ,         4.710293615758670 ,         0.000000000000000 ,         0.000000000000000 ,         0.000000000000000 ,         1.268155973473488 , 
   2.98000 ,         0.000000000000000 ,         5.362246846676823 ,         0.000000000000000 ,         0.000000000000000 ,         0.000000000000000 ,         2.100213348281756 , 
   3.00000 ,         0.000000000000000 ,         7.054651744073600 ,         0.000000000000000 ,         0.000000000000000 ,         0.000000000000000 ,         2.072303949821620 , 
   3.02000 ,         0.000000000000000 ,         9.049979106318419 ,         0.000000000000000 ,         0.000000000000000 ,         0.000000000000000 ,         2.131966231776935 , 
   3.04000 ,         0.000000000000000 ,        10.992360083832892 ,         0.000000000000000 ,         0.000000000000000 ,         0.000000000000000 ,         1.975189702563723 , 
   3.06000 ,         0.000000000000000 ,        11.188174790270754 ,         0.169517799852587 ,         0.000000000000000 ,         0.000000000000000 ,         2.415628647899367 , 
   3.08000 ,         0.000000000000000 ,        11.712639786345164 ,         0.083661712759608 ,         0.000000000000000 ,         0.000000000000000 ,         2.844498233826683 , 
   3.10000 ,         0.000000000000000 ,        12.222682534124024 ,         0.412928463990676 ,         0.000000000000000 ,         0.000000000000000 ,         2.023349473554315 , 
   3.12000 ,         0.000000000000000 ,        12.392605454000307 ,         0.163060598078951 ,         0.000000000000000 ,         0.000000000000000 ,         2.242083223585582 , 
   3.14000 ,         0.000000000000000 ,        10.625341010518197 ,         0.402475038277204 ,         0.000000000000000 ,         0.160990015310882 ,         2.334355222007786 , 
   3.16000 ,         0.000000000000000 ,         8.583765624930088 ,         0.953751736103343 ,         0.000000000000000 ,         0.000000000000000 ,         2.304900028916413 , 
   3.18000 ,         0.000000000000000 ,         6.592548370584058 ,         1.020275343066580 ,         0.000000000000000 ,         0.235448156092288 ,         2.354481560922878 , 
   3.20000 ,         0.000000000000000 ,         4.960304232216996 ,         1.317580811682640 ,         0.000000000000000 ,         0.077504753628391 ,         2.092628347966545 , 
   3.22000 ,         0.000000000000000 ,         2.143258733859071 ,         2.066713779078390 ,         0.000000000000000 ,         0.229634864342043 ,         1.416081663442601 , 
   3.24000 ,         0.000000000000000 ,         2.721703499830843 ,         1.209645999924819 ,         0.000000000000000 ,         0.680425874957711 ,         1.134043124929518 , 
   3.26000 ,         0.000000000000000 ,         0.298712323149967 ,         2.090986262049769 ,         0.000000000000000 ,         0.298712323149967 ,         1.082832171418630 , 
   3.28000 ,         0.000000000000000 ,         0.590161214783942 ,         1.622943340655841 ,         0.000000000000000 ,         0.663931366631935 ,         0.811471670327920 , 
   3.30000 ,         0.000000000000000 ,         0.583029444523162 ,         1.749088333569486 ,         0.000000000000000 ,         0.218636041696186 ,         0.838104826502046 , 
   3.32000 ,         0.000000000000000 ,         0.000000000000000 ,         2.016091603920084 ,         0.000000000000000 ,         0.288013086274298 ,         1.080049073528616 , 
   3.34000 ,         0.000000000000000 ,         0.000000000000000 ,         2.134306238647308 ,         0.000000000000000 ,         0.782578954170680 ,         0.711435412882436 , 
   3.36000 ,         0.000000000000000 ,         0.281196470146892 ,         2.390169996248585 ,         0.000000000000000 ,         0.702991175367231 ,         0.492093822757062 , 
   3.38000 ,         0.000000000000000 ,         0.000000000000000 ,         2.292498090467045 ,         0.000000000000000 ,         1.180983864786053 ,         0.937840127918336 , 
   3.40000 ,         0.000000000000000 ,         0.000000000000000 ,         2.677535459691330 ,         0.000000000000000 ,         1.098476086027212 ,         0.617892798390307 , 
   3.42000 ,         0.000000000000000 ,         0.000000000000000 ,         2.307040282534667 ,         0.000000000000000 ,         1.899915526793255 ,         0.712468322547471 , 
   3.44000 ,         0.000000000000000 ,         0.000000000000000 ,         2.146157450150973 ,         0.000000000000000 ,         2.079090029833755 ,         1.073078725075487 , 
   3.46000 ,         0.000000000000000 ,         0.000000000000000 ,         2.055123841083371 ,         0.000000000000000 ,         2.121418158537673 ,         0.994414761814534 , 
   3.48000 ,         0.000000000000000 ,         0.000000000000000 ,         1.703897144622613 ,         0.000000000000000 ,         2.293707694684287 ,         1.048552088998531 , 
   3.50000 ,         0.000000000000000 ,         0.000000000000000 ,         1.554904361254758 ,         0.000000000000000 ,         2.721082632195827 ,         0.809846021486853 , 
   3.52000 ,         0.000000000000000 ,         0.000000000000000 ,         1.152963928485454 ,         0.000000000000000 ,         2.434034960135959 ,         1.056883601111666 , 
   3.54000 ,         0.000000000000000 ,         0.000000000000000 ,         1.076641094748805 ,         0.000000000000000 ,         2.089950360394739 ,         0.854979692888757 , 
   3.56000 ,         0.000000000000000 ,         0.000000000000000 ,         0.876711307390232 ,         0.000000000000000 ,         1.753422614780465 ,         0.782777953026993 , 
   3.58000 ,         0.000000000000000 ,         0.000000000000000 ,         0.619245027071890 ,         0.000000000000000 ,         1.424263562265347 ,         1.021754294668618 , 
   3.60000 ,         0.000000000000000 ,         0.000000000000000 ,         0.306191828459742 ,         0.000000000000000 ,         1.653435873682605 ,         1.041052216763122 , 
   3.62000 ,         0.000000000000000 ,         0.000000000000000 ,         0.484508557040904 ,         0.000000000000000 ,         1.150707822972146 ,         0.878171759636638 , 
   3.64000 ,         0.000000000000000 ,         0.000000000000000 ,         0.419299061699233 ,         0.000000000000000 ,         1.138097453183633 ,         0.838598123398466 , 
   3.66000 ,         0.000000000000000 ,         0.000000000000000 ,         0.177741038642407 ,         0.000000000000000 ,         1.599669347781666 ,         0.799834673890833 , 
   3.68000 ,         0.000000000000000 ,         0.000000000000000 ,         0.293023875810049 ,         0.000000000000000 ,         1.113490728078186 ,         0.908374015011152 , 
   3.70000 ,         0.000000000000000 ,         0.000000000000000 ,         0.347837543410830 ,         0.000000000000000 ,         1.101485554134294 ,         0.898580320477977 , 
   3.72000 ,         0.000000000000000 ,         0.000000000000000 ,         0.286756181689584 ,         0.000000000000000 ,         1.376429672110005 ,         0.745566072392920 , 
   3.74000 ,         0.000000000000000 ,         0.000000000000000 ,         0.453915965186300 ,         0.000000000000000 ,         0.794352939076024 ,         1.049680669493318 , 
   3.76000 ,         0.000000000000000 ,         0.000000000000000 ,         0.561374907619974 ,         0.000000000000000 ,         0.842062361429961 ,         0.701718634524968 , 
   3.78000 ,         0.000000000000000 ,         0.000000000000000 ,         0.944265275011999 ,         0.000000000000000 ,         0.277725080885882 ,         0.694312702214705 , 
   3.80000 ,         0.000000000000000 ,         0.000000000000000 ,         1.099237435712069 ,         0.000000000000000 ,         0.164885615356810 ,         0.604580589641638 , 
   3.82000 ,         0.000000000000000 ,         0.000000000000000 ,         0.924593665963224 ,         0.000000000000000 ,         0.217551450814876 ,         0.543878627037191 , 
   3.84000 ,         0.000000000000000 ,         0.000000000000000 ,         1.130278781305424 ,         0.000000000000000 ,         0.161468397329346 ,         0.618962189762494 , 
   3.86000 ,         0.000000000000000 ,         0.000000000000000 ,         1.331662402172940 ,         0.000000000000000 ,         0.106532992173835 ,         0.426131968695341 , 
   3.88000 ,         0.000000000000000 ,         0.000000000000000 ,         1.212531789851693 ,         0.000000000000000 ,         0.263593867359064 ,         0.553547121454034 , 
   3.90000 ,         0.000000000000000 ,         0.000000000000000 ,         1.356665848429601 ,         0.000000000000000 ,         0.260897278544154 ,         0.495704829233893 , 
   3.92000 ,         0.000000000000000 ,         0.000000000000000 ,         1.601099522988963 ,         0.000000000000000 ,         0.154945115127964 ,         0.413186973674571 , 
   3.94000 ,         0.000000000000000 ,         0.000000000000000 ,         1.738262060341194 ,         0.000000000000000 ,         0.255626773579587 ,         0.511253547159175 , 
   3.96000 ,         0.000000000000000 ,         0.000000000000000 ,         1.670137991663373 ,         0.000000000000000 ,         0.657933148231025 ,         0.860374116917495 , 
   3.98000 ,         0.000000000000000 ,         0.000000000000000 ,         2.004115023738425 ,         0.000000000000000 ,         0.751543133901909 ,         0.651337382714988 , 
   4.00000 ,         0.000000000000000 ,         0.198412401802456 ,         2.281742620728247 ,         0.000000000000000 ,         0.843252707660439 ,         0.545634104956755 , 
   4.02000 ,         0.000000000000000 ,         0.000000000000000 ,         2.308206004194555 ,         0.000000000000000 ,         1.325990683260702 ,         0.589329192560312 , 
   4.04000 ,         0.000000000000000 ,         0.000000000000000 ,         2.431286270307425 ,         0.000000000000000 ,         1.458771762184455 ,         0.680760155686079 , 
   4.06000 ,         0.000000000000000 ,         0.385182681316542 ,         2.648130934051224 ,         0.000000000000000 ,         1.540730725266166 ,         0.649995774721664 , 
   4.08000 ,         0.000000000000000 ,         0.381415643701777 ,         2.574555594986996 ,         0.000000000000000 ,         1.907078218508886 ,         0.595961943284027 , 
   4.10000 ,         0.000000000000000 ,         0.188851799376921 ,         2.502286341744208 ,         0.000000000000000 ,         2.360647492211517 ,         0.849833097196146 , 
   4.12000 ,         0.000000000000000 ,         0.561068221880245 ,         2.618318368774474 ,         0.000000000000000 ,         2.010494461737543 ,         0.724713119928649 , 
   4.14000 ,         0.000000000000000 ,         0.370440251649027 ,         2.546776730087061 ,         0.000000000000000 ,         2.593081761543190 ,         0.740880503298054 , 
   4.16000 ,         0.000000000000000 ,         1.100660685952907 ,         2.384764819564632 ,         0.000000000000000 ,         2.522347405308746 ,         0.481539050104397 , 
   4.18000 ,         0.000000000000000 ,         1.271845476480219 ,         2.225729583840383 ,         0.000000000000000 ,         3.179613691200547 ,         0.408807474582927 , 
   4.20000 ,         0.000000000000000 ,         1.439727457470123 ,         2.114599703159243 ,         0.719863728735062 ,         3.194395296261836 ,         0.629880762643179 , 
   4.22000 ,         0.000000000000000 ,         2.495697951880723 ,         2.050037603330594 ,         0.000000000000000 ,         2.852226230720826 ,         0.423377331122623 , 
   4.24000 ,         0.000000000000000 ,         2.295622832461356 ,         1.589277345550169 ,         1.059518230366780 ,         3.708313806283729 ,         0.838785265707034 , 
   4.26000 ,         0.000000000000000 ,         2.449050505917450 ,         2.142919192677769 ,         1.399457431952829 ,         2.755181819157131 ,         0.612262626479363 , 
   4.28000 ,         1.039806729588383 ,         2.772817945569023 ,         1.733011215980639 ,         1.386408972784511 ,         2.599516823970959 ,         0.476578084394676 , 
   4.30000 ,         1.373542160949136 ,         2.575391551779630 ,         1.545234931067778 ,         1.030156620711852 ,         3.390932209843180 ,         0.386308732766944 , 
   4.32000 ,         2.721707280832069 ,         3.061920690936078 ,         1.105693582838028 ,         3.402134101040087 ,         2.168860489413055 ,         0.510320115156013 , 
   4.34000 ,         2.359595231531249 ,         2.191052714993303 ,         1.685425165379464 ,         2.022510198455356 ,         2.949494039414061 ,         0.358152847643136 , 
   4.36000 ,         4.341994906472159 ,         2.671996865521329 ,         0.751499118427874 ,         3.005996473711495 ,         2.463247110402475 ,         0.438374485749593 , 
   4.38000 ,         4.964345290934534 ,         1.820259940009329 ,         1.034238602278028 ,         4.964345290934534 ,         1.737520851827087 ,         0.372325896820090 , 
   4.40000 ,         6.231135532735087 ,         0.819886254307248 ,         0.819886254307248 ,         5.903181031012188 ,         1.762755446760584 ,         0.266463032649856 , 
   4.42000 ,         6.174872841934763 ,         1.462469883616128 ,         0.731234941808064 ,         5.524886226994262 ,         1.299973229881003 ,         0.142184572018235 , 
   4.44000 ,         6.441440781427461 ,         0.966216117214119 ,         0.885698107446276 ,         3.864864468856476 ,         1.368806166053335 ,         0.181165521977647 , 
   4.46000 ,         5.745419675597127 ,         0.319189981977618 ,         1.236861180163270 ,         3.511089801753799 ,         1.516152414393686 ,         0.079797495494405 , 
   4.48000 ,         6.010582313532628 ,         0.000000000000000 ,         1.067669226745927 ,         3.163464375543489 ,         0.869952703274459 ,         0.177944871124321 , 
   4.50000 ,         4.076029394547665 ,         0.156770361328756 ,         1.175777709965673 ,         5.016651562520203 ,         1.332548071294429 ,         0.137174066162662 , 
   4.52000 ,         3.107721692233019 ,         0.310772169223302 ,         1.165395634587382 ,         4.972354707572831 ,         1.320781719199033 ,         0.116539563458738 , 
   4.54000 ,         3.080401238704383 ,         0.616080247740877 ,         0.962625387095120 ,         2.772361114833945 ,         1.001130402578924 ,         0.134767554193317 , 
   4.56000 ,         2.748095527631783 ,         0.000000000000000 ,         0.877863849104597 ,         3.358783422661068 ,         1.068703816301249 ,         0.076335986878661 , 
   4.58000 ,         1.210732059979448 ,         0.151341507497431 ,         1.097225929356374 ,         1.816098089969171 ,         1.286402813728163 ,         0.321600703432041 , 
   4.60000 ,         0.000000000000000 ,         0.150028357355424 ,         1.387762305537676 ,         1.800340288265094 ,         1.087705590826828 ,         0.318810259380277 , 
   4.62000 ,         0.000000000000000 ,         0.000000000000000 ,         1.152674737052833 ,         1.784786689630192 ,         0.929576400849059 ,         0.409013616373586 , 
   4.64000 ,         0.589811260309934 ,         0.147452815077484 ,         0.737264075387418 ,         1.769433780929803 ,         0.774127279156789 ,         0.718832473502733 , 
   4.66000 ,         0.000000000000000 ,         0.000000000000000 ,         0.950233983972031 ,         0.000000000000000 ,         0.804044140284027 ,         0.913686523050030 , 
   4.68000 ,         0.579772118334376 ,         0.000000000000000 ,         0.688479390522071 ,         1.449430295835940 ,         0.616007875730274 ,         0.797186662709767 , 
   4.70000 ,         0.862272589999841 ,         0.000000000000000 ,         0.826344565416515 ,         1.149696786666455 ,         0.502992344166574 ,         0.844308577708178 , 
   4.72000 ,         1.994954938312735 ,         0.142496781308052 ,         0.427490343924157 ,         1.139974250464420 ,         0.641235515886236 ,         0.837168590184808 , 
   4.74000 ,         2.543342679612383 ,         0.000000000000000 ,         0.423890446602064 ,         0.282593631068043 ,         0.812456689320622 ,         1.148036626213923 , 
   4.76000 ,         2.522014983907491 ,         0.700559717752081 ,         0.420335830651249 ,         2.802238871008323 ,         0.455363816538853 ,         1.103381555459527 , 
   4.78000 ,         3.056722091969513 ,         0.694709566356707 ,         0.486296696449695 ,         1.111535306170732 ,         0.521032174767530 ,         1.615199741779345 , 
   4.80000 ,         3.582448424144498 ,         0.688932389258557 ,         0.482252672480990 ,         3.582448424144498 ,         0.723379008721485 ,         1.791224212072249 , 
   4.82000 ,         5.465815822281828 ,         0.273290791114091 ,         0.375774837781876 ,         2.186326328912731 ,         0.649065628895967 ,         1.827632165575486 , 
   4.84000 ,         4.878663466932819 ,         0.813110577822136 ,         0.338796074092557 ,         5.420737185480910 ,         0.440434896320324 ,         2.269933696420131 , 
   4.86000 ,         5.107403231701412 ,         1.209648133824019 ,         0.268810696405338 ,         5.913835320917425 ,         0.571222729861342 ,         2.083282897141366 , 
   4.88000 ,         5.865460660710739 ,         0.933141468749436 ,         0.466570734374718 ,         7.198519901781362 ,         0.466570734374718 ,         1.849619696985489 , 
   4.90000 ,         5.288797393177620 ,         1.322199348294405 ,         0.231384885951521 ,         7.404316350448668 ,         0.727209641561923 ,         2.396486318783609 , 
   4.92000 ,         4.721297845053463 ,         1.967207435438943 ,         0.098360371771947 ,         8.655712715931347 ,         0.426228277678438 ,         2.704910223728546 , 
   4.94000 ,         6.504369655172987 ,         1.300873931034597 ,         0.097565544827595 ,         4.422971365517632 ,         0.325218482758649 ,         2.325312151724343 , 
   4.96000 ,         4.645455038883473 ,         2.580808354935263 ,         0.129040417746763 ,         4.129293367896421 ,         0.612941984297125 ,         2.129166892821592 , 
   4.98000 ,         3.840180935450623 ,         2.560120623633749 ,         0.160007538977109 ,         3.584168873087248 ,         0.544025632522172 ,         2.160101776190976 , 
   5.00000 ,         2.793648712610754 ,         2.158728550653765 ,         0.222222056684946 ,         3.555552906959142 ,         0.920634234837635 ,         2.317458591143012 , 
   5.02000 ,         3.527278281950526 ,         1.763639140975263 ,         0.220454892621908 ,         1.259742243553759 ,         0.913313126576475 ,         1.747892362930841 , 
   5.04000 ,         2.999433934906994 ,         1.249764139544581 ,         0.093732310465844 ,         1.749669795362413 ,         0.499905655817832 ,         2.108976985481480 , 
   5.06000 ,         1.239904118784975 ,         0.991923295027980 ,         0.309976029696244 ,         2.479808237569950 ,         1.053918500967228 ,         2.107837001934457 , 
   5.08000 ,         1.476192390438779 ,         0.738096195219390 ,         0.184524048804847 ,         1.230160325365649 ,         0.984128260292519 ,         1.983633524652109 , 
   5.10000 ,         0.976424751756882 ,         0.976424751756882 ,         0.396672555401233 ,         0.488212375878441 ,         1.006938025249284 ,         1.556176948112530 , 
   5.12000 ,         0.968811342124055 ,         0.242202835531014 ,         0.605507088827534 ,         0.242202835531014 ,         0.817434569917171 ,         1.634869139834342 , 
   5.14000 ,         0.000000000000000 ,         0.360482486929219 ,         0.690924766614336 ,         0.961286631811249 ,         1.051407253543554 ,         1.577110880315331 , 
   5.16000 ,         0.000000000000000 ,         0.715386936229980 ,         0.685579147220398 ,         1.669236184536620 ,         0.924041459297058 ,         1.251927138402465 , 
   5.18000 ,         0.000000000000000 ,         0.118312230692931 ,         1.064810076236380 ,         0.709873384157587 ,         0.769029499504052 ,         1.464113854825022 , 
   5.20000 ,         0.234807775822714 ,         0.000000000000000 ,         1.056634991202214 ,         1.878462206581714 ,         0.763125271423821 ,         1.423522140925205 , 
   5.22000 ,         0.699035794920913 ,         0.000000000000000 ,         1.019427200926331 ,         0.932047726561217 ,         0.873794743651141 ,         1.470887818479421 , 
   5.24000 ,         0.693709833774803 ,         0.000000000000000 ,         1.242896785513189 ,         0.924946445033071 ,         0.896041868625787 ,         1.387419667549606 , 
   5.26000 ,         1.835852024978998 ,         0.000000000000000 ,         0.917926012489499 ,         1.147407515611874 ,         0.659759321476827 ,         1.133064921666725 , 
   5.28000 ,         1.821970412542662 ,         0.000000000000000 ,         1.024858357055247 ,         0.910985206271331 ,         0.683238904703498 ,         1.209902227079112 , 
   5.30000 ,         1.808245653489545 ,         0.113015353343097 ,         0.960630503416321 ,         1.130153533430966 ,         0.847615150073224 ,         1.045392018423643 , 
   5.32000 ,         0.897337696783017 ,         0.000000000000000 ,         1.233839333076649 ,         3.140681938740560 ,         0.729086878636201 ,         1.388069249711230 , 
   5.34000 ,         1.558600157207487 ,         0.111328582657678 ,         1.141117972241195 ,         0.890628661261421 ,         0.779300078603743 ,         1.182866190737825 , 
   5.36000 ,         1.988987819773144 ,         0.110499323320730 ,         0.801120094075294 ,         1.767989173131683 ,         0.856369755735659 ,         1.132618064037485 , 
   5.38000 ,         1.316151540170614 ,         0.329037885042654 ,         0.932274007620852 ,         1.754868720227486 ,         0.658075770085307 ,         1.343571363924169 , 
   5.40000 ,         2.612840669663088 ,         0.544341806179810 ,         0.625993077106782 ,         0.653210167415772 ,         0.462690535252839 ,         1.020640886587144 , 
   5.42000 ,         1.729062207961817 ,         0.972597491978522 ,         0.459282148989858 ,         1.080663879976135 ,         0.621381730986278 ,         1.364338148469871 , 
   5.44000 ,         1.716371900308842 ,         1.072732437693027 ,         0.536366218846513 ,         1.072732437693027 ,         0.509547907904188 ,         1.233642303346981 , 
   5.46000 ,         0.638932796554237 ,         1.703820790811297 ,         0.692177196267090 ,         1.064887994257061 ,         0.372710797989971 ,         1.264554493180260 , 
   5.48000 ,         0.634277569160934 ,         2.537110276643737 ,         0.317138784580467 ,         0.845703425547912 ,         0.792846961451168 ,         0.938202237717215 , 
   5.50000 ,         0.209891011200166 ,         1.574182584001244 ,         0.708382162800560 ,         0.209891011200166 ,         0.918273174000726 ,         1.233109690800974 , 
   5.52000 ,         0.208372818847518 ,         1.250236913085111 ,         0.859537877746014 ,         0.416745637695037 ,         0.911631082457893 ,         1.185120407195261 , 
   5.54000 ,         0.413742078579855 ,         1.758403833964385 ,         0.543036478136060 ,         0.206871039289928 ,         0.827484157159711 ,         1.060214076360879 , 
   5.56000 ,         0.410770873595494 ,         1.745776212780849 ,         0.513463591994367 ,         0.205385436797747 ,         0.847214926790706 ,         1.026927183988735 , 
   5.58000 ,         0.203915779858281 ,         2.039157798582814 ,         0.433321032198848 ,         0.000000000000000 ,         0.994089426809122 ,         0.853897328156553 , 
   5.60000 ,         0.000000000000000 ,         1.619694728684699 ,         0.531462332849667 ,         0.202461841085587 ,         1.062924665699334 ,         0.784539634206651 , 
   5.62000 ,         0.000000000000000 ,         1.306652081361336 ,         0.326663020340334 ,         0.000000000000000 ,         1.356907930644464 ,         1.155884533511951 , 
   5.64000 ,         0.000000000000000 ,         0.499000571512303 ,         0.773450885844070 ,         0.000000000000000 ,         1.122751285902682 ,         1.122751285902682 , 
   5.66000 ,         0.198192119978026 ,         0.495480299945065 ,         0.619350374931332 ,         0.198192119978026 ,         1.213926734865410 ,         1.238700749862663 , 
   5.68000 ,         0.000000000000000 ,         0.000000000000000 ,         0.934794582695269 ,         0.393597719029587 ,         1.205393014528110 ,         1.008594155013316 , 
   5.70000 ,         0.390840478372673 ,         0.097710119593168 ,         0.683970837152179 ,         0.000000000000000 ,         1.392369204202649 ,         0.977101195931684 , 
   5.72000 ,         0.582168163782786 ,         0.097028027297131 ,         0.606425170607069 ,         0.194056054594262 ,         1.237107348038420 ,         1.103693810504865 , 
   5.74000 ,         0.385412209789801 ,         0.000000000000000 ,         0.794912682691465 ,         0.192706104894901 ,         1.324854471152441 ,         1.108060103145678 , 
   5.76000 ,         0.765480770901528 ,         0.000000000000000 ,         0.717638222720182 ,         0.191370192725382 ,         1.435276445440364 ,         1.100378608170946 , 
   5.78000 ,         1.140288744788960 ,         0.000000000000000 ,         0.641412418943790 ,         0.570144372394480 ,         1.401604915469764 ,         1.009630659448558 , 
   5.80000 ,         0.943698542486391 ,         0.000000000000000 ,         0.896513615362072 ,         0.566219125491835 ,         1.321177959480947 ,         1.014475933172870 , 
   5.82000 ,         0.562334275428972 ,         0.000000000000000 ,         0.866932007952999 ,         1.124668550857944 ,         1.710433421096457 ,         1.194960335286566 , 
   5.84000 ,         1.116978539548178 ,         0.000000000000000 ,         0.861004290901721 ,         0.930815449623482 ,         1.698738195562854 ,         1.140248925788765 , 
   5.86000 ,         1.294261652848294 ,         0.000000000000000 ,         0.878248978718485 ,         1.664050696519235 ,         1.687162511748669 ,         0.959140332021504 , 
   5.88000 ,         1.836388762748212 ,         0.000000000000000 ,         0.803420083702343 ,         1.836388762748212 ,         1.560930448335980 ,         0.849329802771048 , 
   5.90000 ,         1.459167826556992 ,         0.000000000000000 ,         1.071576372627791 ,         0.911979891598120 ,         1.664363302166569 ,         0.843581399728261 , 
   5.92000 ,         1.630490903968787 ,         0.000000000000000 ,         1.019056814980492 ,         1.811656559965319 ,         1.313451005974856 ,         0.837891158983960 , 
   5.94000 ,         0.899738701112422 ,         0.000000000000000 ,         1.327114584140822 ,         1.619529662002359 ,         1.349608051668632 ,         0.978465837459758 , 
   5.96000 ,         1.429936517972891 ,         0.000000000000000 ,         1.139480662759647 ,         1.072452388479668 ,         1.318222727506259 ,         0.748482396126435 , 
   5.98000 ,         1.065290796560975 ,         0.000000000000000 ,         1.420387728747967 ,         0.887742330467480 ,         0.932129446990854 ,         0.765677760028201 , 
   6.00000 ,         1.234567484554303 ,         0.000000000000000 ,         1.388888420123591 ,         0.352733567015515 ,         0.881833917538788 ,         0.683421286092561 , 
   6.02000 ,         0.350393717799845 ,         0.000000000000000 ,         1.664370159549265 ,         1.051181153399536 ,         0.744586650324671 ,         0.766486257687162 , 
   6.04000 ,         0.174038536793548 ,         0.000000000000000 ,         1.849159453431446 ,         0.522115610380644 ,         0.609134878777417 ,         0.641767104426208 , 
   6.06000 ,         0.000000000000000 ,         0.000000000000000 ,         1.815362474872400 ,         0.172891664273562 ,         0.518674992820686 ,         0.821235405299419 , 
   6.08000 ,         0.171756090935796 ,         0.000000000000000 ,         1.760499932091913 ,         0.515268272807389 ,         0.364981693238567 ,         0.740698142160622 , 
   6.10000 ,         0.000000000000000 ,         0.000000000000000 ,         1.684987729772007 ,         0.170631668837672 ,         0.533223965117724 ,         0.597210840931851 , 
   6.12000 ,         0.000000000000000 ,         0.000000000000000 ,         1.737562087612599 ,         0.169518252450010 ,         0.339036504900019 ,         0.625098555909411 , 
   6.14000 ,         0.000000000000000 ,         0.000000000000000 ,         1.494689325163250 ,         0.168415698609944 ,         0.484195133503588 ,         0.515773076992953 , 
   6.16000 ,         0.000000000000000 ,         0.000000000000000 ,         1.694154148058328 ,         0.167323866474897 ,         0.292816766331069 ,         0.439225149496604 , 
   6.18000 ,         0.000000000000000 ,         0.000000000000000 ,         1.496183557298396 ,         0.000000000000000 ,         0.353265562139899 ,         0.540288506802199 , 
   6.20000 ,         0.000000000000000 ,         0.000000000000000 ,         1.424606906808326 ,         0.000000000000000 ,         0.330343630564250 ,         0.495515445846374 , 
   6.22000 ,         0.000000000000000 ,         0.000000000000000 ,         1.169293195903967 ,         0.000000000000000 ,         0.369250482917042 ,         0.594903555810790 , 
   6.24000 ,         0.000000000000000 ,         0.000000000000000 ,         1.100661863755922 ,         0.000000000000000 ,         0.448417796345005 ,         0.611478813197734 , 
   6.26000 ,         0.000000000000000 ,         0.081010379360819 ,         0.992377147170038 ,         0.000000000000000 ,         0.486062276164917 ,         0.546820060685531 , 
   6.28000 ,         0.000000000000000 ,         0.000000000000000 ,         0.925694935221547 ,         0.000000000000000 ,         0.724456905825559 ,         0.533280777899370 , 
   6.30000 ,         0.000000000000000 ,         0.239954828149756 ,         0.759856955807560 ,         0.000000000000000 ,         1.059800490994755 ,         0.479909656299512 , 
   6.32000 ,         0.000000000000000 ,         0.556356572286170 ,         0.715315592939362 ,         0.000000000000000 ,         1.013363756664095 ,         0.476877061959574 , 
   6.34000 ,         0.000000000000000 ,         0.394894268272842 ,         0.789788536545685 ,         0.000000000000000 ,         1.125448664577601 ,         0.641703185943369 , 
   6.36000 ,         0.000000000000000 ,         0.549380389062501 ,         0.882932768136163 ,         0.000000000000000 ,         1.157622962667414 ,         0.569001117243305 , 
   6.38000 ,         0.000000000000000 ,         1.091882798913903 ,         0.740920470691577 ,         0.000000000000000 ,         1.423347220012767 ,         0.506945585210027 , 
   6.40000 ,         0.000000000000000 ,         1.240079085581224 ,         0.813801899912678 ,         0.000000000000000 ,         1.472593914127703 ,         0.503782128517372 , 
   6.42000 ,         0.000000000000000 ,         1.078319180040753 ,         1.020552081109999 ,         0.000000000000000 ,         1.559711671130376 ,         0.471764641267830 , 
   6.44000 ,         0.000000000000000 ,         1.683993065559547 ,         1.052495665974717 ,         0.000000000000000 ,         1.205585944661948 ,         0.497543405733502 , 
   6.46000 ,         0.000000000000000 ,         2.282157291013791 ,         0.855808984130172 ,         0.000000000000000 ,         1.236168532632470 ,         0.637102243741350 , 
   6.48000 ,         0.000000000000000 ,         2.494900816424191 ,         0.793832077953152 ,         0.000000000000000 ,         1.323053463255253 ,         0.623725204106048 , 
   6.50000 ,         0.000000000000000 ,         2.329294169870482 ,         0.920446889706884 ,         0.000000000000000 ,         1.258570236946147 ,         0.666854379277436 , 
   6.52000 ,         0.000000000000000 ,         2.539060719554924 ,         0.858799949261224 ,         0.000000000000000 ,         1.232191231548713 ,         0.718778218403416 , 
   6.54000 ,         0.000000000000000 ,         2.003999601367170 ,         1.076222008141628 ,         0.000000000000000 ,         1.280333078651247 ,         0.667999867122390 , 
   6.56000 ,         0.000000000000000 ,         1.770487758537655 ,         1.106554849086035 ,         0.000000000000000 ,         1.180325172358437 ,         0.820694846405476 , 
   6.58000 ,         0.000000000000000 ,         1.833063833540962 ,         1.063177023453758 ,         0.000000000000000 ,         1.154830215130806 ,         0.733225533416385 , 
   6.60000 ,         0.000000000000000 ,         1.384698109562233 ,         1.202500989882992 ,         0.000000000000000 ,         1.111402430043371 ,         0.728788478716965 , 
   6.62000 ,         0.000000000000000 ,         1.666100629849832 ,         1.068477577838479 ,         0.000000000000000 ,         0.869269893834695 ,         0.914544367471919 , 
   6.64000 ,         0.000000000000000 ,         1.008048088315644 ,         1.368065262714089 ,         0.000000000000000 ,         1.188056675514867 ,         0.567027049677550 , 
   6.66000 ,         0.000000000000000 ,         0.715716314707721 ,         1.270396458606205 ,         0.000000000000000 ,         1.145146103532354 ,         0.724662768641568 , 
   6.68000 ,         0.000000000000000 ,         0.498005905059014 ,         1.405088089273647 ,         0.000000000000000 ,         0.996011810118028 ,         0.729222932407842 , 
   6.70000 ,         0.000000000000000 ,         0.353597982319687 ,         1.520471323974652 ,         0.000000000000000 ,         0.795595460219295 ,         0.716035914197365 , 
   6.72000 ,         0.000000000000000 ,         0.351496366044515 ,         1.441135100782510 ,         0.000000000000000 ,         0.720567550391255 ,         0.799654232751270 , 
   6.74000 ,         0.000000000000000 ,         0.489178803021557 ,         1.397653722918735 ,         0.000000000000000 ,         0.751238876068820 ,         0.716297532995852 , 
   6.76000 ,         0.000000000000000 ,         0.416818746751644 ,         1.493600509193392 ,         0.000000000000000 ,         0.642595567908785 ,         0.720749082924718 , 
   6.78000 ,         0.000000000000000 ,         0.552484357178909 ,         1.398476029109115 ,         0.000000000000000 ,         0.742400854959160 ,         0.681972878392716 , 
   6.80000 ,         0.000000000000000 ,         0.274619615405643 ,         1.441752980879625 ,         0.000000000000000 ,         0.806695120254076 ,         0.780949531309797 , 
   6.82000 ,         0.000000000000000 ,         0.819033918049848 ,         1.279740496952887 ,         0.000000000000000 ,         0.836097124675886 ,         0.648401851789463 , 
   6.84000 ,         0.000000000000000 ,         0.949959793844215 ,         1.204413310052487 ,         0.000000000000000 ,         0.882105522855343 ,         0.797287684119252 , 
   6.86000 ,         0.000000000000000 ,         0.809510355535402 ,         1.197400734229449 ,         0.000000000000000 ,         0.944428748124636 ,         0.952861147661463 , 
   6.88000 ,         0.000000000000000 ,         1.475486364124481 ,         1.106614773093360 ,         0.000000000000000 ,         0.637141839053753 ,         0.897028641825679 , 
   6.90000 ,         0.000000000000000 ,         1.533624550696498 ,         1.083539084731221 ,         0.000000000000000 ,         0.733472611202673 ,         0.883501099857765 , 
   6.92000 ,         0.000000000000000 ,         1.259594662005200 ,         1.127005750215179 ,         0.000000000000000 ,         0.994416838425158 ,         0.894975154582642 , 
   6.94000 ,         0.000000000000000 ,         2.175125902157276 ,         0.889824232700704 ,         0.131825812251956 ,         0.642650834728286 ,         0.898063345966451 , 
   6.96000 ,         0.000000000000000 ,         1.900504584589319 ,         0.835566670810821 ,         0.000000000000000 ,         0.802799350386868 ,         1.089513404096463 , 
   6.98000 ,         0.000000000000000 ,         2.410906031398524 ,         0.651596224702304 ,         0.130319244940461 ,         0.504987074144285 ,         1.124003487611474 , 
   7.00000 ,         0.000000000000000 ,         2.202785673912975 ,         0.777453767263403 ,         0.000000000000000 ,         0.809847674232712 ,         0.923226348625291 , 
   7.02000 ,         0.000000000000000 ,         1.996994540500526 ,         0.756925350028425 ,         0.128838357451647 ,         0.660296581939690 ,         1.191754806427733 , 
   7.04000 ,         0.000000000000000 ,         1.152966254808965 ,         0.896751531518084 ,         0.256214723290881 ,         0.720603909255603 ,         1.481241369025406 , 
   7.06000 ,         0.000000000000000 ,         1.337516979319457 ,         0.843909522665848 ,         0.127382569458996 ,         0.939446449760095 ,         1.313632747545895 , 
   7.08000 ,         0.253327821788187 ,         0.949979331705702 ,         0.759983465364561 ,         0.633319554470468 ,         1.013311287152749 ,         1.393303019835029 , 
   7.10000 ,         0.503805267748052 ,         1.259513169370130 ,         0.566780926216558 ,         0.881659218559091 ,         0.834427474707711 ,         1.448440144775649 , 
   7.12000 ,         0.626223597709813 ,         0.500978878167850 ,         0.861057446850993 ,         1.127202475877664 ,         0.970646576450210 ,         1.534247814389042 , 
   7.14000 ,         0.871808361303849 ,         0.373632154844507 ,         0.918512380659412 ,         1.245440516148355 ,         1.074192445177956 ,         1.338848554859482 , 
   7.16000 ,         1.486190963967374 ,         0.805020105482328 ,         0.712133170234367 ,         0.866944728980969 ,         0.990793975978250 ,         1.331379405220773 , 
   7.18000 ,         1.724243366315242 ,         0.800541562932077 ,         0.985281923608710 ,         1.231602404510888 ,         0.892911743270393 ,         1.123837194116185 , 
   7.20000 ,         1.102292708785845 ,         0.612384838214358 ,         1.209460055473357 ,         1.592200579357331 ,         1.331937023116229 ,         1.416139938370703 , 
   7.22000 ,         1.461592381548611 ,         1.644291429242187 ,         1.020069682955801 ,         1.826990476935763 ,         0.974394921032407 ,         1.248443492572772 , 
   7.24000 ,         1.816910555116901 ,         1.695783184775774 ,         1.029582647899577 ,         2.664802147504788 ,         0.878173434973169 ,         1.286978309874471 , 
   7.26000 ,         1.806913823568518 ,         2.348987970639074 ,         1.159436370123132 ,         1.565991980426049 ,         0.948629757373472 ,         1.287426099292569 , 
   7.28000 ,         2.276199201201590 ,         2.994998948949460 ,         1.003324647898069 ,         0.958399663663827 ,         0.958399663663827 ,         1.250412061186400 , 
   7.30000 ,         1.906310711560564 ,         3.872193632857396 ,         1.012727565516550 ,         2.144599550505635 ,         0.938262303346215 ,         1.027620617950617 , 
   7.32000 ,         1.421930962860303 ,         4.799016999653523 ,         1.125695345597740 ,         1.421930962860303 ,         0.785024385745792 ,         1.110883564734612 , 
   7.34000 ,         1.649891345915972 ,         5.303222183301339 ,         0.869139191152164 ,         0.471397527404563 ,         1.075375609391660 ,         1.141665886682927 , 
   7.36000 ,         1.054887900291279 ,         5.977698101650581 ,         1.054887900291279 ,         1.054887900291279 ,         0.659304937682049 ,         1.120818394059484 , 
   7.38000 ,         1.282328790780759 ,         5.828767230821631 ,         0.888887002700299 ,         0.699452067698596 ,         0.947174675008515 ,         1.260470913665178 , 
   7.40000 ,         0.927568476304369 ,         5.333518738750120 ,         1.202940367707228 ,         1.043514535842415 ,         1.000034763515647 ,         1.173953852822716 , 
   7.42000 ,         0.345965568459444 ,         6.227380232269998 ,         1.109972865474051 ,         0.345965568459444 ,         0.864913921148611 ,         1.131595713502766 , 
   7.44000 ,         0.573513399467188 ,         5.276323275098132 ,         1.218715973867775 ,         0.458810719573751 ,         0.888945769174142 ,         1.161364633921056 , 
   7.46000 ,         0.228176953842219 ,         5.133981461449933 ,         1.155145828826235 ,         0.228176953842219 ,         0.898446755753738 ,         1.497411259589564 , 
   7.48000 ,         0.453916776468604 ,         3.971771794100289 ,         1.404305027199745 ,         0.226958388234302 ,         0.950388250731141 ,         1.425582376096711 , 
   7.50000 ,         0.902998232558851 ,         3.499118151165546 ,         1.171075832849759 ,         0.677248674419138 ,         1.058201053779903 ,         1.425044085756936 , 
   7.52000 ,         0.224550360127110 ,         4.154181662351530 ,         1.150820595651437 ,         0.673651080381329 ,         0.828029452968717 ,         1.438525744564296 , 
   7.54000 ,         0.558401730337743 ,         2.959529170790040 ,         1.298284023035253 ,         0.558401730337743 ,         1.047003244383269 ,         1.521644715170351 , 
   7.56000 ,         1.110902267252543 ,         3.054981234944495 ,         0.999812040527289 ,         1.110902267252543 ,         0.972039483845976 ,         1.451116086598635 , 
   7.58000 ,         1.768076357496716 ,         2.154843060699122 ,         1.077421530349561 ,         0.773533406404813 ,         0.994542951091903 ,         1.388216202565781 , 
   7.60000 ,         1.538935074352025 ,         1.923668842940031 ,         1.154201305764019 ,         1.978630809881174 ,         0.975574913205301 ,         1.284735977249235 , 
   7.62000 ,         1.968257932993352 ,         1.749562607105202 ,         1.011465882232695 ,         1.749562607105202 ,         1.038802797968714 ,         1.401016931470963 , 
   7.64000 ,         2.175518235282863 ,         1.957966411754577 ,         0.897401272054181 ,         1.631638676462147 ,         0.883804283083663 ,         1.318907930140236 , 
   7.66000 ,         2.488798563610856 ,         1.082086332004720 ,         0.879195144753835 ,         2.488798563610856 ,         1.271451440105546 ,         1.399949192031107 , 
   7.68000 ,         2.475852956653601 ,         1.291749368688835 ,         0.753520465068487 ,         2.691144518101741 ,         1.237926478326801 ,         1.507040930136975 , 
   7.70000 ,         3.212619252282902 ,         0.642523850456580 ,         0.883470294377798 ,         3.212619252282902 ,         0.963785775684870 ,         1.305126571239929 , 
   7.72000 ,         2.876395614979457 ,         0.585932440088408 ,         0.945481891960840 ,         3.515594640530447 ,         1.105281648348588 ,         1.258423081553512 , 
   7.74000 ,         3.179499705744147 ,         0.476924955861622 ,         0.940601996282644 ,         2.119666470496099 ,         0.967097827163845 ,         1.245304051416458 , 
   7.76000 ,         2.952256217057421 ,         0.369032027132178 ,         0.830322061047400 ,         3.901195715397306 ,         1.093916366141812 ,         1.074146793259731 , 
   7.78000 ,         3.356682331535192 ,         0.209792645720950 ,         0.826058542526239 ,         2.202822780069970 ,         0.996515067174510 ,         0.996515067174510 , 
   7.80000 ,         3.130772488429959 ,         0.156538624421498 ,         0.795738007475948 ,         1.774104410110310 ,         0.952276631897446 ,         1.017501058739737 , 
   7.82000 ,         2.180345155880085 ,         0.103825959803814 ,         1.025281353062659 ,         2.595648995095339 ,         0.830607678430508 ,         0.850075045893724 , 
   7.84000 ,         1.652750583595812 ,         0.000000000000000 ,         1.084617570484752 ,         2.375828963918980 ,         0.916760089338302 ,         0.839287405732248 , 
   7.86000 ,         1.130490861932804 ,         0.051385948269673 ,         1.002025991258622 ,         1.747122241168879 ,         1.079104913663131 ,         0.886407607651858 , 
   7.88000 ,         0.715756118710658 ,         0.000000000000000 ,         1.048071459540607 ,         1.329261363319794 ,         1.073634178065987 ,         0.913867187282358 , 
   7.90000 ,         0.406935215128682 ,         0.000000000000000 ,         1.093638390658333 ,         0.508669018910853 ,         1.030054763294477 ,         0.953754410457849 , 
   7.92000 ,         0.101220645711384 ,         0.000000000000000 ,         1.113427102825220 ,         0.506103228556918 ,         1.012206457113836 ,         0.923638392116375 , 
   7.94000 ,         0.100711360520762 ,         0.000000000000000 ,         0.981935765077429 ,         0.302134081562286 ,         1.044880365402905 ,         0.856046564426476 , 
   7.96000 ,         0.000000000000000 ,         0.000000000000000 ,         1.039636309359556 ,         0.100205909335861 ,         0.826698752020851 ,         0.933167530690203 , 
   7.98000 ,         0.099704253768772 ,         0.000000000000000 ,         0.884875252197854 ,         0.199408507537545 ,         1.084283759735399 ,         0.853717672895113 , 
   8.00000 ,         0.099206355910836 ,         0.000000000000000 ,         1.029265942574927 ,         0.099206355910836 ,         0.905257997686381 ,         0.762648861064554 , 
   8.02000 ,         0.296136534976436 ,         0.000000000000000 ,         0.789697426603828 ,         0.000000000000000 ,         1.233902229068482 ,         0.832884004621225 , 
   8.04000 ,         0.098221684041173 ,         0.000000000000000 ,         0.883995156370561 ,         0.196443368082347 ,         1.068160813947762 ,         0.969939129906588 , 
   8.06000 ,         0.293204509633587 ,         0.000000000000000 ,         0.830746110628497 ,         0.390939346178116 ,         1.307203438783077 ,         0.867396674332696 , 
   8.08000 ,         0.291754799320474 ,         0.000000000000000 ,         1.021141797621659 ,         0.291754799320474 ,         1.142706297338523 ,         0.893499072918951 , 
   8.10000 ,         0.193543876221332 ,         0.000000000000000 ,         1.040298334689657 ,         0.967719381106658 ,         1.173359749591823 ,         0.943526396578992 , 
   8.12000 ,         0.674070714637284 ,         0.000000000000000 ,         1.083327934238492 ,         1.059253980144304 ,         1.011106071955926 ,         0.926847232626266 , 
   8.14000 ,         0.958231998241069 ,         0.000000000000000 ,         1.042077298087163 ,         0.958231998241069 ,         1.054055198065176 ,         0.988176748186103 , 
   8.16000 ,         1.144248649564515 ,         0.000000000000000 ,         1.156167906330813 ,         1.334956757825268 ,         1.132329392798219 ,         0.798590203341901 , 
   8.18000 ,         1.802878562453550 ,         0.000000000000000 ,         1.020049712967140 ,         1.423325180884382 ,         1.031910756141177 ,         0.818411979008520 , 
   8.20000 ,         1.605242682032057 ,         0.000000000000000 ,         1.227538521553926 ,         2.077372882629721 ,         0.885244126120620 ,         0.985571793747623 , 
   8.22000 ,         2.443144735946323 ,         0.000000000000000 ,         0.916179275979871 ,         1.691407894116685 ,         1.057129933822928 ,         0.957289884517430 , 
   8.24000 ,         2.431299208973019 ,         0.000000000000000 ,         0.970181895888272 ,         2.805345241122715 ,         0.981870834392950 ,         0.905892734112543 , 
   8.26000 ,         2.233421190203910 ,         0.000000000000000 ,         1.174872605263515 ,         2.047302757686917 ,         1.128342997134267 ,         0.889878755471870 , 
   8.28000 ,         2.315254949854961 ,         0.000000000000000 ,         1.157627474927481 ,         2.500475345843358 ,         0.995559628437633 ,         0.955042666815172 , 
   8.30000 ,         2.211946121535665 ,         0.000000000000000 ,         1.255740246080143 ,         2.119781699805012 ,         0.944685322739190 ,         1.048370297186174 , 
   8.32000 ,         2.017880839310549 ,         0.000000000000000 ,         1.352897380901391 ,         2.109602695642847 ,         1.043336115779886 ,         0.945881643426820 , 
   8.34000 ,         2.373344246947744 ,         0.000000000000000 ,         1.175261814594316 ,         2.464626717984196 ,         1.038338108039638 ,         0.952760791442965 , 
   8.36000 ,         2.452848357095098 ,         0.000000000000000 ,         1.192356840254562 ,         1.907770944407299 ,         0.976597031065641 ,         1.056087487082612 , 
   8.38000 ,         2.350741107883250 ,         0.045206559766986 ,         1.333593513126074 ,         1.717849271145452 ,         0.858924635572726 ,         1.056703334553288 , 
   8.40000 ,         2.429543527704949 ,         0.000000000000000 ,         1.158532330340786 ,         2.339560434086247 ,         1.001061916508058 ,         1.074173180073253 , 
   8.42000 ,         1.880678695946808 ,         0.089556128378419 ,         1.343341925676292 ,         1.612010310811550 ,         1.253785797297872 ,         1.147437894848499 , 
   8.44000 ,         2.139172676073839 ,         0.089132194836410 ,         1.114152435455124 ,         2.139172676073839 ,         1.136435484164227 ,         1.375978257787079 , 
   8.46000 ,         2.306492873309772 ,         0.044355632179034 ,         0.909290459670198 ,         2.483915402025908 ,         1.264135517102471 ,         1.380569051572435 , 
   8.48000 ,         2.030746098859423 ,         0.088293308646062 ,         1.037446376591227 ,         2.472212642089731 ,         1.191959666721835 ,         1.379582947594716 , 
