Q or theta , Experiment , Calculated
   2.0099999999999998       ,    720.00000000000000       ,    916.59784066841576     
   2.0299999999999998       ,    732.00000000000000       ,    917.41641516640198     
   2.0499999999999998       ,    748.00000000000000       ,    914.05432974732162     
   2.0699999999999998       ,    765.00000000000000       ,    911.52722247130623     
   2.0899999999999999       ,    787.00000000000000       ,    910.07218099999375     
   2.1099999999999999       ,    817.00000000000000       ,    910.03679618615843     
   2.1299999999999999       ,    872.00000000000000       ,    911.92532956674563     
   2.1499999999999999       ,    965.00000000000000       ,    916.53865233550778     
   2.1699999999999999       ,    1090.0000000000000       ,    925.16697976954208     
   2.1899999999999999       ,    1160.0000000000000       ,    940.27869320600860     
   2.2100000000000000       ,    1150.0000000000000       ,    969.44732336496384     
   2.2300000000000000       ,    1160.0000000000000       ,    1048.2628443618532     
   2.2500000000000000       ,    1390.0000000000000       ,    1320.8765319650768     
   2.2700000000000000       ,    2020.0000000000000       ,    2138.6686566019812     
   2.2900000000000000       ,    3690.0000000000000       ,    3820.0871841694452     
   2.3300000000000001       ,    6450.0000000000000       ,    6473.9658947146472     
   2.3500000000000001       ,    4880.0000000000000       ,    4974.6282843298568     
   2.3700000000000001       ,    2880.0000000000000       ,    2963.8250725673806     
   2.3900000000000001       ,    1720.0000000000000       ,    1701.4451780181203     
   2.4100000000000001       ,    1420.0000000000000       ,    1259.5105487140208     
   2.4300000000000002       ,    1480.0000000000000       ,    1350.9495118437808     
   2.4500000000000002       ,    2000.0000000000000       ,    1879.2847679335205     
   2.4700000000000002       ,    2970.0000000000000       ,    2683.8228110777409     
   2.5099999999999998       ,    2980.0000000000000       ,    2743.5309454684334     
   2.5299999999999998       ,    2030.0000000000000       ,    1905.3306599624784     
   2.5499999999999998       ,    1420.0000000000000       ,    1280.2279983196379     
   2.5699999999999998       ,    1190.0000000000000       ,    1000.0568776830401     
   2.5899999999999999       ,    1100.0000000000000       ,    922.27720343414080     
   2.6099999999999999       ,    1080.0000000000000       ,    942.83872283270341     
   2.6299999999999999       ,    1150.0000000000000       ,    1062.2822007153879     
   2.6499999999999999       ,    1370.0000000000000       ,    1291.0582371094347     
   2.6899999999999999       ,    1610.0000000000000       ,    1528.9990087059491     
   2.7100000000000000       ,    1350.0000000000000       ,    1323.7225202950053     
   2.7300000000000000       ,    1120.0000000000000       ,    1122.1385660531434     
   2.7500000000000000       ,    1050.0000000000000       ,    1034.5515894814459     
   2.7700000000000000       ,    1080.0000000000000       ,    1044.5719392235210     
   2.7900000000000000       ,    1170.0000000000000       ,    1114.3054690145889     
   2.8100000000000001       ,    1340.0000000000000       ,    1244.7449577233765     
   2.8300000000000001       ,    1710.0000000000000       ,    1536.3604453980338     
   2.8500000000000001       ,    2730.0000000000000       ,    2466.4600538151813     
   2.8700000000000001       ,    5140.0000000000000       ,    5459.2440622388740     
   2.8900000000000001       ,    11800.000000000000       ,    12544.265430239910     
   2.9100000000000001       ,    22700.000000000000       ,    23040.607315634181     
   2.9500000000000002       ,    25400.000000000000       ,    25508.058320710130     
   2.9700000000000002       ,    14200.000000000000       ,    15001.350259832792     
   2.9900000000000002       ,    6010.0000000000000       ,    6769.3537101251904     
   3.0099999999999998       ,    3060.0000000000000       ,    2905.0134619890423     
   3.0299999999999998       ,    1780.0000000000000       ,    1627.2074418574934     
   3.0499999999999998       ,    1330.0000000000000       ,    1235.3160278263517     
   3.0699999999999998       ,    1150.0000000000000       ,    1067.7692456102020     
   3.0899999999999999       ,    1060.0000000000000       ,    965.36519426962150     
   3.1099999999999999       ,    944.00000000000000       ,    893.62896026051067     
   3.1299999999999999       ,    829.00000000000000       ,    840.79054851963156     
   3.1499999999999999       ,    768.00000000000000       ,    800.56464104646795     
   3.1699999999999999       ,    767.00000000000000       ,    769.09189979231201     
   3.1899999999999999       ,    840.00000000000000       ,    743.88765038771169     
   3.2100000000000000       ,    952.00000000000000       ,    723.29159769281785     
   3.2300000000000000       ,    978.00000000000000       ,    706.16411747871962     
   3.2500000000000000       ,    869.00000000000000       ,    691.71012206945784     
   3.2700000000000000       ,    731.00000000000000       ,    679.35370028984664     
   3.2900000000000000       ,    651.00000000000000       ,    668.68412612468251     
   3.3100000000000001       ,    624.00000000000000       ,    659.39917691926235     
   3.3300000000000001       ,    622.00000000000000       ,    651.28160036487043     
   3.3500000000000001       ,    639.00000000000000       ,    644.17992797209240     
   3.3700000000000001       ,    667.00000000000000       ,    638.00088909006354     
   3.3900000000000001       ,    677.00000000000000       ,    632.72035397614638     
   3.4100000000000001       ,    662.00000000000000       ,    628.40903396018462     
   3.4300000000000002       ,    663.00000000000000       ,    625.46253546216349     
   3.4500000000000002       ,    703.00000000000000       ,    625.95220314001358     
   3.4700000000000002       ,    735.00000000000000       ,    638.68726550656379     
   3.4900000000000002       ,    748.00000000000000       ,    686.65672462589441     
   3.5099999999999998       ,    822.00000000000000       ,    794.90789612618516     
   3.5499999999999998       ,    1050.0000000000000       ,    1000.3291053978126     
   3.5699999999999998       ,    909.00000000000000       ,    907.10081536018083     
   3.5899999999999999       ,    702.00000000000000       ,    758.42884029084530     
   3.6099999999999999       ,    585.00000000000000       ,    654.84005030280628     
   3.6299999999999999       ,    535.00000000000000       ,    608.86436060022027     
   3.6499999999999999       ,    520.00000000000000       ,    592.98085097120327     
   3.6699999999999999       ,    520.00000000000000       ,    586.81785319349672     
   3.6899999999999999       ,    520.00000000000000       ,    583.31274096760615     
   3.7100000000000000       ,    517.00000000000000       ,    580.88048925983514     
   3.7300000000000000       ,    518.00000000000000       ,    579.19374074217751     
   3.7500000000000000       ,    539.00000000000000       ,    578.17209501961872     
   3.7700000000000000       ,    567.00000000000000       ,    577.82089267972810     
   3.7900000000000000       ,    577.00000000000000       ,    578.21429781843960     
   3.8100000000000001       ,    569.00000000000000       ,    579.49179969678016     
   3.8300000000000001       ,    559.00000000000000       ,    581.89404513829788     
   3.8500000000000001       ,    548.00000000000000       ,    585.80218015226376     
   3.8700000000000001       ,    535.00000000000000       ,    591.84194741306123     
   3.8900000000000001       ,    531.00000000000000       ,    601.16884671749483     
   3.9100000000000001       ,    543.00000000000000       ,    617.05492894033421     
   3.9300000000000002       ,    582.00000000000000       ,    654.09704034392212     
   3.9500000000000002       ,    688.00000000000000       ,    771.78925778425651     
   3.9700000000000002       ,    987.00000000000000       ,    1121.8476432846633     
   3.9900000000000002       ,    1660.0000000000000       ,    1864.5662267683306     
   4.0300000000000002       ,    3200.0000000000000       ,    3259.6917265369821     
   4.0499999999999998       ,    2590.0000000000000       ,    2721.6677080363906     
   4.0700000000000003       ,    1740.0000000000000       ,    1942.6440341663642     
   4.0899999999999999       ,    1480.0000000000000       ,    1630.4288943193542     
   4.1299999999999999       ,    1690.0000000000000       ,    1824.2801596729726     
   4.1500000000000004       ,    1380.0000000000000       ,    1538.2098713230016     
   4.1699999999999999       ,    1050.0000000000000       ,    1208.2161160839516     
   4.1900000000000004       ,    1040.0000000000000       ,    1216.9013000205136     
   4.2100000000000000       ,    1540.0000000000000       ,    1886.4430952605946     
   4.2300000000000004       ,    2790.0000000000000       ,    3358.7415768866863     
   4.2699999999999996       ,    4890.0000000000000       ,    5376.7686306653068     
   4.2900000000000000       ,    3530.0000000000000       ,    4002.1644126811343     
   4.3099999999999996       ,    1940.0000000000000       ,    2352.0408131754712     
   4.3300000000000001       ,    1280.0000000000000       ,    1448.4377259998719     
   4.3499999999999996       ,    1290.0000000000000       ,    1432.4401903737455     
   4.3700000000000001       ,    1970.0000000000000       ,    2125.1914070418570     
   4.4100000000000001       ,    3270.0000000000000       ,    3443.5163976700665     
   4.4299999999999997       ,    2480.0000000000000       ,    2732.2962942842532     
   4.4500000000000002       ,    1470.0000000000000       ,    1714.8991690841642     
   4.4699999999999998       ,    886.00000000000000       ,    1040.6184160561893     
   4.4900000000000002       ,    666.00000000000000       ,    759.59863605406338     
   4.5099999999999998       ,    586.00000000000000       ,    678.92259134974904     
   4.5300000000000002       ,    577.00000000000000       ,    668.75385156135576     
   4.5499999999999998       ,    624.00000000000000       ,    702.82731249112305     
   4.5700000000000003       ,    775.00000000000000       ,    852.28510126772426     
   4.5899999999999999       ,    1170.0000000000000       ,    1341.6780322023130     
   4.6100000000000003       ,    2190.0000000000000       ,    2462.2106682576828     
   4.6299999999999999       ,    3790.0000000000000       ,    4052.7034753509702     
   4.6699999999999999       ,    4040.0000000000000       ,    4271.0990372182523     
   4.6900000000000004       ,    2410.0000000000000       ,    2734.0979263064196     
   4.7100000000000000       ,    1460.0000000000000       ,    1610.5761776337260     
   4.7500000000000000       ,    937.00000000000000       ,    922.75273165920544     
   4.7699999999999996       ,    771.00000000000000       ,    807.38661051377358     
   4.7900000000000000       ,    727.00000000000000       ,    789.06148471960910     
   4.8099999999999996       ,    853.00000000000000       ,    882.26089771442639     
   4.8499999999999996       ,    1010.0000000000000       ,    968.00986113953240     
   4.8700000000000001       ,    835.00000000000000       ,    816.82907984146641     
   4.8899999999999997       ,    682.00000000000000       ,    676.71782984987397     
   4.9100000000000001       ,    603.00000000000000       ,    618.54625867987954     
   4.9299999999999997       ,    609.00000000000000       ,    650.30890546206683     
   4.9500000000000002       ,    721.00000000000000       ,    769.09956097655572     
   4.9900000000000002       ,    1080.0000000000000       ,    1190.1275227129672     
   5.0099999999999998       ,    1270.0000000000000       ,    1434.8563992491356     
   5.0499999999999998       ,    1300.0000000000000       ,    1455.0904289047626     
   5.0700000000000003       ,    940.00000000000000       ,    1089.5893026446342     
   5.0899999999999999       ,    671.00000000000000       ,    777.87587964061527     
   5.1100000000000003       ,    559.00000000000000       ,    618.70067770638138     
   5.1299999999999999       ,    518.00000000000000       ,    564.01495776487980     
   5.1500000000000004       ,    499.00000000000000       ,    550.62339617560485     
   5.1699999999999999       ,    490.00000000000000       ,    550.10774528469904     
   5.1900000000000004       ,    490.00000000000000       ,    555.44042924722623     
   5.2100000000000000       ,    496.00000000000000       ,    566.15512901362911     
   5.2300000000000004       ,    505.00000000000000       ,    584.06305643004953     
   5.2500000000000000       ,    534.00000000000000       ,    615.40699018891007     
   5.2699999999999996       ,    614.00000000000000       ,    687.30915546653728     
   5.2900000000000000       ,    828.00000000000000       ,    906.30660910045481     
   5.3099999999999996       ,    1340.0000000000000       ,    1550.6660516689326     
   5.3300000000000001       ,    2540.0000000000000       ,    2983.4380371087273     
   5.3899999999999997       ,    5820.0000000000000       ,    6236.4074393727997     
   5.4100000000000001       ,    3850.0000000000000       ,    4244.0331287085746     
   5.4299999999999997       ,    2020.0000000000000       ,    2304.6536228771529     
   5.4500000000000002       ,    1100.0000000000000       ,    1206.9852215029814     
   5.4699999999999998       ,    729.00000000000000       ,    778.26657865315224     
   5.4900000000000002       ,    588.00000000000000       ,    641.07502650914262     
   5.5099999999999998       ,    524.00000000000000       ,    590.77126777895069     
   5.5300000000000002       ,    500.00000000000000       ,    564.21764863154056     
   5.5499999999999998       ,    490.00000000000000       ,    546.92455989320752     
   5.5700000000000003       ,    488.00000000000000       ,    534.99397199898999     
   5.5899999999999999       ,    488.00000000000000       ,    526.71163556765089     
   5.6100000000000003       ,    490.00000000000000       ,    521.12084194559156     
   5.6299999999999999       ,    487.00000000000000       ,    517.68181564890199     
   5.6500000000000004       ,    475.00000000000000       ,    516.14419910959884     
   5.6699999999999999       ,    461.00000000000000       ,    516.49560387106408     
   5.6900000000000004       ,    455.00000000000000       ,    518.98354388745327     
   5.7100000000000000       ,    463.00000000000000       ,    524.28092232034237     
   5.7300000000000004       ,    493.00000000000000       ,    534.44146193315453     
   5.7500000000000000       ,    560.00000000000000       ,    558.05825151312956     
   5.7699999999999996       ,    680.00000000000000       ,    628.91216134483966     
   5.7900000000000000       ,    889.00000000000000       ,    838.18406893447116     
   5.8099999999999996       ,    1280.0000000000000       ,    1317.5784117287776     
   5.8700000000000001       ,    2620.0000000000000       ,    2690.7257382386642     
   5.8899999999999997       ,    1930.0000000000000       ,    2017.8089203594991     
   5.9100000000000001       ,    1170.0000000000000       ,    1276.7812375123156     
   5.9299999999999997       ,    792.00000000000000       ,    845.76311828216762     
   5.9500000000000002       ,    699.00000000000000       ,    739.04568677859243     
   5.9699999999999998       ,    786.00000000000000       ,    874.31582809353313     
   5.9900000000000002       ,    1030.0000000000000       ,    1163.0043917570556     
   6.0300000000000002       ,    1170.0000000000000       ,    1322.2396471074144     
   6.0499999999999998       ,    893.00000000000000       ,    1019.0648661506790     
   6.0700000000000003       ,    677.00000000000000       ,    757.60151435861621     
   6.0899999999999999       ,    610.00000000000000       ,    648.69336348871173     
   6.1100000000000003       ,    654.00000000000000       ,    674.98737787598827     
   6.1299999999999999       ,    796.00000000000000       ,    788.77642421453675     
   6.1699999999999999       ,    1120.0000000000000       ,    1109.9895623494340     
   6.1900000000000004       ,    1340.0000000000000       ,    1356.9416773893017     
   6.2300000000000004       ,    1510.0000000000000       ,    1528.3088649557353     
   6.2500000000000000       ,    1150.0000000000000       ,    1185.1465443696463     
   6.2699999999999996       ,    845.00000000000000       ,    860.30898325544138     
   6.2900000000000000       ,    726.00000000000000       ,    697.91141421010104     
   6.3099999999999996       ,    742.00000000000000       ,    688.93782467999677     
   6.3300000000000001       ,    906.00000000000000       ,    864.74196602874861     
   6.3499999999999996       ,    1370.0000000000000       ,    1438.5970542061002     
   6.3700000000000001       ,    2500.0000000000000       ,    2660.8507831605962     
   6.4100000000000001       ,    4970.0000000000000       ,    5018.2101503540180     
   6.4299999999999997       ,    4010.0000000000000       ,    4103.3037298684403     
   6.4699999999999998       ,    1310.0000000000000       ,    1384.4795735415162     
   6.4900000000000002       ,    888.00000000000000       ,    846.07517124851438     
   6.5099999999999998       ,    715.00000000000000       ,    658.10496162466393     
   6.5300000000000002       ,    657.00000000000000       ,    598.10274625417833     
   6.5499999999999998       ,    643.00000000000000       ,    577.55083052218060     
   6.5700000000000003       ,    637.00000000000000       ,    574.80182339727617     
   6.5899999999999999       ,    633.00000000000000       ,    596.44127443182208     
   6.6100000000000003       ,    669.00000000000000       ,    681.50185807211938     
   6.6299999999999999       ,    815.00000000000000       ,    913.12724283306011     
   6.6500000000000004       ,    1150.0000000000000       ,    1378.4010740087149     
   6.7300000000000004       ,    1790.0000000000000       ,    2061.5383964925895     
   6.7500000000000000       ,    1170.0000000000000       ,    1334.9039907465894     
   6.7699999999999996       ,    793.00000000000000       ,    850.46438071822627     
   6.7900000000000000       ,    649.00000000000000       ,    636.93551106092582     
   6.8099999999999996       ,    588.00000000000000       ,    566.77858808434405     
   6.8300000000000001       ,    560.00000000000000       ,    545.50097542059041     
   6.8499999999999996       ,    548.00000000000000       ,    538.40687085899685     
   6.8700000000000001       ,    547.00000000000000       ,    537.21983073590422     
   6.8899999999999997       ,    554.00000000000000       ,    540.47162683527131     
   6.9100000000000001       ,    566.00000000000000       ,    548.58399843588529     
   6.9299999999999997       ,    586.00000000000000       ,    563.75253729464850     
   6.9500000000000002       ,    623.00000000000000       ,    592.21301993813051     
   6.9900000000000002       ,    829.00000000000000       ,    767.13979699247056     
   7.0099999999999998       ,    1060.0000000000000       ,    988.45013656784158     
   7.0499999999999998       ,    2070.0000000000000       ,    2267.9603944414516     
   7.0700000000000003       ,    3390.0000000000000       ,    3881.6634447429728     
   7.1299999999999999       ,    5310.0000000000000       ,    5807.9153956763812     
   7.1500000000000004       ,    3670.0000000000000       ,    4075.3798903806328     
   7.1699999999999999       ,    3000.0000000000000       ,    3176.6604593633065     
   7.2100000000000000       ,    3300.0000000000000       ,    3141.9728494689748     
   7.2300000000000004       ,    2440.0000000000000       ,    2393.0868781348040     
   7.2500000000000000       ,    1490.0000000000000       ,    1502.7243041176253     
   7.2699999999999996       ,    956.00000000000000       ,    930.60498055297307     
   7.2900000000000000       ,    740.00000000000000       ,    684.58438564288463     
   7.3099999999999996       ,    644.00000000000000       ,    600.62519300436406     
   7.3300000000000001       ,    603.00000000000000       ,    570.48768750987529     
   7.3499999999999996       ,    584.00000000000000       ,    559.14085952184973     
   7.3700000000000001       ,    582.00000000000000       ,    564.58940848833117     
   7.3899999999999997       ,    607.00000000000000       ,    598.28078083914045     
   7.4100000000000001       ,    673.00000000000000       ,    670.17406226869377     
   7.4500000000000002       ,    887.00000000000000       ,    916.65270121328422     
   7.4900000000000002       ,    1580.0000000000000       ,    1714.0482158767604     
   7.5300000000000002       ,    2070.0000000000000       ,    2159.2594390531763     
   7.5499999999999998       ,    1540.0000000000000       ,    1635.6870612879391     
   7.5700000000000003       ,    1080.0000000000000       ,    1155.7397446482087     
   7.6100000000000003       ,    862.00000000000000       ,    854.50152203707898     
   7.6299999999999999       ,    751.00000000000000       ,    746.29334343358346     
   7.6500000000000004       ,    632.00000000000000       ,    630.01715550308904     
   7.6699999999999999       ,    567.00000000000000       ,    553.92746769664132     
   7.6900000000000004       ,    543.00000000000000       ,    521.42897599646858     
   7.7100000000000000       ,    536.00000000000000       ,    513.89315090872583     
   7.7300000000000004       ,    544.00000000000000       ,    520.89171800408906     
   7.7500000000000000       ,    580.00000000000000       ,    552.15163873440486     
   7.7699999999999996       ,    679.00000000000000       ,    652.55782295736617     
   7.8099999999999996       ,    1390.0000000000000       ,    1361.6278491297983     
   7.8499999999999996       ,    2010.0000000000000       ,    1894.4235423006210     
   7.8700000000000001       ,    1560.0000000000000       ,    1472.2507308266970     
   7.8899999999999997       ,    1030.0000000000000       ,    981.30074247753691     
   7.9100000000000001       ,    744.00000000000000       ,    680.59143124298737     
   7.9299999999999997       ,    627.00000000000000       ,    560.38049592766561     
   7.9500000000000002       ,    578.00000000000000       ,    527.45558206304952     
   7.9699999999999998       ,    567.00000000000000       ,    530.76222398080438     
   7.9900000000000002       ,    591.00000000000000       ,    573.13285455773223     
   8.0099999999999998       ,    682.00000000000000       ,    687.18871562193112     
   8.0700000000000003       ,    1100.0000000000000       ,    1109.6501392361399     
   8.1099999999999994       ,    1030.0000000000000       ,    1027.0170762081291     
   8.1300000000000008       ,    1250.0000000000000       ,    1243.5057179603218     
   8.1699999999999999       ,    1900.0000000000000       ,    1907.9823517873369     
   8.2100000000000009       ,    1800.0000000000000       ,    1848.4636580933609     
   8.2300000000000004       ,    1610.0000000000000       ,    1663.6206234006511     
   8.2899999999999991       ,    1010.0000000000000       ,    1036.2059381336555     
   8.3100000000000005       ,    859.00000000000000       ,    874.77745835372775     
   8.3300000000000001       ,    882.00000000000000       ,    922.47133292410126     
   8.3499999999999996       ,    1160.0000000000000       ,    1260.7418575951451     
   8.4100000000000001       ,    1690.0000000000000       ,    1834.2661832363087     
   8.4499999999999993       ,    886.00000000000000       ,    986.76114449553245     
   8.4700000000000006       ,    753.00000000000000       ,    808.06267381619750     
   8.5099999999999998       ,    713.00000000000000       ,    763.98605108544075     
   8.5500000000000007       ,    806.00000000000000       ,    870.50911894209128     
   8.5899999999999999       ,    820.00000000000000       ,    888.03576613245320     
   8.6099999999999994       ,    670.00000000000000       ,    735.93041446097936     
   8.6300000000000008       ,    539.00000000000000       ,    594.49554820899823     
   8.6500000000000004       ,    475.00000000000000       ,    515.96520789570923     
   8.6699999999999999       ,    450.00000000000000       ,    487.35160196176327     
   8.6899999999999995       ,    443.00000000000000       ,    484.78415836169631     
   8.7100000000000009       ,    454.00000000000000       ,    505.27318373195988     
   8.7300000000000004       ,    495.00000000000000       ,    568.70770135989937     
   8.7500000000000000       ,    591.00000000000000       ,    698.70763694736343     
   8.8300000000000001       ,    807.00000000000000       ,    888.86280817178670     
   8.8499999999999996       ,    630.00000000000000       ,    697.83522161308611     
   8.8699999999999992       ,    504.00000000000000       ,    561.17679635365539     
   8.8900000000000006       ,    447.00000000000000       ,    496.05332688490660     
   8.9100000000000001       ,    428.00000000000000       ,    474.88713943277139     
   8.9299999999999997       ,    427.00000000000000       ,    474.80644028122219     
   8.9499999999999993       ,    438.00000000000000       ,    490.10749365798569     
   8.9700000000000006       ,    467.00000000000000       ,    519.27676587781070     
   9.0099999999999998       ,    513.00000000000000       ,    555.85649357305499     
   9.0299999999999994       ,    510.00000000000000       ,    552.74093919530901     
   9.0500000000000007       ,    541.00000000000000       ,    599.68139164112858     
   9.0700000000000003       ,    676.00000000000000       ,    775.00156835338885     
   9.0899999999999999       ,    968.00000000000000       ,    1105.5455412715298     
   9.1300000000000008       ,    1330.0000000000000       ,    1483.5808176770142     
   9.1500000000000004       ,    1060.0000000000000       ,    1194.1294051092323     
   9.1699999999999999       ,    775.00000000000000       ,    904.23221616694286     
   9.1899999999999995       ,    717.00000000000000       ,    832.85096617777504     
   9.2500000000000000       ,    1030.0000000000000       ,    1175.9086838599228     
   9.2699999999999996       ,    925.00000000000000       ,    1054.8951786482273     
   9.3100000000000005       ,    781.00000000000000       ,    853.28938196954277     
   9.3300000000000001       ,    689.00000000000000       ,    749.53936760112947     
   9.3900000000000006       ,    737.00000000000000       ,    818.57773375240663     
   9.4100000000000001       ,    998.00000000000000       ,    1099.7228142155836     
   9.4499999999999993       ,    1450.0000000000000       ,    1558.2697095504002     
   9.5099999999999998       ,    901.00000000000000       ,    963.09654489924969     
   9.5299999999999994       ,    671.00000000000000       ,    724.49941512270743     
   9.5500000000000007       ,    547.00000000000000       ,    579.01735034270314     
   9.5700000000000003       ,    492.00000000000000       ,    514.61947553730511     
   9.5899999999999999       ,    481.00000000000000       ,    501.51160868497493     
   9.6099999999999994       ,    506.00000000000000       ,    535.59548819199381     
   9.6300000000000008       ,    586.00000000000000       ,    650.96363321416402     
   9.6500000000000004       ,    772.00000000000000       ,    876.95880132086131     
   9.6899999999999995       ,    1090.0000000000000       ,    1223.1353691116149     
   9.7100000000000009       ,    923.00000000000000       ,    1039.8515682361465     
   9.7300000000000004       ,    709.00000000000000       ,    802.49618051401308     
   9.7500000000000000       ,    626.00000000000000       ,    703.27344887255390     
   9.7699999999999996       ,    705.00000000000000       ,    786.63671552168444     
   9.8100000000000005       ,    954.00000000000000       ,    1057.8465108232938     
   9.8300000000000001       ,    854.00000000000000       ,    941.01190210046411     
   9.8499999999999996       ,    680.00000000000000       ,    747.89819229216914     
   9.8699999999999992       ,    583.00000000000000       ,    632.22407116950683     
   9.8900000000000006       ,    604.00000000000000       ,    669.86321868271671     
   9.9100000000000001       ,    771.00000000000000       ,    927.69964255528657     
   9.9299999999999997       ,    1140.0000000000000       ,    1442.5566095744921     
   10.010000000000000       ,    1160.0000000000000       ,    1373.1328461124115     
   10.029999999999999       ,    830.00000000000000       ,    929.82442981097608     
   10.050000000000001       ,    683.00000000000000       ,    719.56956928279567     
   10.109999999999999       ,    721.00000000000000       ,    756.87428388153353     
   10.150000000000000       ,    794.00000000000000       ,    853.81106691243713     
   10.210000000000001       ,    706.00000000000000       ,    749.45625920149644     
   10.230000000000000       ,    653.00000000000000       ,    692.07072469990453     
   10.250000000000000       ,    691.00000000000000       ,    752.95693841778757     
   10.270000000000000       ,    881.00000000000000       ,    978.45583893957132     
   10.330000000000000       ,    995.00000000000000       ,    1090.5412821471969     
   10.350000000000000       ,    714.00000000000000       ,    783.52354367049020     
   10.369999999999999       ,    545.00000000000000       ,    579.29096425762998     
   10.390000000000001       ,    479.00000000000000       ,    492.21860717942729     
   10.410000000000000       ,    457.00000000000000       ,    475.25044895653804     
   10.430000000000000       ,    461.00000000000000       ,    496.79838984257856     
   10.449999999999999       ,    484.00000000000000       ,    538.60916050157437     
   10.510000000000000       ,    470.00000000000000       ,    511.96569168059534     
   10.529999999999999       ,    445.00000000000000       ,    472.60269870272543     
   10.550000000000001       ,    435.00000000000000       ,    453.47051903634178     
   10.570000000000000       ,    439.00000000000000       ,    455.94185579666288     
   10.590000000000000       ,    458.00000000000000       ,    481.10907866307429     
   10.609999999999999       ,    499.00000000000000       ,    532.45179659640189     
   10.670000000000000       ,    702.00000000000000       ,    751.07441023620959     
   10.710000000000001       ,    909.00000000000000       ,    1074.1385087888489     
   10.789999999999999       ,    1390.0000000000000       ,    1586.0271759366431     
   10.830000000000000       ,    1240.0000000000000       ,    1360.2931506497398     
   10.890000000000001       ,    801.00000000000000       ,    880.02278719730111     
   10.910000000000000       ,    614.00000000000000       ,    667.48301446997152     
   10.930000000000000       ,    525.00000000000000       ,    557.55988312453348     
   10.949999999999999       ,    516.00000000000000       ,    548.09067761744393     
   11.010000000000000       ,    710.00000000000000       ,    785.39987723819763     
   11.050000000000001       ,    659.00000000000000       ,    731.19486430961001     
   11.070000000000000       ,    582.00000000000000       ,    646.36522211929832     
   11.109999999999999       ,    486.00000000000000       ,    526.30635163957265     
   11.130000000000001       ,    446.00000000000000       ,    477.62113012107977     
   11.150000000000000       ,    425.00000000000000       ,    449.17563146370458     
   11.170000000000000       ,    428.00000000000000       ,    448.26531077354593     
   11.190000000000000       ,    460.00000000000000       ,    483.87079452425314     
   11.230000000000000       ,    641.00000000000000       ,    684.35784958929685     
   11.270000000000000       ,    682.00000000000000       ,    732.01807549336900     
   11.289999999999999       ,    587.00000000000000       ,    638.75268773648475     
   11.310000000000000       ,    532.00000000000000       ,    589.33833453753869     
   11.330000000000000       ,    551.00000000000000       ,    608.88280200171289     
   11.369999999999999       ,    571.00000000000000       ,    630.49241571393884     
   11.410000000000000       ,    505.00000000000000       ,    566.63238133684445     
   11.430000000000000       ,    512.00000000000000       ,    575.36742431751725     
   11.490000000000000       ,    562.00000000000000       ,    609.73473313281295     
   11.510000000000000       ,    494.00000000000000       ,    537.54078565314865     
   11.529999999999999       ,    450.00000000000000       ,    490.83674604861835     
   11.550000000000001       ,    451.00000000000000       ,    489.86067522043680     
   11.590000000000000       ,    518.00000000000000       ,    567.65636234427564     
   11.650000000000000       ,    624.00000000000000       ,    697.53829621889190     
   11.710000000000001       ,    861.00000000000000       ,    969.21403818556200     
   11.750000000000000       ,    728.00000000000000       ,    787.25552723008286     
   11.789999999999999       ,    607.00000000000000       ,    630.57118695151166     
   11.810000000000000       ,    533.00000000000000       ,    555.86914900788474     
   11.830000000000000       ,    486.00000000000000       ,    511.13624087818278     
   11.869999999999999       ,    486.00000000000000       ,    527.42147159190108     
   11.890000000000001       ,    522.00000000000000       ,    591.45139101034772     
   11.970000000000001       ,    659.00000000000000       ,    745.22935921554813     
   11.990000000000000       ,    557.00000000000000       ,    608.20744068723059     
   12.010000000000000       ,    519.00000000000000       ,    544.22977013389846     
   12.050000000000001       ,    605.00000000000000       ,    617.34299074825856     
   12.109999999999999       ,    687.00000000000000       ,    702.79099457230586     
   12.150000000000000       ,    629.00000000000000       ,    637.23342768238297     
   12.190000000000000       ,    690.00000000000000       ,    667.27474006472755     
   12.210000000000001       ,    642.00000000000000       ,    632.22619834914735     
   12.250000000000000       ,    634.00000000000000       ,    648.52754911405555     
   12.289999999999999       ,    700.00000000000000       ,    728.91816445698123     
   12.330000000000000       ,    735.00000000000000       ,    816.06911050649830     
   12.430000000000000       ,    1140.0000000000000       ,    1203.5933837937396     
   12.490000000000000       ,    672.00000000000000       ,    671.36741655386652     
   12.510000000000000       ,    532.00000000000000       ,    527.60185143791875     
   12.550000000000001       ,    433.00000000000000       ,    421.73784021683542     
   12.570000000000000       ,    424.00000000000000       ,    415.70112911156701     
   12.590000000000000       ,    423.00000000000000       ,    421.16309078548323     
   12.630000000000001       ,    421.00000000000000       ,    424.17636124396512     
   12.650000000000000       ,    416.00000000000000       ,    414.55275896413809     
   12.670000000000000       ,    416.00000000000000       ,    411.70328231860100     
   12.690000000000000       ,    429.00000000000000       ,    426.67093965323807     
   12.750000000000000       ,    520.00000000000000       ,    521.37882130916660     
   12.770000000000000       ,    524.00000000000000       ,    521.46015680124287     
   12.789999999999999       ,    556.00000000000000       ,    556.27715138610847     
   12.869999999999999       ,    764.00000000000000       ,    775.69954249090927     
   13.010000000000000       ,    528.00000000000000       ,    598.53312686789093     
   13.029999999999999       ,    475.00000000000000       ,    503.43598858531948     
   13.050000000000001       ,    469.00000000000000       ,    482.34125364562323     
   13.070000000000000       ,    499.00000000000000       ,    517.81081708209547     
   13.130000000000001       ,    577.00000000000000       ,    610.77890633762536     
   13.170000000000000       ,    594.00000000000000       ,    612.69027774659173     
   13.190000000000000       ,    585.00000000000000       ,    600.85716796665008     
   13.250000000000000       ,    671.00000000000000       ,    685.03171721753915     
   13.270000000000000       ,    604.00000000000000       ,    607.08959235416614     
   13.289999999999999       ,    514.00000000000000       ,    509.30891833197052     
   13.310000000000000       ,    459.00000000000000       ,    450.37424821038803     
   13.330000000000000       ,    450.00000000000000       ,    440.78637717206152     
   13.390000000000001       ,    532.00000000000000       ,    568.84336102159182     
   13.470000000000001       ,    650.00000000000000       ,    724.25991540219081     
   13.490000000000000       ,    595.00000000000000       ,    657.44720920889426     
   13.510000000000000       ,    604.00000000000000       ,    667.88393399206279     
   13.590000000000000       ,    570.00000000000000       ,    607.07157055536709     
   13.650000000000000       ,    642.00000000000000       ,    657.46936131589564     
   13.690000000000000       ,    526.00000000000000       ,    524.86001410191670     
   13.730000000000000       ,    422.00000000000000       ,    414.91258706299510     
   13.750000000000000       ,    402.00000000000000       ,    393.15740755877169     
   13.770000000000000       ,    394.00000000000000       ,    384.55681317386734     
   13.789999999999999       ,    393.00000000000000       ,    383.78742015082355     
   13.810000000000000       ,    397.00000000000000       ,    387.44146757009986     
   13.850000000000000       ,    406.00000000000000       ,    398.12923379285508     
   13.869999999999999       ,    417.00000000000000       ,    415.97553608242112     
   13.890000000000001       ,    450.00000000000000       ,    464.80857465168162     
   13.910000000000000       ,    516.00000000000000       ,    555.60746081196271     
   13.990000000000000       ,    642.00000000000000       ,    698.50651343741606     
   14.050000000000001       ,    708.00000000000000       ,    698.02753436303988     
   14.109999999999999       ,    538.00000000000000       ,    520.02490041838644     
   14.270000000000000       ,    673.00000000000000       ,    684.95645803259299     
   14.310000000000000       ,    594.00000000000000       ,    570.00159039473283     
   14.330000000000000       ,    532.00000000000000       ,    527.14446231273291     
   14.369999999999999       ,    474.00000000000000       ,    485.29730774593918     
   14.390000000000001       ,    457.00000000000000       ,    470.44081860585425     
   14.449999999999999       ,    467.00000000000000       ,    481.09256976561426     
   14.470000000000001       ,    455.00000000000000       ,    480.18570198154987     
   14.490000000000000       ,    459.00000000000000       ,    503.65000323980576     
   14.590000000000000       ,    484.00000000000000       ,    502.78405219147874     
   14.630000000000001       ,    556.00000000000000       ,    587.19944044300701     
   14.710000000000001       ,    513.00000000000000       ,    558.26056075199654     
   14.750000000000000       ,    416.00000000000000       ,    438.22752251390887     
   14.830000000000000       ,    415.00000000000000       ,    444.62822892139064     
   14.850000000000000       ,    427.00000000000000       ,    461.29313171243291     
   14.890000000000001       ,    458.00000000000000       ,    492.01140244212081     
   14.930000000000000       ,    447.00000000000000       ,    473.77439733911598     
   14.949999999999999       ,    453.00000000000000       ,    486.98071598561296     
   15.010000000000000       ,    498.00000000000000       ,    541.33384752515667     
   15.029999999999999       ,    459.00000000000000       ,    493.15115613319369     
   15.070000000000000       ,    447.00000000000000       ,    476.43562475095558     
   15.109999999999999       ,    487.00000000000000       ,    514.13537289590795     
   15.170000000000000       ,    509.00000000000000       ,    532.84454456679623     
   15.190000000000000       ,    481.00000000000000       ,    523.00194275810316     
   15.210000000000001       ,    471.00000000000000       ,    553.80156141014572     
   15.350000000000000       ,    414.00000000000000       ,    456.57404771049863     
   15.369999999999999       ,    429.00000000000000       ,    451.07569265024705     
   15.410000000000000       ,    442.00000000000000       ,    454.32612010134744     
   15.430000000000000       ,    418.00000000000000       ,    433.67978311849748     
   15.470000000000001       ,    391.00000000000000       ,    411.52090820256564     
   15.529999999999999       ,    408.00000000000000       ,    428.69242506159225     
   15.550000000000001       ,    408.00000000000000       ,    434.66048312305350     
   15.570000000000000       ,    420.00000000000000       ,    460.31474139569241     
   15.650000000000000       ,    430.00000000000000       ,    468.23148376177517     
   15.730000000000000       ,    456.00000000000000       ,    481.50938383535072     
   15.810000000000000       ,    406.00000000000000       ,    434.36850807376254     
   15.830000000000000       ,    416.00000000000000       ,    447.11500883112114     
   15.869999999999999       ,    458.00000000000000       ,    510.14170829011948     
   15.970000000000001       ,    407.00000000000000       ,    449.00057733840310     
   15.990000000000000       ,    383.00000000000000       ,    411.37911041409478     
   16.010000000000002       ,    367.00000000000000       ,    387.13448177544876     
   16.030000000000001       ,    360.00000000000000       ,    378.00675423562132     
   16.050000000000001       ,    360.00000000000000       ,    381.91553822693618     
   16.070000000000000       ,    367.00000000000000       ,    403.52639893108159     
   16.090000000000000       ,    384.00000000000000       ,    458.28551323066074     
   16.270000000000000       ,    475.00000000000000       ,    559.72461996304594     
   16.329999999999998       ,    475.00000000000000       ,    493.54201476587548     
   16.390000000000001       ,    423.00000000000000       ,    455.53516702825630     
   16.489999999999998       ,    446.00000000000000       ,    471.29329498842213     
   16.510000000000002       ,    438.00000000000000       ,    454.71466675316594     
   16.570000000000000       ,    436.00000000000000       ,    456.06903793796027     
   16.590000000000000       ,    429.00000000000000       ,    459.26931041070236     
   16.670000000000002       ,    403.00000000000000       ,    421.32435922932643     
   16.690000000000001       ,    398.00000000000000       ,    413.41779820127641     
   16.730000000000000       ,    423.00000000000000       ,    493.73714057117490     
   16.870000000000001       ,    535.00000000000000       ,    565.57335451135668     
   16.949999999999999       ,    433.00000000000000       ,    443.66681538481026     
   16.989999999999998       ,    391.00000000000000       ,    393.30424387811644     
   17.010000000000002       ,    384.00000000000000       ,    385.90475018301140     
   17.050000000000001       ,    390.00000000000000       ,    401.33767601219739     
   17.070000000000000       ,    406.00000000000000       ,    430.44804548385036     
   17.149999999999999       ,    491.00000000000000       ,    528.22905091784344     
   17.210000000000001       ,    548.00000000000000       ,    570.35505932638159     
   17.230000000000000       ,    502.00000000000000       ,    517.85030640355853     
   17.309999999999999       ,    392.00000000000000       ,    409.30436855494963     
   17.350000000000001       ,    364.00000000000000       ,    371.72245590705268     
   17.370000000000001       ,    359.00000000000000       ,    366.43224724866923     
   17.430000000000000       ,    364.00000000000000       ,    376.78554040978912     
   17.469999999999999       ,    364.00000000000000       ,    379.05971921805593     
   17.510000000000002       ,    369.00000000000000       ,    390.03146516347056     
   17.530000000000001       ,    377.00000000000000       ,    412.77599232216102     
   17.550000000000001       ,    399.00000000000000       ,    466.41381684719943     
   17.670000000000002       ,    418.00000000000000       ,    466.31108063810586     
   17.750000000000000       ,    391.00000000000000       ,    409.60144959180548     
   17.770000000000000       ,    378.00000000000000       ,    397.65808278530471     
   17.850000000000001       ,    390.00000000000000       ,    423.70403115118870     
   17.910000000000000       ,    377.00000000000000       ,    397.65795624102498     
   17.930000000000000       ,    367.00000000000000       ,    384.08677748587257     
   17.989999999999998       ,    359.00000000000000       ,    375.72949831527643     
   18.010000000000002       ,    361.00000000000000       ,    380.58968965188188     
   18.030000000000001       ,    370.00000000000000       ,    395.01099296112977     
   18.090000000000000       ,    406.00000000000000       ,    434.40844685590332     
   18.129999999999999       ,    391.00000000000000       ,    414.95022395579764     
   18.149999999999999       ,    382.00000000000000       ,    417.18034502067724     
   18.270000000000000       ,    410.00000000000000       ,    465.19360803358927     
   18.350000000000001       ,    406.00000000000000       ,    438.42282120698439     
   18.390000000000001       ,    401.00000000000000       ,    433.78309183755567     
   18.449999999999999       ,    403.00000000000000       ,    432.24818339941567     
   18.469999999999999       ,    394.00000000000000       ,    417.63563700524827     
   18.510000000000002       ,    388.00000000000000       ,    404.98183446477094     
   18.590000000000000       ,    399.00000000000000       ,    431.88051517629054     
   18.730000000000000       ,    387.00000000000000       ,    406.20004026068142     
   18.890000000000001       ,    387.00000000000000       ,    399.57295103130110     
   18.910000000000000       ,    392.00000000000000       ,    407.24857678208798     
   18.989999999999998       ,    418.00000000000000       ,    443.65594254518396     
   19.050000000000001       ,    404.00000000000000       ,    428.73237212611610     
   19.149999999999999       ,    368.00000000000000       ,    381.63243856589662     
   19.170000000000002       ,    365.00000000000000       ,    376.55229413749191     
   19.230000000000000       ,    390.00000000000000       ,    415.60179948371137     
   19.309999999999999       ,    380.00000000000000       ,    396.83876475956055     
   19.329999999999998       ,    372.00000000000000       ,    391.03628298627285     
   19.350000000000001       ,    372.00000000000000       ,    399.94354307930394     
   19.469999999999999       ,    364.00000000000000       ,    381.13111856954595     
   19.530000000000001       ,    367.00000000000000       ,    383.87154938655181     
   19.550000000000001       ,    385.00000000000000       ,    411.24703063389165     
   19.609999999999999       ,    408.00000000000000       ,    432.36690099520882     
   19.649999999999999       ,    368.00000000000000       ,    377.06460305050592     
   19.690000000000001       ,    351.00000000000000       ,    356.07940577814549     
   19.730000000000000       ,    347.00000000000000       ,    353.38326882987616     
   19.750000000000000       ,    349.00000000000000       ,    358.59847015649831     
   19.770000000000000       ,    355.00000000000000       ,    373.22731660917623     
   19.890000000000001       ,    393.00000000000000       ,    396.77773228127830     
   19.910000000000000       ,    380.00000000000000       ,    386.94601230533863     
   20.170000000000002       ,    373.00000000000000       ,    389.54279486162773     
   20.530000000000001       ,    368.00000000000000       ,    387.12417074515565     
   20.570000000000000       ,    363.00000000000000       ,    384.54904896929099     
   20.590000000000000       ,    372.00000000000000       ,    413.07710594559467     
   20.809999999999999       ,    369.00000000000000       ,    404.31429098089893     
   20.829999999999998       ,    360.00000000000000       ,    377.25325779148812     
   20.870000000000001       ,    358.00000000000000       ,    368.72119639882328     
   20.890000000000001       ,    361.00000000000000       ,    374.99013353644227     
   20.969999999999999       ,    378.00000000000000       ,    401.31022875134329     
   20.989999999999998       ,    379.00000000000000       ,    401.73143467870420     
   21.090000000000000       ,    374.00000000000000       ,    385.08500677207280     
   21.270000000000000       ,    346.00000000000000       ,    360.57803413900143     
   21.289999999999999       ,    342.00000000000000       ,    352.05694613176803     
   21.309999999999999       ,    341.00000000000000       ,    351.03802487564667     
   21.370000000000001       ,    345.00000000000000       ,    357.03431936881191     
   21.410000000000000       ,    351.00000000000000       ,    380.68423634489193     
   21.750000000000000       ,    362.00000000000000       ,    375.04760071870004     
   21.829999999999998       ,    360.00000000000000       ,    371.72654868680127     
   21.870000000000001       ,    354.00000000000000       ,    366.31938116196096     
   21.949999999999999       ,    361.00000000000000       ,    375.55920755327907     
   22.010000000000002       ,    351.00000000000000       ,    358.48916798656938     
   22.030000000000001       ,    348.00000000000000       ,    355.79238712027404     
   22.070000000000000       ,    350.00000000000000       ,    359.55489712743639     
   22.109999999999999       ,    351.00000000000000       ,    361.71592715235215     
   22.129999999999999       ,    352.00000000000000       ,    370.74419274217405     
   22.250000000000000       ,    367.00000000000000       ,    392.53651611271061     
   22.350000000000001       ,    362.00000000000000       ,    380.10780372197939     
   22.370000000000001       ,    364.00000000000000       ,    378.80536330461837     
   22.410000000000000       ,    371.00000000000000       ,    388.63488053738934     
   22.510000000000002       ,    358.00000000000000       ,    378.94401503511779     
   22.730000000000000       ,    351.00000000000000       ,    367.34871841834831     
   22.789999999999999       ,    354.00000000000000       ,    364.70306995518587     
   22.870000000000001       ,    354.00000000000000       ,    370.72456988880595     
   22.989999999999998       ,    374.00000000000000       ,    406.84849950608941     
   23.090000000000000       ,    367.00000000000000       ,    382.98524825207630     
   23.129999999999999       ,    362.00000000000000       ,    375.13121536850224     
   23.230000000000000       ,    365.00000000000000       ,    379.69718775229381     
   23.570000000000000       ,    350.00000000000000       ,    377.02112646024023     
   23.590000000000000       ,    350.00000000000000       ,    372.47041403679179     
   23.710000000000001       ,    359.00000000000000       ,    379.76142617068535     
   23.789999999999999       ,    347.00000000000000       ,    362.67875315471747     
   23.809999999999999       ,    346.00000000000000       ,    363.14771811804650     
   23.930000000000000       ,    348.00000000000000       ,    365.68267306453123     
   23.949999999999999       ,    351.00000000000000       ,    371.01933606152352     
   24.050000000000001       ,    353.00000000000000       ,    373.49818377279297     
   24.210000000000001       ,    350.00000000000000       ,    361.86127447740677     
   24.949999999999999       ,    352.00000000000000       ,    337.30255535573258     
   24.969999999999999       ,    350.00000000000000       ,    333.88640747646116     
