Q , F(Q)_RMC, F(Q)_Expt
  0.75999980000000000       ,   -1.2886227341885133       ,  -0.62693067605466868     
  0.77999980000000002       ,   -1.1320821671366055       ,  -0.57336108693833099     
  0.79999980000000004       ,  -0.98861632304293878       ,  -0.52921118593275551     
  0.81999979999999995       ,  -0.86150248899935777       ,  -0.49650289254407243     
  0.83999979999999996       ,  -0.75353545326057869       ,  -0.47689545076279910     
  0.85999979999999998       ,  -0.66697574034059715       ,  -0.47165197029437711     
  0.87999980000000000       ,  -0.60350958425316259       ,  -0.48161478903750121     
  0.89999980000000002       ,  -0.56422133231396177       ,  -0.50719009194196529     
  0.91999980000000003       ,  -0.54957871166661509       ,  -0.54834202632370155     
  0.93999980000000005       ,  -0.55943112406429973       ,  -0.60459635550385316     
  0.95999979999999996       ,  -0.59302086698858791       ,  -0.67505349541782422     
  0.97999979999999998       ,  -0.64900691643594666       ,  -0.75841058669084516     
  0.99999979999999999       ,  -0.72550065401904362       ,  -0.85299207152997314     
   1.0199997999999999       ,  -0.82011268352020317       ,  -0.95678807433851920     
   1.0399997999999999       ,  -0.93000966443773547       ,   -1.0674997306098155     
   1.0599997999999999       ,   -1.0519798966584271       ,   -1.1825904734214083     
   1.0799998000000000       ,   -1.1825062248996696       ,   -1.2993421733117450     
   1.0999998000000000       ,   -1.3178446971004965       ,   -1.4149149375807557     
   1.1199998000000000       ,   -1.4541073099310347       ,   -1.5264093106944339     
   1.1399998000000000       ,   -1.5873471087410056       ,   -1.6309295795248291     
   1.1599998000000000       ,   -1.7136438795360065       ,   -1.7256468760943708     
   1.1799998000000000       ,   -1.8291886771504606       ,   -1.8078607862253375     
   1.1999998000000001       ,   -1.9303654761163949       ,   -1.8750582143780221     
   1.2199998000000001       ,   -2.0138283075104937       ,   -1.9249683218177605     
   1.2399998000000001       ,   -2.0765723543024088       ,   -1.9556124454053634     
   1.2599997999999999       ,   -2.1159976167802288       ,   -1.9653480156236272     
   1.2799997999999999       ,   -2.1299639252664226       ,   -1.9529056223949872     
   1.2999997999999999       ,   -2.1168362658220650       ,   -1.9174185229253917     
   1.3199997999999999       ,   -2.0755195918087193       ,   -1.8584440440587802     
   1.3399998000000000       ,   -2.0054825155454923       ,   -1.7759764990666538     
   1.3599998000000000       ,   -1.9067695051423943       ,   -1.6704514119107867     
   1.3799998000000000       ,   -1.7800014470599477       ,   -1.5427410172252369     
   1.3999998000000000       ,   -1.6263646701640861       ,   -1.3941411779994515     
   1.4199998000000000       ,   -1.4475887572168893       ,   -1.2263500317272020     
   1.4399998000000001       ,   -1.2459136902471437       ,   -1.0414388362905764     
   1.4599998000000001       ,   -1.0240470827298445       ,  -0.84181563597275322     
   1.4799998000000001       ,  -0.78511243997839264       ,  -0.63018250291570166     
   1.4999998000000001       ,  -0.53258955606014879       ,  -0.40948722757247241     
   1.5199997999999999       ,  -0.27024829783023607       ,  -0.18287043114102386     
   1.5399997999999999       ,   -2.0771418428846278E-003  ,    4.6390848086114059E-002
   1.5599997999999999       ,   0.26779208395357856       ,   0.27494198531522868     
   1.5799998000000000       ,   0.53516174597075028       ,   0.49941087297378928     
   1.5999998000000000       ,   0.79584670546575587       ,   0.71646814193539621     
   1.6199998000000000       ,    1.0457518469811833       ,   0.92288635553372766     
   1.6399998000000000       ,    1.2809473441412642       ,    1.1155970647030078     
   1.6599998000000000       ,    1.4977402373651429       ,    1.2917446667555827     
   1.6799998000000000       ,    1.6927409903712496       ,    1.4487360841853607     
   1.6999998000000001       ,    1.8629238094684442       ,    1.5842853716887022     
   1.7199998000000001       ,    2.0056796487562654       ,    1.6964524672219539     
   1.7399998000000001       ,    2.1188609822925564       ,    1.7836754239950112     
   1.7599997999999999       ,    2.2008175975200999       ,    1.8447955922449020     
   1.7799997999999999       ,    2.2504228490256679       ,    1.8790753596901244     
   1.7999997999999999       ,    2.2670900041318256       ,    1.8862082048831081     
   1.8199997999999999       ,    2.2507785079209279       ,    1.8663209653547315     
   1.8399998000000000       ,    2.2019901911019617       ,    1.8199683695971496     
   1.8599998000000000       ,    2.1217556357896914       ,    1.7481200257458249     
   1.8799998000000000       ,    2.0116110980784225       ,    1.6521401976062884     
   1.8999998000000000       ,    1.8735665588103723       ,    1.5337608279109225     
   1.9199998000000000       ,    1.7100656320189442       ,    1.3950483870863566     
   1.9399998000000001       ,    1.5239382013931879       ,    1.2383652313228544     
   1.9599998000000001       ,    1.3183467763949821       ,    1.0663262446149648     
   1.9799998000000001       ,    1.0967276594477360       ,   0.88175161425534254     
   1.9999998000000001       ,   0.86272809246243132       ,   0.68761664691856905     
   2.0199997999999999       ,   0.62014060392278070       ,   0.48699957222463269     
   2.0399997999999999       ,   0.37283580636181801       ,   0.28302830213462060     
   2.0599997999999999       ,   0.12469489836463071       ,    7.8827117670314681E-002
   2.0799998000000000       ,  -0.12045689426091735       ,  -0.12253576042491822     
   2.0999998000000000       ,  -0.35891474582647176       ,  -0.31809879271127228     
   2.1199998000000000       ,  -0.58715539806958916       ,  -0.50505505805522244     
   2.1399998000000000       ,  -0.80189402233167351       ,  -0.68079669474826465     
   2.1599998000000000       ,   -1.0001358325653746       ,  -0.84295511142043600     
   2.1799998000000000       ,   -1.1792216214042925       ,  -0.98943632295201078     
   2.1999998000000001       ,   -1.3368665204333900       ,   -1.1184508662050716     
   2.2199998000000001       ,   -1.4711914245779290       ,   -1.2285378580755966     
   2.2399998000000001       ,   -1.5807466663192158       ,   -1.3185828719726249     
   2.2599998000000001       ,   -1.6645276753398934       ,   -1.3878294261705160     
   2.2799998000000001       ,   -1.7219825103043793       ,   -1.4358839963423173     
   2.2999998000000001       ,   -1.7530112989643878       ,   -1.4627145827787273     
   2.3199998000000002       ,   -1.7579577679377409       ,   -1.4686429782012613     
   2.3399998000000002       ,   -1.7375931817999075       ,   -1.4543309926619998     
   2.3599998000000002       ,   -1.6930931402204346       ,   -1.4207609958893903     
   2.3799998000000002       ,   -1.6260077996829430       ,   -1.3692112328564459     
   2.3999997999999998       ,   -1.5382261910355099       ,   -1.3012264537696574     
   2.4199997999999998       ,   -1.4319353942120496       ,   -1.2185844737708242     
   2.4399997999999998       ,   -1.3095754057436886       ,   -1.1232593393066777     
   2.4599997999999998       ,   -1.1737905922628908       ,   -1.0173818264925496     
   2.4799997999999999       ,   -1.0273786635404130       ,  -0.90319803126876796     
   2.4999997999999999       ,  -0.87323812145602198       ,  -0.78302683137167006     
   2.5199997999999999       ,  -0.71431514677316243       ,  -0.65921700602101840     
   2.5399997999999999       ,  -0.55355087404895365       ,  -0.53410479092208252     
   2.5599997999999999       ,  -0.39382997712920792       ,  -0.40997262409641438     
   2.5799998000000000       ,  -0.23793144437567743       ,  -0.28900980282693223     
   2.5999998000000000       ,   -8.8482365203862656E-002  ,  -0.17327572448170819     
   2.6199998000000000       ,    5.2084520968810222E-002  ,   -6.4666325217393364E-002
   2.6399998000000000       ,   0.18156884412369928       ,    3.5115738217230644E-002
   2.6599998000000000       ,   0.29803561371999798       ,   0.12458669577626874     
   2.6799998000000000       ,   0.39984274128558883       ,   0.20250267726283508     
   2.6999998000000001       ,   0.48566270293802416       ,   0.26787583816425353     
   2.7199998000000001       ,   0.55449807902272275       ,   0.31998539895757505     
   2.7399998000000001       ,   0.60569082009825592       ,   0.35838349475247000     
   2.7599998000000001       ,   0.63892520092103333       ,   0.38289582863875521     
   2.7799998000000001       ,   0.65422453503337863       ,   0.39361721730880134     
   2.7999998000000001       ,   0.65194183025805463       ,   0.39090220976286028     
   2.8199998000000002       ,   0.63274466815909647       ,   0.37535104758188370     
   2.8399998000000002       ,   0.59759468676693306       ,   0.34779131686773601     
   2.8599998000000002       ,   0.54772213414013571       ,   0.30925571612599484     
   2.8799998000000002       ,   0.48459603935001350       ,   0.26095642986461259     
   2.8999997999999998       ,   0.40989061609203331       ,   0.20425665342745131     
   2.9199997999999998       ,   0.32544857138810362       ,   0.14063985967738518     
   2.9399997999999998       ,   0.23324203696661552       ,    7.1677431884064419E-002
   2.9599997999999998       ,   0.13533187330325647       ,   -1.0046909467883738E-003
   2.9799997999999999       ,    3.3826115580890964E-002  ,   -7.5759700335344834E-002
   2.9999997999999999       ,   -6.9161663215718844E-002  ,  -0.15095328271394373     
   3.0199997999999999       ,  -0.17155330421174531       ,  -0.22499602306548530     
   3.0399997999999999       ,  -0.27134558217318744       ,  -0.29637423528292017     
   3.0599997999999999       ,  -0.36664757845779067       ,  -0.36367864425203356     
   3.0799998000000000       ,  -0.45571523850572626       ,  -0.42563039263400493     
   3.0999998000000000       ,  -0.53698250166749206       ,  -0.48110390280443188     
   3.1199998000000000       ,  -0.60908845825742297       ,  -0.52914619028838072     
   3.1399998000000000       ,  -0.67090006511449340       ,  -0.56899229806356644     
   3.1599998000000000       ,  -0.72153003538671556       ,  -0.60007659990467277     
   3.1799998000000000       ,  -0.76034960933389151       ,  -0.62203980402547299     
   3.1999998000000001       ,  -0.78699600915015477       ,  -0.63473157407667724     
   3.2199998000000001       ,  -0.80137448052842053       ,  -0.63820877146008803     
   3.2399998000000001       ,  -0.80365492523199633       ,  -0.63272940928418309     
   3.2599998000000001       ,  -0.79426323055996084       ,  -0.61874249247915136     
   3.2799998000000001       ,  -0.77386750152034223       ,  -0.59687399901327531     
   3.2999998000000001       ,  -0.74335949798641776       ,  -0.56790933227493867     
   3.3199998000000002       ,  -0.70383167036264271       ,  -0.53277264306660221     
   3.3399998000000002       ,  -0.65655027164171487       ,  -0.49250347998152716     
   3.3599998000000002       ,  -0.60292509959476515       ,  -0.44823127802963458     
   3.3799998000000002       ,  -0.54447648872242116       ,  -0.40114823624505397     
   3.3999997999999998       ,  -0.48280022617253382       ,  -0.35248116483403052     
   3.4199997999999998       ,  -0.41953110794362580       ,  -0.30346290060565762     
   3.4399997999999998       ,  -0.35630588038692595       ,  -0.25530389558807998     
   3.4599997999999998       ,  -0.29472632656572223       ,  -0.20916457772015420     
   3.4799997999999999       ,  -0.23632325694823902       ,  -0.16612906440979053     
   3.4999997999999999       ,  -0.18252214898303681       ,  -0.12718077989064328     
   3.5199997999999999       ,  -0.13461115039596153       ,   -9.3180486247674485E-002
   3.5399997999999999       ,   -9.3712116902267939E-002  ,   -6.4847186504736018E-002
   3.5599997999999999       ,   -6.0755297082687260E-002  ,   -4.2742297272681980E-002
   3.5799998000000000       ,   -3.6458206348989441E-002  ,   -2.7257419339362886E-002
   3.5999998000000000       ,   -2.1309149420574852E-002  ,   -1.8605958612924533E-002
   3.6199998000000000       ,   -1.5555758007289887E-002  ,   -1.6818768526142228E-002
   3.6399998000000000       ,   -1.9198809143315475E-002  ,   -2.1743900011755975E-002
   3.6599998000000000       ,   -3.1991481753340989E-002  ,   -3.3050458195580210E-002
   3.6799998000000000       ,   -5.3444096645707567E-002  ,   -5.0236477808997031E-002
   3.6999998000000001       ,   -8.2834270449377662E-002  ,   -7.2640643797837703E-002
   3.7199998000000001       ,  -0.11922229937331195       ,   -9.9457601485362437E-002
   3.7399998000000001       ,  -0.16147147645092363       ,  -0.12975652366292612     
   3.7599998000000001       ,  -0.20827293852516102       ,  -0.16250253177147045     
   3.7799998000000001       ,  -0.25817453896960846       ,  -0.19658050641187039     
   3.7999998000000001       ,  -0.30961315126641031       ,  -0.23082077013424993     
   3.8199998000000002       ,  -0.36094972916008122       ,  -0.26402608396710442     
   3.8399998000000002       ,  -0.41050638306392462       ,  -0.29499936940064214     
   3.8599998000000002       ,  -0.45660468135146159       ,  -0.32257155023972434     
   3.8799998000000002       ,  -0.49760435046732160       ,  -0.34562890433653026     
   3.8999997999999998       ,  -0.53194153046102843       ,  -0.36313932387805925     
   3.9199997999999998       ,  -0.55816574324431278       ,  -0.37417690453705765     
   3.9399997999999998       ,  -0.57497474987721497       ,  -0.37794431801731049     
   3.9599997999999998       ,  -0.58124651038059050       ,  -0.37379246868118648     
   3.9799997999999999       ,  -0.57606751442825466       ,  -0.36123699212249100     
   3.9999997999999999       ,  -0.55875682286339157       ,  -0.33997122057775209     
   4.0199997999999999       ,  -0.52888524699244555       ,  -0.30987531556768455     
   4.0399998000000004       ,  -0.48628919334705029       ,  -0.27102135054492554     
   4.0599997999999999       ,  -0.43107881404259057       ,  -0.22367421384776637     
   4.0799998000000004       ,  -0.36364022467223273       ,  -0.16828829304892773     
   4.0999998000000000       ,  -0.28463168027593089       ,  -0.10549999388241488     
   4.1199998000000004       ,  -0.19497373253380512       ,   -3.6116238323360542E-002
   4.1399998000000000       ,   -9.5833525032716249E-002  ,    3.8900824921679407E-002
   4.1599997999999996       ,    1.1396484750952306E-002  ,   0.11845258024891299     
   4.1799998000000000       ,   0.12512496122005318       ,   0.20132578059531828     
   4.1999997999999996       ,   0.24359274959822791       ,   0.28621699460506694     
   4.2199998000000001       ,   0.36490791506517989       ,   0.37175914237302249     
   4.2399997999999997       ,   0.48708402395555606       ,   0.45654954858818547     
   4.2599998000000001       ,   0.60808084932804718       ,   0.53917890625674891     
   4.2799997999999997       ,   0.72584662124763277       ,   0.61826052178769886     
   4.2999998000000001       ,   0.83836089939707292       ,   0.69245920365010050     
   4.3199997999999997       ,   0.94367712335568277       ,   0.76051916233013261     
   4.3399998000000002       ,    1.0399638948117096       ,   0.82129030888549670     
   4.3599997999999998       ,    1.1255440663813876       ,   0.87375237265590855     
   4.3799998000000002       ,    1.1989307533713154       ,   0.91703630497289124     
   4.3999997999999998       ,    1.2588594470185230       ,   0.95044249405322301     
   4.4199998000000003       ,    1.3043154892652407       ,   0.97345538541417953     
   4.4399997999999998       ,    1.3345562682947196       ,   0.98575418061775999     
   4.4599998000000003       ,    1.3491276087601216       ,   0.98721937321879238     
   4.4799997999999999       ,    1.3478739583795125       ,   0.97793497255810702     
   4.4999998000000003       ,    1.3309421105113464       ,   0.95818636146618519     
   4.5199997999999999       ,    1.2987783473589025       ,   0.92845383088896960     
   4.5399998000000004       ,    1.2521190372710149       ,   0.88940193073265106     
   4.5599997999999999       ,    1.1919748687771636       ,   0.84186486966825724     
   4.5799998000000004       ,    1.1196090500411160       ,   0.78682828511161551     
   4.5999998000000000       ,    1.0365099419010573       ,   0.72540778607483702     
   4.6199998000000004       ,   0.94435872226895923       ,   0.65882474419466053     
   4.6399998000000000       ,   0.84499279627462454       ,   0.58837987029901961     
   4.6599997999999996       ,   0.74036576732488235       ,   0.51542516392561333     
   4.6799998000000000       ,   0.63250486672243955       ,   0.44133486007524575     
   4.6999997999999996       ,   0.52346680157984216       ,   0.36747602028378240     
   4.7199998000000001       ,   0.41529302086869069       ,   0.29517942326622104     
   4.7399997999999997       ,   0.30996541646889103       ,   0.22571140369469098     
   4.7599998000000001       ,   0.20936346947423215       ,   0.16024726623044533     
   4.7799997999999997       ,   0.11522382177655378       ,    9.9846866191128758E-002
   4.7999998000000001       ,    2.9103199660605199E-002  ,    4.5432898982026654E-002
   4.8199997999999997       ,   -4.7654459078343328E-002  ,   -2.2276212463052240E-003
   4.8399998000000002       ,  -0.11394591847599923       ,   -4.2538285942047088E-002
   4.8599997999999998       ,  -0.16893095579528011       ,   -7.5084293789497603E-002
   4.8799998000000002       ,  -0.21204855770699493       ,   -9.9639293496458309E-002
   4.8999997999999998       ,  -0.24302662964982819       ,  -0.11616792660142157     
   4.9199998000000003       ,  -0.26188499765521900       ,  -0.12482402744756753     
   4.9399997999999998       ,  -0.26893163849186336       ,  -0.12594453674501060     
   4.9599998000000003       ,  -0.26475223253071378       ,  -0.12003928311940250     
   4.9799997999999999       ,  -0.25019329048548139       ,  -0.10777688145322509     
   4.9999998000000003       ,  -0.22633925640162661       ,   -8.9967085473870376E-002
   5.0199997999999999       ,  -0.19448413131992634       ,   -6.7540012867670779E-002
   5.0399998000000004       ,  -0.15609829150440815       ,   -4.1522732318153274E-002
   5.0599997999999999       ,  -0.11279128886315681       ,   -1.3013761620554010E-002
   5.0799998000000004       ,   -6.6271516434736263E-002  ,    1.6843926983138878E-002
   5.0999998000000000       ,   -1.8303696229203584E-002  ,    4.6890764972445355E-002
   5.1199998000000004       ,    2.9334801538742204E-002  ,    7.5978661447788046E-002
   5.1399998000000000       ,    7.4897771003630820E-002  ,   0.10299864156111951     
   5.1599997999999996       ,   0.11671307507459788       ,   0.12690740999774208     
   5.1799998000000000       ,   0.15322362353784449       ,   0.14675222661933363     
   5.1999997999999996       ,   0.18302545270661275       ,   0.16169352221138894     
   5.2199998000000001       ,   0.20490200383370419       ,   0.17102473639132723     
   5.2399997999999997       ,   0.21785378849580353       ,   0.17418892584968518     
   5.2599998000000001       ,   0.22112273964349294       ,   0.17079176765602408     
   5.2799997999999997       ,   0.21421067434909827       ,   0.16061066755609990     
   5.2999998000000001       ,   0.19689143542560367       ,   0.14359977500633550     
   5.3199997999999997       ,   0.16921643064192493       ,   0.11989080296797927     
   5.3399998000000002       ,   0.13151344657286723       ,    8.9789648943710831E-002
   5.3599997999999998       ,    8.4378775376268977E-002  ,    5.3768912060512972E-002
   5.3799998000000002       ,    2.8662853088898536E-002  ,    1.2456496865002836E-002
   5.3999997999999998       ,   -3.4550236500438848E-002  ,   -3.3379414357870639E-002
   5.4199998000000003       ,  -0.10396889147103802       ,   -8.2848654650644907E-002
   5.4399997999999998       ,  -0.17812511923520363       ,  -0.13496018930402714     
   5.4599998000000003       ,  -0.25540990689625076       ,  -0.18864555027755769     
   5.4799997999999999       ,  -0.33411197854831937       ,  -0.24278402906562926     
   5.4999998000000003       ,  -0.41245900331473417       ,  -0.29622902960351905     
   5.5199997999999999       ,  -0.48866026035356519       ,  -0.34783495770902412     
   5.5399998000000004       ,  -0.56094973355960032       ,  -0.39648401327052124     
   5.5599997999999999       ,  -0.62762860005566967       ,  -0.44111225612868238     
   5.5799998000000004       ,  -0.68710609298258163       ,  -0.48073433620597728     
   5.5999998000000000       ,  -0.73793776014052703       ,  -0.51446631240831076     
   5.6199998000000004       ,  -0.77886020468104034       ,  -0.54154603230843856     
   5.6399998000000000       ,  -0.80882148069432724       ,  -0.56135060445040152     
   5.6599997999999996       ,  -0.82700642304391803       ,  -0.57341056582504968     
   5.6799998000000000       ,  -0.83285631454595244       ,  -0.57742042693829188     
   5.6999997999999996       ,  -0.82608243153306682       ,  -0.57324536399026471     
   5.7199998000000001       ,  -0.80667315759733715       ,  -0.56092391990115031     
   5.7399997999999997       ,  -0.77489451122859099       ,  -0.54066667103675436     
   5.7599998000000001       ,  -0.73128409233875136       ,  -0.51285091221959633     
   5.7799997999999997       ,  -0.67663861139982406       ,  -0.47801150666677944     
   5.7999998000000001       ,  -0.61199531925290951       ,  -0.43682813762893324     
   5.8199997999999997       ,  -0.53860780181478540       ,  -0.39010928257162142     
   5.8399998000000002       ,  -0.45791673837121583       ,  -0.33877330675101680     
   5.8599997999999998       ,  -0.37151634165286013       ,  -0.28382713919994013     
   5.8799998000000002       ,  -0.28111729956426879       ,  -0.22634304891213172     
   5.8999997999999998       ,  -0.18850711985007454       ,  -0.16743408112657129     
   5.9199998000000003       ,   -9.5508838207865113E-002  ,  -0.10822874211378809     
   5.9399997999999998       ,   -3.9390860199044787E-003  ,   -4.9845535129793499E-002
   5.9599998000000003       ,    8.4433474817887239E-002  ,    6.6320500467770905E-003
   5.9799997999999999       ,   0.16792835573210912       ,    6.0179506266755577E-002
   5.9999998000000003       ,   0.24499112711222257       ,   0.10985367782658832     
   6.0199997999999999       ,   0.31422808940103303       ,   0.15481301187815560     
   6.0399998000000004       ,   0.37443691534982299       ,   0.19433522949057552     
   6.0599997999999999       ,   0.42463255068733979       ,   0.22783201835517958     
   6.0799998000000004       ,   0.46406777888777884       ,   0.25486042323771818     
   6.0999998000000000       ,   0.49224798808749815       ,   0.27513069173425797     
   6.1199998000000004       ,   0.50893982119115644       ,   0.28851041967049185     
   6.1399998000000000       ,   0.51417354027354345       ,   0.29502493046904155     
   6.1599997999999996       ,   0.50823908981362242       ,   0.29485391379992870     
   6.1799998000000000       ,   0.49167599631445075       ,   0.28832443861614221     
   6.1999997999999996       ,   0.46525739071671013       ,   0.27590054209045667     
   6.2199998000000001       ,   0.42996858107347852       ,   0.25816967693575088     
   6.2399997999999997       ,   0.38698073279841300       ,   0.23582637317756450     
   6.2599998000000001       ,   0.33762032929958452       ,   0.20965353491263364     
   6.2799997999999997       ,   0.28333518420763626       ,   0.18050184642124609     
   6.2999998000000001       ,   0.22565785537541316       ,   0.14926780396195943     
   6.3199997999999997       ,   0.16616736853454267       ,   0.11687091871931446     
   6.3399998000000002       ,   0.10645019364368725       ,    8.4230652070922715E-002
   6.3599997999999998       ,    4.8061428819178006E-002  ,    5.2243646294620548E-002
   6.3799998000000002       ,   -7.5128648549548710E-003  ,    2.1761802090618100E-002
   6.3999997999999998       ,   -5.8891268959095223E-002  ,   -6.4282707755863337E-003
   6.4199998000000003       ,  -0.10482970178791937       ,   -3.1623941097246581E-002
   6.4399997999999998       ,  -0.14425042595391205       ,   -5.3222942818700068E-002
   6.4599998000000003       ,  -0.17626669032150397       ,   -7.0737080949717382E-002
   6.4799997999999999       ,  -0.20020243869983673       ,   -8.3802945619992172E-002
   6.4999998000000003       ,  -0.21560664253298528       ,   -9.2189398636256303E-002
   6.5199997999999999       ,  -0.22226194963869544       ,   -9.5801677634320848E-002
   6.5399998000000004       ,  -0.22018748247560987       ,   -9.4682046825011634E-002
   6.5599997999999999       ,  -0.20963576393787475       ,   -8.9007008343259850E-002
   6.5799998000000004       ,  -0.19108389270542323       ,   -7.9081172237538230E-002
   6.5999998000000000       ,  -0.16521923017468024       ,   -6.5327964134693814E-002
   6.6199998000000004       ,  -0.13291999353849079       ,   -4.8277425623983232E-002
   6.6399998000000000       ,   -9.5231271464483208E-002  ,   -2.8551431600866164E-002
   6.6599997999999996       ,   -5.3337087112878392E-002  ,   -6.8467095530935062E-003
   6.6799998000000000       ,   -8.5292253704646465E-003  ,    1.6083903364483728E-002
   6.6999997999999996       ,    3.7826384992295986E-002  ,    3.9451489804720609E-002
   6.7199998000000001       ,    8.4324889689453328E-002  ,    6.2451864714862963E-002
   6.7399997999999997       ,   0.12955845057547472       ,    8.4286651951072988E-002
   6.7599998000000001       ,   0.17215202246456396       ,   0.10418410359881056     
   6.7799997999999997       ,   0.21079808799702929       ,   0.12141915080886240     
   6.7999998000000001       ,   0.24428950589249984       ,   0.13533219760867790     
   6.8199997999999997       ,   0.27154968085936287       ,   0.14534620356209679     
   6.8399998000000002       ,   0.29165933535978628       ,   0.15098164638952730     
   6.8599997999999998       ,   0.30387925242812847       ,   0.15186901052812468     
   6.8799998000000002       ,   0.30766846246940832       ,   0.14775851068405879     
   6.8999997999999998       ,   0.30269746274041148       ,   0.13852682909255129     
   6.9199998000000003       ,   0.28885618308075445       ,   0.12418071969402925     
   6.9399997999999998       ,   0.26625654225684586       ,   0.10485740989022331     
   6.9599998000000003       ,   0.23522957273175071       ,    8.0821809039653386E-002
   6.9799997999999999       ,   0.19631722446558611       ,    5.2460610456088304E-002
   6.9999998000000003       ,   0.15025908721784387       ,    2.0273448493547383E-002
   7.0199997999999999       ,    9.7974392626498902E-002  ,   -1.5138657469476570E-002
   7.0399998000000004       ,    4.0539769144415566E-002  ,   -5.3087276373588586E-002
   7.0599997999999999       ,   -2.0836677936532370E-002  ,   -9.2812604192710535E-002
   7.0799998000000004       ,   -8.4844304968400341E-002  ,  -0.13350116895635952     
   7.0999998000000000       ,  -0.15010116325661887       ,  -0.17430476605654119     
   7.1199998000000004       ,  -0.21518675462673845       ,  -0.21436016180618533     
   7.1399998000000000       ,  -0.27867550719251089       ,  -0.25280908868579532     
   7.1599997999999996       ,  -0.33917015970921138       ,  -0.28881805290524321     
   7.1799998000000000       ,  -0.39533425328649230       ,  -0.32159748376746278     
   7.1999997999999996       ,  -0.44592295910581442       ,  -0.35041977451315159     
   7.2199998000000001       ,  -0.48981151918942450       ,  -0.37463579523706292     
   7.2399997999999997       ,  -0.52602064280244676       ,  -0.39368949922627233     
   7.2599998000000001       ,  -0.55373828192914865       ,  -0.40713029357489755     
   7.2799997999999997       ,  -0.57233730327991916       ,  -0.41462290187011869     
   7.2999998000000001       ,  -0.58138867898719782       ,  -0.41595450964450936     
   7.3199997999999997       ,  -0.58066993082885476       ,  -0.41103905054267248     
   7.3399998000000002       ,  -0.57016868060297310       ,  -0.39991856105965556     
   7.3599997999999998       ,  -0.55008127920196981       ,  -0.38276160253304281     
   7.3799998000000002       ,  -0.52080660601280304       ,  -0.35985881906559586     
   7.3999997999999998       ,  -0.48293524557732254       ,  -0.33161576751849958     
   7.4199998000000003       ,  -0.43723435718625886       ,  -0.29854321902704833     
   7.4399997999999998       ,  -0.38462865265448892       ,  -0.26124518915428641     
   7.4599998000000003       ,  -0.32617798559736771       ,  -0.22040500447506492     
   7.4799997999999999       ,  -0.26305213007869888       ,  -0.17676975592479596     
   7.4999998000000003       ,  -0.19650338587344940       ,  -0.13113352272105069     
   7.5199997999999999       ,  -0.12783769052706886       ,   -8.4319774376595949E-002
   7.5399998000000004       ,   -5.8384944068196186E-002  ,   -3.7163371824364404E-002
   7.5599997999999999       ,    1.0530739743961468E-002  ,    9.5074082171899572E-003
   7.5799998000000004       ,    7.7620151324307107E-002  ,    5.4888408721839171E-002
   7.5999998000000000       ,   0.14165679466797193       ,    9.8216287961884988E-002
   7.6199998000000004       ,   0.20150275344774668       ,   0.13878400214819950     
   7.6399998000000000       ,   0.25613203670169332       ,   0.17595473724772434     
   7.6599997999999996       ,   0.30465089792615130       ,   0.20917399497897754     
   7.6799998000000000       ,   0.34631470354445676       ,   0.23797958728494484     
   7.6999997999999996       ,   0.38054101789591033       ,   0.26200934800557268     
   7.7199998000000001       ,   0.40691866966970774       ,   0.28100642859250313     
   7.7399997999999997       ,   0.42521266655310930       ,   0.29482210503051298     
   7.7599998000000001       ,   0.43536492816787797       ,   0.30341608412564880     
   7.7799997999999997       ,   0.43749090953346648       ,   0.30685435746863826     
   7.7999998000000001       ,   0.43187228578956860       ,   0.30530470920929176     
   7.8199997999999997       ,   0.41894596133700912       ,   0.29903003789046106     
   7.8399998000000002       ,   0.39928975070933131       ,   0.28837970171227867     
   7.8599997999999998       ,   0.37360515240741482       ,   0.27377913959890610     
   7.8799998000000002       ,   0.34269769894661328       ,   0.25571805636374012     
   7.8999997999999998       ,   0.30745541514010594       ,   0.23473748835252689     
   7.9199998000000003       ,   0.26882595119089825       ,   0.21141608563505018     
   7.9399997999999998       ,   0.22779297688353439       ,   0.18635595778466463     
   7.9599998000000003       ,   0.18535242783691086       ,   0.16016843242644743     
   7.9799997999999999       ,   0.14248918457010815       ,   0.13346006917016404     
   7.9999998000000003       ,   0.10015474058753779       ,   0.10681925661262021     
   8.0199998000000008       ,    5.9246377708012193E-002  ,    8.0803697340884786E-002
   8.0399998000000004       ,    2.0588316670567368E-002  ,    5.5929056027067249E-002
   8.0599997999999999       ,   -1.5084749835135209E-002  ,    3.2659009677955438E-002
   8.0799997999999995       ,   -4.7141404382039426E-002  ,    1.1396897930240752E-002
   8.0999998000000009       ,   -7.5064271718420755E-002  ,   -7.5208738822750854E-003
   8.1199998000000004       ,   -9.8457626492988476E-002  ,   -2.3829574085728250E-002
   8.1399998000000000       ,  -0.11705174724333969       ,   -3.7338971044346303E-002
   8.1599997999999996       ,  -0.13070400690075573       ,   -4.7934240741423120E-002
   8.1799997999999992       ,  -0.13939677314331417       ,   -5.5574998241081704E-002
   8.1999998000000005       ,  -0.14323227118317369       ,   -6.0292541896197788E-002
   8.2199998000000001       ,  -0.14242463503971572       ,   -6.2185441910205509E-002
   8.2399997999999997       ,  -0.13728943925208162       ,   -6.1413643133153867E-002
   8.2599997999999992       ,  -0.12823105977664007       ,   -5.8191284886926882E-002
   8.2799998000000006       ,  -0.11572825921764551       ,   -5.2778467439772103E-002
   8.2999998000000001       ,  -0.10031842656835488       ,   -4.5472214927956063E-002
   8.3199997999999997       ,   -8.2580924626272034E-002  ,   -3.6596897679062892E-002
   8.3399997999999993       ,   -6.3120008848758055E-002  ,   -2.6494382844793135E-002
   8.3599998000000006       ,   -4.2547779623164896E-002  ,   -1.5514181010961548E-002
   8.3799998000000002       ,   -2.1467616053607197E-002  ,   -4.0038482173746330E-003
   8.3999997999999998       ,   -4.5851403994194573E-004  ,    7.7001120312649015E-003
   8.4199997999999994       ,    1.9939284441474695E-002  ,    1.9280623105112228E-002
   8.4399998000000007       ,    3.9237029176570744E-002  ,    3.0447488581249935E-002
   8.4599998000000003       ,    5.7008278189423021E-002  ,    4.0943758064275450E-002
   8.4799997999999999       ,    7.2897563951871802E-002  ,    5.0550873474437222E-002
   8.4999997999999994       ,    8.6626744664076258E-002  ,    5.9092500889440354E-002
   8.5199998000000008       ,    9.7998943034095967E-002  ,    6.6436991704187820E-002
   8.5399998000000004       ,   0.10690004307311798       ,    7.2498456048032650E-002
   8.5599997999999999       ,   0.11329778266656307       ,    7.7236470006454616E-002
   8.5799997999999995       ,   0.11723854429473138       ,    8.0654475204975887E-002
   8.5999998000000009       ,   0.11884200657976815       ,    8.2796963763023881E-002
   8.6199998000000004       ,   0.11829387379568078       ,    8.3745572637973636E-002
   8.6399998000000000       ,   0.11583694774823088       ,    8.3614238188932183E-002
   8.6599997999999996       ,   0.11176084538378736       ,    8.2543583758961758E-002
   8.6799997999999992       ,   0.10639069523787460       ,    8.0694729710301699E-002
   8.6999998000000005       ,   0.10007516576717260       ,    7.8242726311177416E-002
   8.7199998000000001       ,    9.3174188381721285E-002  ,    7.5369814987418640E-002
   8.7399997999999997       ,    8.6046737546929569E-002  ,    7.2258722702774295E-002
   8.7599997999999992       ,    7.9039019875648320E-002  ,    6.9086187764396054E-002
   8.7799998000000006       ,    7.2473404164265537E-002  ,    6.6016903464160961E-002
   8.7999998000000001       ,    6.6638395578901499E-002  ,    6.3198049104890103E-002
   8.8199997999999997       ,    6.1779920629237019E-002  ,    6.0754556694182574E-002
   8.8399997999999993       ,    5.8094146335446330E-002  ,    5.8785236599218818E-002
   8.8599998000000006       ,    5.5722008416620651E-002  ,    5.7359857515379822E-002
   8.8799998000000002       ,    5.4745570848461628E-002  ,    5.6517246049332469E-002
   8.8999997999999998       ,    5.5186284277376679E-002  ,    5.6264439936157921E-002
   8.9199997999999994       ,    5.7005155099656785E-002  ,    5.6576897301473410E-002
   8.9399998000000007       ,    6.0104782076672796E-002  ,    5.7399733337992205E-002
   8.9599998000000003       ,    6.4333164671591753E-002  ,    5.8649926155160508E-002
   8.9799997999999999       ,    6.9489138284662022E-002  ,    6.0219406189493480E-002
   8.9999997999999994       ,    7.5329247532572613E-002  ,    6.1978919165211373E-002
   9.0199998000000008       ,    8.1575830804280727E-002  ,    6.3782531807926465E-002
   9.0399998000000004       ,    8.7926058485318204E-002  ,    6.5472632865405486E-002
   9.0599997999999999       ,    9.4061644218738277E-002  ,    6.6885269881646073E-002
   9.0799997999999995       ,    9.9658933879171213E-002  ,    6.7855654872976540E-002
   9.0999998000000009       ,   0.10439907085431285       ,    6.8223669697954320E-002
   9.1199998000000004       ,   0.10797793878951943       ,    6.7839204486161334E-002
   9.1399998000000000       ,   0.11011559395011762       ,    6.6567169845889437E-002
   9.1599997999999996       ,   0.11056491835502154       ,    6.4292035426175356E-002
   9.1799997999999992       ,   0.10911925118091435       ,    6.0921763360997222E-002
   9.1999998000000005       ,   0.10561878878019293       ,    5.6391024659222487E-002
   9.2199998000000001       ,    9.9955581980595620E-002  ,    5.0663609115603185E-002
   9.2399997999999997       ,    9.2077001984074452E-002  ,    4.3733964122425362E-002
   9.2599997999999992       ,    8.1987591896080930E-002  ,    3.5627824119218769E-002
   9.2799998000000006       ,    6.9749268364694778E-002  ,    2.6401919555597259E-002
   9.2999998000000001       ,    5.5479885631458718E-002  ,    1.6142781373898310E-002
   9.3199997999999997       ,    3.9350221139224442E-002  ,    4.9646833675060101E-003
   9.3399997999999993       ,    2.1579486398015518E-002  ,   -6.9932104072661337E-003
   9.3599998000000006       ,    2.4295078492589748E-003  ,   -1.9570403386272320E-002
   9.3799998000000002       ,   -1.7802241123245518E-002  ,   -3.2589219881313039E-002
   9.3999997999999998       ,   -3.8790545083063274E-002  ,   -4.5859428173417469E-002
   9.4199997999999994       ,   -6.0191051982280405E-002  ,   -5.9183194827193142E-002
   9.4399998000000007       ,   -8.1649325431243633E-002  ,   -7.2360223301609516E-002
   9.4599998000000003       ,  -0.10281008013495720       ,   -8.5192925830343491E-002
   9.4799997999999999       ,  -0.12332633452872846       ,   -9.7491477852950495E-002
   9.4999997999999994       ,  -0.14286821995629387       ,  -0.10907860894720768     
   9.5199998000000008       ,  -0.16113119843004858       ,  -0.11979399307078452     
   9.5399998000000004       ,  -0.17784346065974621       ,  -0.12949811367740552     
   9.5599997999999999       ,  -0.19277230200745660       ,  -0.13807549553171097     
   9.5799997999999995       ,  -0.20572930552553759       ,  -0.14543721431502038     
   9.5999998000000009       ,  -0.21657419731662814       ,  -0.15152261681707677     
   9.6199998000000004       ,  -0.22521727905592795       ,  -0.15630020800809982     
   9.6399998000000000       ,  -0.23162038448318578       ,  -0.15976768589680337     
   9.6599997999999996       ,  -0.23579634979555106       ,  -0.16195113009260265     
   9.6799997999999992       ,  -0.23780703092145039       ,  -0.16290337468720539     
   9.6999998000000005       ,  -0.23775994241094114       ,  -0.16270161974891953     
   9.7199998000000001       ,  -0.23580363196700890       ,  -0.16144435771268822     
   9.7399997999999997       ,  -0.23212194037056028       ,  -0.15924771063230628     
   9.7599997999999992       ,  -0.22692732773352961       ,  -0.15624129108966262     
   9.7799998000000006       ,  -0.22045347279805752       ,  -0.15256371306385744     
   9.7999998000000001       ,  -0.21294737169136618       ,  -0.14835788888179710     
   9.8199997999999997       ,  -0.20466117562705363       ,  -0.14376625423809636     
   9.8399997999999993       ,  -0.19584401318436140       ,  -0.13892606503518815     
   9.8599998000000006       ,  -0.18673404186386344       ,  -0.13396490741988307     
   9.8799998000000002       ,  -0.17755096567636261       ,  -0.12899655596196619     
   9.8999997999999998       ,  -0.16848924083227906       ,  -0.12411730462889170     
   9.9199997999999994       ,  -0.15971217060954346       ,  -0.11940288136075326     
   9.9399998000000007       ,  -0.15134706381025514       ,  -0.11490604004231517     
   9.9599998000000003       ,  -0.14348159964687854       ,  -0.11065490399152432     
   9.9799997999999999       ,  -0.13616150633687177       ,  -0.10665211329694685     
   9.9999997999999994       ,  -0.12938962214671668       ,  -0.10287480505715209     
   10.019999800000001       ,  -0.12312636720669938       ,   -9.9275431459815489E-002
   10.039999800000000       ,  -0.11729161325856569       ,   -9.5783396365127560E-002
   10.059999800000000       ,  -0.11176789775680851       ,   -9.2307467306971494E-002
   10.079999800000000       ,  -0.10640488956250049       ,   -8.8738897259991428E-002
   10.099999800000001       ,  -0.10102497693971162       ,   -8.4955169769897698E-002
   10.119999800000000       ,   -9.5429815705094539E-002  ,   -8.0824262685213061E-002
   10.139999800000000       ,   -8.9407647102070359E-002  ,   -7.6209310270483471E-002
   10.159999800000000       ,   -8.2741172053695619E-002  ,   -7.0973531351886499E-002
   10.179999799999999       ,   -7.5215751523446242E-002  ,   -6.4985282681463086E-002
   10.199999800000001       ,   -6.6627692244500047E-002  ,   -5.8123092139649737E-002
   10.219999800000000       ,   -5.6792373349939092E-002  ,   -5.0280525853497668E-002
   10.239999800000000       ,   -4.5551972546750467E-002  ,   -4.1370746805448798E-002
   10.259999799999999       ,   -3.2782560335574501E-002  ,   -3.1330629949590204E-002
   10.279999800000001       ,   -1.8400347110667271E-002  ,   -2.0124310036100403E-002
   10.299999800000000       ,   -2.3668903287826521E-003  ,   -7.7460529655707508E-003
   10.319999800000000       ,    1.5306903303988545E-002  ,    5.7776408446259990E-003
   10.339999799999999       ,    3.4558113273906156E-002  ,    2.0386772379203631E-002
   10.359999800000001       ,    5.5270574814787726E-002  ,    3.5987468294000728E-002
   10.379999800000000       ,    7.7275140130823039E-002  ,    5.2452518957406324E-002
   10.399999800000000       ,   0.10035144820193168       ,    6.9622831271981822E-002
   10.419999799999999       ,   0.12423117884438199       ,    8.7309772755929382E-002
   10.439999800000001       ,   0.14860272597410956       ,   0.10529835938207864     
   10.459999800000000       ,   0.17311718591507208       ,   0.12335121687970062     
   10.479999800000000       ,   0.19739552016814954       ,   0.14121322421205751     
   10.499999799999999       ,   0.22103671929065960       ,   0.15861672931040827     
   10.519999800000001       ,   0.24362676631597280       ,   0.17528721136922748     
   10.539999800000000       ,   0.26474817522558663       ,   0.19094925150553760     
   10.559999800000000       ,   0.28398986298781798       ,   0.20533266468725112     
   10.579999800000000       ,   0.30095710305294116       ,   0.21817864077344909     
   10.599999800000001       ,   0.31528130422781731       ,   0.22924574141346502     
   10.619999800000000       ,   0.32662936164865680       ,   0.23831560244492600     
   10.639999800000000       ,   0.33471233605269846       ,   0.24519819823133088     
   10.659999800000000       ,   0.33929323346424883       ,   0.24973653490154829     
   10.679999799999999       ,   0.34019367933313416       ,   0.25181065341323866     
   10.699999800000001       ,   0.33729930851071793       ,   0.25134084038605070     
   10.719999800000000       ,   0.33056372449443183       ,   0.24828996428574537     
   10.739999800000000       ,   0.32001091726769815       ,   0.24266487626690555     
   10.759999799999999       ,   0.30573606786009322       ,   0.23451683822714958     
   10.779999800000001       ,   0.28790470843057142       ,   0.22394096477927461     
   10.799999800000000       ,   0.26675024816602427       ,   0.21107469027877249     
   10.819999800000000       ,   0.24256991650180570       ,   0.19609529611734078     
   10.839999799999999       ,   0.21571921503479033       ,   0.17921655658619870     
   10.859999800000001       ,   0.18660500697671573       ,   0.16068458313301542     
   10.879999800000000       ,   0.15567740711680200       ,   0.14077296623476981     
   10.899999800000000       ,   0.12342066515033082       ,   0.11977733089645080     
   10.919999799999999       ,    9.0343260121639582E-002  ,    9.8009435544421403E-002
   10.939999800000001       ,    5.6967442997314044E-002  ,    7.5790954477560402E-002
   10.959999800000000       ,    2.3818477550617948E-002  ,    5.3447090823863556E-002
   10.979999800000000       ,   -8.5861635147182341E-003  ,    3.1300169975652138E-002
   10.999999799999999       ,   -3.9747390090111939E-002  ,    9.6633626935789269E-003
   11.019999800000001       ,   -6.9194623080842801E-002  ,   -1.1165317471636165E-002
   11.039999800000000       ,   -9.6495221656755004E-002  ,   -3.0908605941685499E-002
   11.059999800000000       ,  -0.12126298994765985       ,   -4.9315043078394120E-002
   11.079999800000000       ,  -0.14316556793189783       ,   -6.6163383936967995E-002
   11.099999800000001       ,  -0.16193054020854278       ,   -8.1266268580188233E-002
   11.119999800000000       ,  -0.17735012931392946       ,   -9.4473079089732875E-002
   11.139999800000000       ,  -0.18928437636377396       ,  -0.10567193041496040     
   11.159999800000000       ,  -0.19766275011806861       ,  -0.11479076428619499     
   11.179999799999999       ,  -0.20248416507157996       ,  -0.12179753800539973     
   11.199999800000001       ,  -0.20381542883784057       ,  -0.12669952242085752     
   11.219999800000000       ,  -0.20178817789207282       ,  -0.12954174521159922     
   11.239999800000000       ,  -0.19659439767131834       ,  -0.13040463619276815     
   11.259999799999999       ,  -0.18848065715726092       ,  -0.12940095018423570     
   11.279999800000001       ,  -0.17774121852811442       ,  -0.12667205959261890     
   11.299999800000000       ,  -0.16471020850249279       ,  -0.12238372283612002     
   11.319999800000000       ,  -0.14975305897390465       ,  -0.11672144576081320     
   11.339999799999999       ,  -0.13325743995074954       ,  -0.10988556100657622     
   11.359999800000001       ,  -0.11562391732424346       ,  -0.10208615471888335     
   11.379999800000000       ,   -9.7256571394365873E-002  ,   -9.3537970998389605E-002
   11.399999800000000       ,   -7.8553809361952304E-002  ,   -8.4455422054965340E-002
   11.419999799999999       ,   -5.9899596275141173E-002  ,   -7.5047826298514059E-002
   11.439999800000001       ,   -4.1655314488316095E-002  ,   -6.5514987754047044E-002
   11.459999800000000       ,   -2.4152441987368309E-002  ,   -5.6043218512226475E-002
   11.479999800000000       ,   -7.6862155270351687E-003  ,   -4.6801891770088679E-002
   11.499999799999999       ,    7.4895838959660541E-003  ,   -3.7940596793313436E-002
   11.519999800000001       ,    2.1166617357202856E-002  ,   -2.9586949304745501E-002
   11.539999800000000       ,    3.3184674233547581E-002  ,   -2.1845091875071165E-002
   11.559999800000000       ,    4.3433021913965746E-002  ,   -1.4794899385142311E-002
   11.579999800000000       ,    5.1850418482394675E-002  ,   -8.4918850794320037E-003
   11.599999800000001       ,    5.8423823314254074E-002  ,   -2.9677836651339539E-003
   11.619999800000000       ,    6.3185874572117315E-002  ,    1.7682301589960485E-003
   11.639999800000000       ,    6.6211234333775099E-002  ,    5.7277459593019168E-003
   11.659999800000000       ,    6.7611930716667282E-002  ,    8.9408175215690937E-003
   11.679999799999999       ,    6.7531851146298533E-002  ,    1.1453243835024678E-002
   11.699999800000001       ,    6.6140561230812051E-002  ,    1.3323526271795571E-002
   11.719999800000000       ,    6.3626639052234743E-002  ,    1.4619604140433491E-002
   11.739999800000000       ,    6.0190724705985972E-002  ,    1.5415474828095825E-002
   11.759999799999999       ,    5.6038489398479677E-002  ,    1.5787805732092181E-002
   11.779999800000001       ,    5.1373727281841274E-002  ,    1.5812643128627301E-002
   11.799999800000000       ,    4.6391766549126356E-002  ,    1.5562318128368129E-002
   11.819999800000000       ,    4.1273384364097027E-002  ,    1.5102642098108132E-002
   11.839999799999999       ,    3.6179393327257579E-002  ,    1.4490473632536728E-002
   11.859999800000001       ,    3.1246045883931581E-002  ,    1.3771726653858467E-002
   11.879999800000000       ,    2.6581377974662406E-002  ,    1.2979874871263446E-002
   11.899999800000000       ,    2.2262585024398873E-002  ,    1.2134992065498335E-002
   11.919999799999999       ,    1.8334492853767079E-002  ,    1.1243350929778042E-002
   11.939999800000001       ,    1.4809154118352241E-002  ,    1.0297585973344658E-002
   11.959999800000000       ,    1.1666568318720276E-002  ,    9.2774087639977999E-003
   11.979999800000000       ,    8.8564911629324602E-003  ,    8.1508470330025461E-003
   11.999999799999999       ,    6.3012679785861281E-003  ,    6.8759633552361917E-003
   12.019999800000001       ,    3.8995967996937660E-003  ,    5.4029946852831093E-003
   12.039999800000000       ,    1.5311004726463271E-003  ,    3.6768413715406998E-003
   12.059999800000000       ,   -9.3843566694714296E-004  ,    1.6398237290580419E-003
   12.079999800000000       ,   -3.6513226980265517E-003  ,   -7.6538388867071353E-004
   12.099999800000001       ,   -6.7518998766610324E-003  ,   -3.5927371023999895E-003
   12.119999800000000       ,   -1.0380324723391350E-002  ,   -6.8898219514833712E-003
   12.139999800000000       ,   -1.4666410921974966E-002  ,   -1.0694970054086633E-002
   12.159999800000000       ,   -1.9723702280933963E-002  ,   -1.5034583888633810E-002
   12.179999799999999       ,   -2.5643964570295757E-002  ,   -1.9920761994886460E-002
   12.199999800000001       ,   -3.2492265594023399E-002  ,   -2.5349305719621476E-002
   12.219999800000000       ,   -4.0302797717693711E-002  ,   -3.1298178622922210E-002
   12.239999800000000       ,   -4.9075576688537639E-002  ,   -3.7726477110152451E-002
   12.259999799999999       ,   -5.8774126519620301E-002  ,   -4.4573956609574014E-002
   12.279999800000001       ,   -6.9324233116293835E-002  ,   -5.1761142068911026E-002
   12.299999800000000       ,   -8.0613819933558206E-002  ,   -5.9190035122381815E-002
   12.319999800000000       ,   -9.2493968058598983E-002  ,   -6.6745413431662973E-002
   12.339999799999999       ,  -0.10478107154151232       ,   -7.4296700888822634E-002
   12.359999800000001       ,  -0.11726008739246679       ,   -8.1700371043385192E-002
   12.379999800000000       ,  -0.12968880926148604       ,   -8.8802830721792791E-002
   12.399999800000000       ,  -0.14180306522498815       ,   -9.5443716762143083E-002
   12.419999799999999       ,  -0.15332271407833808       ,  -0.10145952646960016     
   12.439999800000001       ,  -0.16395829176373511       ,  -0.10668749214092825     
   12.459999800000000       ,  -0.17341814064784111       ,  -0.11096960208711748     
   12.479999800000000       ,  -0.18141583980148571       ,  -0.11415666521560110     
   12.499999799999999       ,  -0.18767774460688358       ,  -0.11611231356447188     
   12.519999800000001       ,  -0.19195043918411925       ,  -0.11671683728544516     
   12.539999800000000       ,  -0.19400790541515470       ,  -0.11587074945175709     
   12.559999800000000       ,  -0.19365821774401715       ,  -0.11349798365070200     
   12.579999800000000       ,  -0.19074958330697842       ,  -0.10954863546626688     
   12.599999800000001       ,  -0.18517556202887425       ,  -0.10400116945690148     
   12.619999800000000       ,  -0.17687932072255688       ,   -9.6864025817573030E-002
   12.639999800000000       ,  -0.16585679844888876       ,   -8.8176575260964327E-002
   12.659999800000000       ,  -0.15215868683853956       ,   -7.8009386392311503E-002
   12.679999799999999       ,  -0.13589115806700619       ,   -6.6463786582882212E-002
   12.699999800000001       ,  -0.11721530397005220       ,   -5.3670714641201080E-002
   12.719999800000000       ,   -9.6345281603515825E-002  ,   -3.9788880998008501E-002
   12.739999800000000       ,   -7.3545192580765778E-002  ,   -2.5002268217997552E-002
   12.759999799999999       ,   -4.9124754951823682E-002  ,   -9.5170209956457665E-003
   12.779999800000001       ,   -2.3433856426741846E-002  ,    6.4422100286094025E-003
   12.799999800000000       ,    3.1438943628286937E-003  ,    2.2636392663152996E-002
   12.819999800000000       ,    3.0198476824361643E-002  ,    3.8816616057005121E-002
   12.839999799999999       ,    5.7301464271444093E-002  ,    5.4728872807998680E-002
   12.859999800000001       ,    8.4014545807602453E-002  ,    7.0119013853722365E-002
   12.879999800000000       ,   0.10989837019749092       ,    8.4737765145491348E-002
   12.899999800000000       ,   0.13452150930686993       ,    9.8345693233708037E-002
   12.919999799999999       ,   0.15746933525088175       ,   0.11071800775417895     
   12.939999800000001       ,   0.17835260696743702       ,   0.12164909236983464     
   12.959999800000000       ,   0.19681556847439258       ,   0.13095666189353672     
   12.979999800000000       ,   0.21254337239795884       ,   0.13848545193379785     
   12.999999799999999       ,   0.22526865817865857       ,   0.14411035824469340     
   13.019999800000001       ,   0.23477713426395205       ,   0.14773895574869716     
   13.039999800000000       ,   0.24091203707719941       ,   0.14931334161472884     
   13.059999800000000       ,   0.24357736601977503       ,   0.14881126245358076     
   13.079999800000000       ,   0.24273982255480653       ,   0.14624650225052935     
   13.099999800000001       ,   0.23842941182238525       ,   0.14166852468332863     
   13.119999800000000       ,   0.23073869649707968       ,   0.13516138055734406     
   13.139999800000000       ,   0.21982072395342511       ,   0.12684190781521387     
   13.159999800000000       ,   0.20588567849128092       ,   0.11685726754517664     
   13.179999799999999       ,   0.18919633965010688       ,   0.10538187424163856     
   13.199999800000001       ,   0.17006245480978849       ,    9.2613791916611760E-002
   13.219999800000000       ,   0.14883415869321889       ,    7.8770679214084025E-002
   13.239999800000000       ,   0.12589459348319945       ,    6.4085376180842299E-002
   13.259999799999999       ,   0.10165190056050498       ,    4.8801232589400563E-002
   13.279999800000001       ,    7.6530767975574621E-002  ,    3.3167282541300934E-002
   13.299999800000000       ,    5.0963726404124082E-002  ,    1.7433372412655881E-002
   13.319999800000000       ,    2.5382390339404988E-002  ,    1.8453490104789637E-003
   13.339999799999999       ,    2.0884058852097855E-004  ,   -1.3359587877712359E-002
   13.359999800000001       ,   -2.4152661170607086E-002  ,   -2.7957269443371381E-002
   13.379999800000000       ,   -4.7323444776545730E-002  ,   -4.1740586560046651E-002
   13.399999800000000       ,   -6.8957523852008110E-002  ,   -5.4523080840778809E-002
   13.419999799999999       ,   -8.8747858608785729E-002  ,   -6.6142026829599465E-002
   13.439999800000001       ,  -0.10643166089000047       ,   -7.6460946779017464E-002
   13.459999800000000       ,  -0.12179463697160506       ,   -8.5371513317379605E-002
   13.479999800000000       ,  -0.13467408964170186       ,   -9.2794809995454641E-002
   13.499999799999999       ,  -0.14496082859742715       ,   -9.8681934858847437E-002
   13.519999800000001       ,  -0.15259986656623642       ,  -0.10301394745446517     
   13.539999800000000       ,  -0.15758990708020151       ,  -0.10580117468085525     
   13.559999800000000       ,  -0.15998165782279325       ,  -0.10708190528158842     
   13.579999800000000       ,  -0.15987503026346428       ,  -0.10692051622616262     
   13.599999800000001       ,  -0.15741531127020858       ,  -0.10540508642057737     
   13.619999800000000       ,  -0.15278841497055018       ,  -0.10264456387140031     
   13.639999800000000       ,  -0.14621534280979456       ,   -9.8765561365490875E-002
   13.659999800000000       ,  -0.13794599610176075       ,   -9.3908862741246088E-002
   13.679999799999999       ,  -0.12825249803849267       ,   -8.8225726784411429E-002
   13.699999800000001       ,  -0.11742219087246542       ,   -8.1874078602199071E-002
   13.719999800000000       ,  -0.10575047865711085       ,   -7.5014678986476957E-002
   13.739999800000000       ,   -9.3533686479423034E-002  ,   -6.7807360795460334E-002
   13.759999799999999       ,   -8.1062103593021267E-002  ,   -6.0407417839876097E-002
   13.779999800000001       ,   -6.8613370409881205E-002  ,   -5.2962226278139665E-002
   13.799999800000000       ,   -5.6446358175403784E-002  ,   -4.5608171274053665E-002
   13.819999800000000       ,   -4.4795675660922823E-002  ,   -3.8467942857238889E-002
   13.839999799999999       ,   -3.3866919762641834E-002  ,   -3.1648254791682567E-002
   13.859999800000001       ,   -2.3832766963386300E-002  ,   -2.5238029068797230E-002
   13.879999800000000       ,   -1.4829980713222316E-002  ,   -1.9307076685463224E-002
   13.899999800000000       ,   -6.9573864751787760E-003  ,   -1.3905292944126220E-002
   13.919999799999999       ,   -2.7484204625471791E-004  ,   -9.0623729255634930E-003
   13.939999800000001       ,    5.1967936054913757E-003  ,   -4.7880403371015155E-003
   13.959999800000000       ,    9.4747137611402663E-003  ,   -1.0727709218285753E-003
   13.979999800000000       ,    1.2612283491053375E-002  ,    2.1110196971078801E-003
   13.999999799999999       ,    1.4696290804632665E-002  ,    4.8073642163317023E-003
   14.019999800000001       ,    1.5843414571584443E-002  ,    7.0747575467630689E-003
   14.039999800000000       ,    1.6196011657152197E-002  ,    8.9838538521069995E-003
   14.059999800000000       ,    1.5917340231581437E-002  ,    1.0614910453001090E-002
   14.079999800000000       ,    1.5186347671016707E-002  ,    1.2055046950788713E-002
   14.099999800000001       ,    1.4192159644151398E-002  ,    1.3395390844730862E-002
   14.119999800000000       ,    1.3128411740246362E-002  ,    1.4728182093877482E-002
   14.139999800000000       ,    1.2187566288013927E-002  ,    1.6143908521750502E-002
   14.159999800000000       ,    1.1555354874070414E-002  ,    1.7728541731015460E-002
   14.179999799999999       ,    1.1405481608565129E-002  ,    1.9560939377345529E-002
   14.199999800000001       ,    1.1894713596010948E-002  ,    2.1710474372794136E-002
   14.219999800000000       ,    1.3158473614190258E-002  ,    2.4234945006532276E-002
   14.239999800000000       ,    1.5307036009727548E-002  ,    2.7178812268842650E-002
   14.259999799999999       ,    1.8422410666168537E-002  ,    3.0571802048439851E-002
   14.279999800000001       ,    2.2555982013821984E-002  ,    3.4427900565370859E-002
   14.299999800000000       ,    2.7726950887807300E-002  ,    3.8744761634241023E-002
   14.319999800000000       ,    3.3921607080488379E-002  ,    4.3503534362352873E-002
   14.339999799999999       ,    4.1093440164763545E-002  ,    4.8669109910523735E-002
   14.359999800000001       ,    4.9164076071127799E-002  ,    5.4190776210405363E-002
   14.379999800000000       ,    5.8025007455174200E-002  ,    6.0003260258769446E-002
   14.399999800000000       ,    6.7540067539660492E-002  ,    6.6028128997787108E-002
   14.419999799999999       ,    7.7548580267228204E-002  ,    7.2175512021357219E-002
   14.439999800000001       ,    8.7869104623366931E-002  ,    7.8346102577380158E-002
   14.459999800000000       ,    9.8303678198858033E-002  ,    8.4433387693609030E-002
   14.479999800000000       ,   0.10864245471354481       ,    9.0326053840148787E-002
   14.499999799999999       ,   0.11866862251220411       ,    9.5910511423805619E-002
   14.519999800000001       ,   0.12816348609622941       ,   0.10107347962603946     
   14.539999800000000       ,   0.13691159063138236       ,   0.10570457265362442     
   14.559999800000000       ,   0.14470577006467278       ,   0.10969882934535925     
   14.579999800000000       ,   0.15135200291909795       ,   0.11295913021650336     
   14.599999800000001       ,   0.15667396587817239       ,   0.11539844934560606     
   14.619999800000000       ,   0.16051718372965623       ,   0.11694189291257678     
   14.639999800000000       ,   0.16275268486498798       ,   0.11752848155796677     
   14.659999800000000       ,   0.16328008403821412       ,   0.11711263990987304     
   14.679999799999999       ,   0.16203002814959760       ,   0.11566536346153199     
   14.699999800000001       ,   0.15896595608034669       ,   0.11317504031475965     
   14.719999800000000       ,   0.15408513969251891       ,   0.10964791296162431     
   14.739999800000000       ,   0.14741898963873168       ,   0.10510817308705937     
   14.759999799999999       ,   0.13903262621552712       ,    9.9597690168865355E-002
   14.779999800000001       ,   0.12902373176591961       ,    9.3175382264674644E-002
   14.799999800000000       ,   0.11752071673116196       ,    8.5916244653286650E-002
   14.819999800000000       ,   0.10468024603387248       ,    7.7910058797710888E-002
   14.839999799999999       ,    9.0684185740653928E-002  ,    6.9259810291509794E-002
   14.859999800000001       ,    7.5736041635882850E-002  ,    6.0079849927658073E-002
   14.879999800000000       ,    6.0056971215945693E-002  ,    5.0493836697923081E-002
   14.899999800000000       ,    4.3881458507513370E-002  ,    4.0632505318093377E-002
   14.919999799999999       ,    2.7452746896681417E-002  ,    3.0631303728353678E-002
   14.939999800000001       ,    1.1018128750366521E-002  ,    2.0627947907263165E-002
   14.959999800000000       ,   -5.1758080090182484E-003  ,    1.0759942251478088E-002
   14.979999800000000       ,   -2.0887877026529871E-002  ,    1.1621137204874724E-003
   14.999999799999999       ,   -3.5886837918197037E-002  ,   -8.0357930458485865E-003
   15.019999800000001       ,   -4.9955696473783978E-002  ,   -1.6711414314082591E-002
   15.039999800000000       ,   -6.2895675959960720E-002  ,   -2.4751916942600708E-002
   15.059999800000000       ,   -7.4529783260921190E-002  ,   -3.2055960034623444E-002
   15.079999800000000       ,   -8.4705903458900417E-002  ,   -3.8535433572970172E-002
   15.099999800000001       ,   -9.3299367503585556E-002  ,   -4.4116943770396017E-002
   15.119999800000000       ,  -0.10021494958003789       ,   -4.8743020059526597E-002
   15.139999800000000       ,  -0.10538826338076764       ,   -5.2373024198557362E-002
   15.159999800000000       ,  -0.10878653943473651       ,   -5.4983747771296498E-002
   15.179999799999999       ,  -0.11040877866129271       ,   -5.6569690300635876E-002
   15.199999800000001       ,  -0.11028529012418579       ,   -5.7143016162182786E-002
   15.219999800000000       ,  -0.10847663329692203       ,   -5.6733194372038172E-002
   15.239999800000000       ,  -0.10507199677076313       ,   -5.5386331026927929E-002
   15.259999799999999       ,  -0.10018705601850939       ,   -5.3164209600016249E-002
   15.279999800000001       ,   -9.3961362375422380E-002  ,   -5.0143059353532388E-002
   15.299999800000000       ,   -8.6555323647800358E-002  ,   -4.6412076740562996E-002
   15.319999800000000       ,   -7.8146843576722497E-002  ,   -4.2071728763584282E-002
   15.339999799999999       ,   -6.8927692670448515E-002  ,   -3.7231870777715191E-002
   15.359999800000001       ,   -5.9099686609613948E-002  ,   -3.2009714124403718E-002
   15.379999800000000       ,   -4.8870750495699306E-002  ,   -2.6527681219866553E-002
   15.399999800000000       ,   -3.8450947660208928E-002  ,   -2.0911187277015977E-002
   15.419999799999999       ,   -2.8048550617594769E-002  ,   -1.5286388696234799E-002
   15.439999800000001       ,   -1.7866229097965761E-002  ,   -9.7779383167214441E-003
   15.459999800000000       ,   -8.0974260330103198E-003  ,   -4.5067871847549118E-003
   15.479999800000000       ,    1.0770129872632083E-003  ,    4.1192871300240792E-004
   15.499999799999999       ,    9.4918977745029210E-003  ,    4.8708801552324972E-003
   15.519999800000001       ,    1.7000387598552255E-002  ,    8.7723806928396951E-003
   15.539999800000000       ,    2.3476278023667491E-002  ,    1.2030035836201040E-002
   15.559999800000000       ,    2.8815846235555560E-002  ,    1.4570177823617891E-002
   15.579999800000000       ,    3.2939229930791104E-002  ,    1.6333062336262798E-002
   15.599999800000001       ,    3.5791324438809509E-002  ,    1.7273807864527924E-002
   15.619999800000000       ,    3.7342192390880692E-002  ,    1.7363063072438359E-002
   15.639999800000000       ,    3.7586989753430125E-002  ,    1.6587392373516564E-002
   15.659999800000000       ,    3.6545421226414493E-002  ,    1.4949374942707851E-002
   15.679999799999999       ,    3.4260746705016581E-002  ,    1.2467417462103073E-002
   15.699999800000001       ,    3.0798368562771461E-002  ,    9.1752859494994010E-003
   15.719999800000000       ,    2.6244036801512893E-002  ,    5.1213669646654261E-003
   15.739999800000000       ,    2.0701715511851283E-002  ,    3.6767324603790208E-004
   15.759999799999999       ,    1.4291159501160900E-002  ,   -5.0113866796166603E-003
   15.779999800000001       ,    7.1452542991618517E-003  ,   -1.0930451226879870E-002
   15.799999800000000       ,   -5.9282400915515281E-004  ,   -1.7294833404256714E-002
   15.819999800000000       ,   -8.7725705787410971E-003  ,   -2.4002302726815812E-002
   15.839999799999999       ,   -1.7239175743127780E-002  ,   -3.0944988020805059E-002
   15.859999800000001       ,   -2.5836551814788750E-002  ,   -3.8011365638782206E-002
   15.879999800000000       ,   -3.4410304780032930E-002  ,   -4.5088296123735466E-002
   15.899999800000000       ,   -4.2810595296557494E-002  ,   -5.2063071545370945E-002
   15.919999799999999       ,   -5.0894836769572176E-002  ,   -5.8825435601600869E-002
   15.939999800000001       ,   -5.8530182558495382E-002  ,   -6.5269539142229743E-002
   15.959999800000000       ,   -6.5595759452265090E-002  ,   -7.1295795026585410E-002
   15.979999800000000       ,   -7.1984610337118490E-002  ,   -7.6812598156796988E-002
   15.999999799999999       ,   -7.7605315346017154E-002  ,   -8.1737879105315797E-002
   16.019999800000001       ,   -8.2383267596094434E-002  ,   -8.6000462938593800E-002
   16.039999800000000       ,   -8.6261586756250466E-002  ,   -8.9541208575827494E-002
   16.059999800000000       ,   -8.9201661005282318E-002  ,   -9.2313908248298882E-002
   16.079999800000000       ,   -9.1183315304585205E-002  ,   -9.4285931266309728E-002
   16.099999799999999       ,   -9.2204611183080903E-002  ,   -9.5438601272890083E-002
   16.119999799999999       ,   -9.2281290283704603E-002  ,   -9.5767301373927041E-002
   16.139999799999998       ,   -9.1445880624439230E-002  ,   -9.5281306884232128E-002
   16.159999800000001       ,   -8.9746490764151685E-002  ,   -9.4003350814621203E-002
   16.179999800000001       ,   -8.7245322725559502E-002  ,   -9.1968932539739923E-002
   16.199999800000001       ,   -8.4016939517062433E-002  ,   -8.9225385222823000E-002
   16.219999800000000       ,   -8.0146327327160427E-002  ,   -8.5830722425984010E-002
   16.239999800000000       ,   -7.5726795869184210E-002  ,   -8.1852288800758580E-002
   16.259999799999999       ,   -7.0857762874697819E-002  ,   -7.7365243737265790E-002
   16.279999799999999       ,   -6.5642470331974137E-002  ,   -7.2450910263393162E-002
   16.299999799999998       ,   -6.0185680718878989E-002  ,   -6.7195024249968954E-002
   16.319999800000001       ,   -5.4591401182042198E-002  ,   -6.1685921028331051E-002
   16.339999800000001       ,   -4.8960682378224159E-002  ,   -5.6012697811277212E-002
   16.359999800000001       ,   -4.3389536548426456E-002  ,   -5.0263390790762030E-002
   16.379999800000000       ,   -3.7967016386316527E-002  ,   -4.4523205446260664E-002
   16.399999800000000       ,   -3.2773492451610466E-002  ,   -3.8872837434053030E-002
   16.419999799999999       ,   -2.7879162343042687E-002  ,   -3.3386919455596659E-002
   16.439999799999999       ,   -2.3342819674890797E-002  ,   -2.8132626756169822E-002
   16.459999799999999       ,   -1.9210905198410247E-002  ,   -2.3168470434427397E-002
   16.479999800000002       ,   -1.5516856288212155E-002  ,   -1.8543303617529459E-002
   16.499999800000001       ,   -1.2280764595177789E-002  ,   -1.4295560858951450E-002
   16.519999800000001       ,   -9.5093450799033918E-003  ,   -1.0452745944894015E-002
   16.539999800000000       ,   -7.1962130158707421E-003  ,   -7.0311777605892405E-003
   16.559999800000000       ,   -5.3224590227954798E-003  ,   -4.0359980896642446E-003
   16.579999800000000       ,   -3.8575058903590419E-003  ,   -1.4614393255129620E-003
   16.599999799999999       ,   -2.7602250093268429E-003  ,    7.0865580489513414E-004
   16.619999799999999       ,   -1.9802847633774317E-003  ,    2.5000761337850377E-003
   16.639999799999998       ,   -1.4596983643857453E-003  ,    3.9472646395255565E-003
   16.659999800000001       ,   -1.1345344389735688E-003  ,    5.0921458459576808E-003
   16.679999800000001       ,   -9.3675028386974875E-004  ,    5.9827866655436917E-003
   16.699999800000001       ,   -7.9610517576500723E-004  ,    6.6719231949680614E-003
   16.719999800000000       ,   -6.4210950431626960E-004  ,    7.2153891176833466E-003
   16.739999800000000       ,   -4.0596483274823320E-004  ,    7.6704837030864559E-003
   16.759999799999999       ,   -2.2450297336567724E-005  ,    8.0943188551756209E-003
   16.779999799999999       ,    5.6828796718189794E-004  ,    8.5421852131374112E-003
   16.799999799999998       ,    1.4190854671907176E-003  ,    9.0659769218243962E-003
   16.819999800000001       ,    2.5742840205882148E-003  ,    9.7127133728622268E-003
   16.839999800000001       ,    4.0684664586013268E-003  ,    1.0523193990621947E-002
   16.859999800000001       ,    5.9254306360438345E-003  ,    1.1530819046847704E-002
   16.879999800000000       ,    8.1574266440977844E-003  ,    1.2760605599710612E-002
   16.899999800000000       ,    1.0764675191754825E-002  ,    1.4228423053588584E-002
   16.919999799999999       ,    1.3735178776548458E-002  ,    1.5940467628941336E-002
   16.939999799999999       ,    1.7044830639976260E-002  ,    1.7892989336853293E-002
   16.959999799999999       ,    2.0657819743490916E-002  ,    2.0072279002608984E-002
   16.979999800000002       ,    2.4527323256833666E-002  ,    2.2454916619304682E-002
   16.999999800000001       ,    2.8596471472691277E-002  ,    2.5008275984667913E-002
   17.019999800000001       ,    3.2799563798716243E-002  ,    2.7691274333544902E-002
   17.039999800000000       ,    3.7063508672623660E-002  ,    3.0455349675662938E-002
   17.059999800000000       ,    4.1309455032324527E-002  ,    3.3245642929613739E-002
   17.079999800000000       ,    4.5454578472344437E-002  ,    3.6002356847641977E-002
   17.099999799999999       ,    4.9413981536686719E-002  ,    3.8662259278353865E-002
   17.119999799999999       ,    5.3102664825541671E-002  ,    4.1160294627618041E-002
   17.139999799999998       ,    5.6437523797420321E-002  ,    4.3431264545762974E-002
   17.159999800000001       ,    5.9339325376340610E-002  ,    4.5411536965566636E-002
   17.179999800000001       ,    6.1734618749106990E-002  ,    4.7040741692185500E-002
   17.199999800000001       ,    6.3557536060238687E-002  ,    4.8263410831186890E-002
   17.219999800000000       ,    6.4751441056944414E-002  ,    4.9030523437785085E-002
   17.239999800000000       ,    6.5270387055228404E-002  ,    4.9300915858080906E-002
   17.259999799999999       ,    6.5080349819075095E-002  ,    4.9042522265888580E-002
   17.279999799999999       ,    6.4160205974457929E-002  ,    4.8233413807510415E-002
   17.299999799999998       ,    6.2502433305931623E-002  ,    4.6862609460534152E-002
   17.319999800000001       ,    6.0113515575863544E-002  ,    4.4930637080529932E-002
   17.339999800000001       ,    5.7014041220925633E-002  ,    4.2449829023379376E-002
   17.359999800000001       ,    5.3238492262397331E-002  ,    3.9444343048745494E-002
   17.379999800000000       ,    4.8834726854023659E-002  ,    3.5949905779139583E-002
   17.399999800000000       ,    4.3863165918064377E-002  ,    3.2013282649461752E-002
   17.419999799999999       ,    3.8395701121709175E-002  ,    2.7691484871222166E-002
   17.439999799999999       ,    3.2514347861778502E-002  ,    2.3050730292333760E-002
   17.459999799999999       ,    2.6309672803343370E-002  ,    1.8165181001055502E-002
   17.479999800000002       ,    1.9879030717606529E-002  ,    1.3115485954011805E-002
   17.499999800000001       ,    1.3324649761695239E-002  ,    7.9871616687085065E-003
   17.519999800000001       ,    6.7516078320719866E-003  ,    2.8688479922240589E-003
   17.539999800000000       ,    2.6574511982478070E-004  ,   -2.1495209592578488E-003
   17.559999800000000       ,   -6.0284405608340766E-003  ,   -6.9785884781564909E-003
   17.579999800000000       ,   -1.2029868745569963E-002  ,   -1.1531446250473670E-002
   17.599999799999999       ,   -1.7642875413923027E-002  ,   -1.5725461287676053E-002
   17.619999799999999       ,   -2.2779091850435609E-002  ,   -1.9484016444761363E-002
   17.639999799999998       ,   -2.7359161784499948E-002  ,   -2.2738124189815568E-002
   17.659999800000001       ,   -3.1314259156471499E-002  ,   -2.5427876293557829E-002
   17.679999800000001       ,   -3.4587373572205787E-002  ,   -2.7503696014131076E-002
   17.699999800000001       ,   -3.7134335988039717E-002  ,   -2.8927364066623260E-002
   17.719999800000000       ,   -3.8924563281312191E-002  ,   -2.9672795072164311E-002
   17.739999800000000       ,   -3.9941506960232680E-002  ,   -2.9726547144466601E-002
   17.759999799999999       ,   -4.0182798191766532E-002  ,   -2.9088053644853350E-002
   17.779999799999999       ,   -3.9660088409771740E-002  ,   -2.7769572762575582E-002
   17.799999799999998       ,   -3.8398591836627534E-002  ,   -2.5795857291686791E-002
   17.819999800000001       ,   -3.6436343139094510E-002  ,   -2.3203553613022208E-002
   17.839999800000001       ,   -3.3823189976989236E-002  ,   -2.0040345286118907E-002
   17.859999800000001       ,   -3.0619546233938904E-002  ,   -1.6363862653669289E-002
   17.879999800000000       ,   -2.6894937098303658E-002  ,   -1.2240385313073310E-002
   17.899999800000000       ,   -2.2726371760952040E-002  ,   -7.7433690824698694E-003
   17.919999799999999       ,   -1.8196583206055980E-002  ,   -2.9518330663663699E-003
   17.939999799999999       ,   -1.3392177304895558E-002  ,    2.0513544871261576E-003
   17.959999799999999       ,   -8.4017351186393297E-003  ,    7.1812507224480824E-003
   17.979999800000002       ,   -3.3139129379238441E-003  ,    1.2352631180642372E-002
   17.999999800000001       ,    1.7844158745135789E-003  ,    1.7481759270742608E-002
   18.019999800000001       ,    6.8099346993992895E-003  ,    2.2488091165090266E-002
   18.039999800000000       ,    1.1684533145081971E-002  ,    2.7295877035164777E-002
   18.059999800000000       ,    1.6336795712107666E-002  ,    3.1835622452944357E-002
   18.079999800000000       ,    2.0703297510586551E-002  ,    3.6045377561295250E-002
   18.099999799999999       ,    2.4729680008299174E-002  ,    3.9871826165513297E-002
   18.119999799999999       ,    2.8371485505719923E-002  ,    4.3271152097855661E-002
   18.139999799999998       ,    3.1594735217950039E-002  ,    4.6209665922713958E-002
   18.159999800000001       ,    3.4376242334914660E-002  ,    4.8664181134580327E-002
   18.179999800000001       ,    3.6703658065153286E-002  ,    5.0622135298109695E-002
   18.199999800000001       ,    3.8575255277525859E-002  ,    5.2081457928807778E-002
   18.219999800000000       ,    3.9999460773221265E-002  ,    5.3050193153125695E-002
   18.239999800000000       ,    4.0994153287537353E-002  ,    5.3545891160780040E-002
   18.259999799999999       ,    4.1585749886851403E-002  ,    5.3594788020355333E-002
   18.279999799999999       ,    4.1808108354669429E-002  ,    5.3230798433757567E-002
   18.299999799999998       ,    4.1701277332514344E-002  ,    5.2494350332971153E-002
   18.319999800000001       ,    4.1310129297635785E-002  ,    5.1431093769136786E-002
   18.339999800000001       ,    4.0682913843861232E-002  ,    5.0090519225280510E-002
   18.359999800000001       ,    3.9869770132374624E-002  ,    4.8524522239033391E-002
   18.379999800000000       ,    3.8921237769742219E-002  ,    4.6785952013638665E-002
   18.399999800000000       ,    3.7886804751033024E-002  ,    4.4927181512802242E-002
   18.419999799999999       ,    3.6813529502580926E-002  ,    4.2998735391200166E-002
   18.439999799999999       ,    3.5744771523054289E-002  ,    4.1048010046139914E-002
   18.459999799999999       ,    3.4719061728132085E-002  ,    3.9118117149083975E-002
   18.479999800000002       ,    3.3769139449875675E-002  ,    3.7246878312455038E-002
   18.499999800000001       ,    3.2921178242473474E-002  ,    3.5465994170878506E-002
   18.519999800000001       ,    3.2194217332895236E-002  ,    3.3800406227033668E-002
   18.539999800000000       ,    3.1599809871829455E-002  ,    3.2267864464344063E-002
   18.559999800000000       ,    3.1141893239252434E-002  ,    3.0878708105444283E-002
   18.579999800000000       ,    3.0816880696646821E-002  ,    2.9635861146470731E-002
   18.599999799999999       ,    3.0613967810948640E-002  ,    2.8535038574525284E-002
   18.619999799999999       ,    3.0515641456747351E-002  ,    2.7565153629103292E-002
   18.639999799999998       ,    3.0498373977948388E-002  ,    2.6708911241962504E-002
   18.659999800000001       ,    3.0533480391489412E-002  ,    2.5943568018389332E-002
   18.679999800000001       ,    3.0588112462015489E-002  ,    2.5241834927585721E-002
   18.699999800000001       ,    3.0626360167793916E-002  ,    2.4572895356296653E-002
   18.719999800000000       ,    3.0610428594254127E-002  ,    2.3903508434343038E-002
   18.739999800000000       ,    3.0501856689345023E-002  ,    2.3199165628937531E-002
   18.759999799999999       ,    3.0262743627556238E-002  ,    2.2425267569518861E-002
   18.779999799999999       ,    2.9856948765613525E-002  ,    2.1548287925749636E-002
   18.799999799999998       ,    2.9251232316371962E-002  ,    2.0536891913796391E-002
   18.819999800000001       ,    2.8416305878441819E-002  ,    1.9362978621953481E-002
   18.839999800000001       ,    2.7327764774766131E-002  ,    1.8002618775266727E-002
   18.859999800000001       ,    2.5966877690171891E-002  ,    1.6436862728047043E-002
   18.879999800000000       ,    2.4321213253843933E-002  ,    1.4652397291897696E-002
   18.899999800000000       ,    2.2385087870065146E-002  ,    1.2642034367338654E-002
   18.919999799999999       ,    2.0159824129491077E-002  ,    1.0405019127976367E-002
   18.939999799999999       ,    1.7653814395132954E-002  ,    7.9471505757710073E-003
   18.959999799999999       ,    1.4882389508398158E-002  ,    5.2807125059562577E-003
   18.979999800000002       ,    1.1867497856493135E-002  ,    2.4242181492248006E-003
   18.999999800000001       ,    8.6372051413153329E-003  ,   -5.9802314361513675E-004
   19.019999800000001       ,    5.2250299566174614E-003  ,   -3.7565039791895090E-003
   19.039999800000000       ,    1.6691345896467610E-003  ,   -7.0172641311492777E-003
   19.059999800000000       ,   -1.9886057957761694E-003  ,   -1.0342761328482443E-002
   19.079999800000000       ,   -5.7036293608462400E-003  ,   -1.3692842759525052E-002
   19.099999799999999       ,   -9.4297806073918387E-003  ,   -1.7025789817120791E-002
   19.119999799999999       ,   -1.3120440096051284E-002  ,   -2.0299406762403542E-002
   19.139999799999998       ,   -1.6729660044361008E-002  ,   -2.3472122944745967E-002
   19.159999800000001       ,   -2.0213275111579734E-002  ,   -2.6504078006066200E-002
   19.179999800000001       ,   -2.3529958635513527E-002  ,   -2.9358160119037233E-002
   19.199999800000001       ,   -2.6642196339980273E-002  ,   -3.2000968738682911E-002
   19.219999800000000       ,   -2.9517152024652226E-002  ,   -3.4403675541674610E-002
   19.239999800000000       ,   -3.2127402907393431E-002  ,   -3.6542760123567046E-002
   19.259999799999999       ,   -3.4451526020767675E-002  ,   -3.8400600538930053E-002
   19.279999799999999       ,   -3.6474521262899975E-002  ,   -3.9965902804621319E-002
   19.299999799999998       ,   -3.8188061250025246E-002  ,   -4.1233957930687341E-002
   19.319999800000001       ,   -3.9590562887656000E-002  ,   -4.2206719774766935E-002
   19.339999800000001       ,   -4.0687080438082411E-002  ,   -4.2892701905650359E-002
   19.359999800000001       ,   -4.1489024681595647E-002  ,   -4.3306696577668752E-002
   19.379999800000000       ,   -4.2013717417441913E-002  ,   -4.3469323727795543E-002
   19.399999800000000       ,   -4.2283794904088755E-002  ,   -4.3406422483385845E-002
   19.419999799999999       ,   -4.2326477782074164E-002  ,   -4.3148301889020087E-002
   19.439999799999999       ,   -4.2172728454055050E-002  ,   -4.2728871314918315E-002
   19.459999799999999       ,   -4.1856319727954998E-002  ,   -4.2184674198945886E-002
   19.479999800000002       ,   -4.1412840689945961E-002  ,   -4.1553851317121610E-002
   19.499999800000001       ,   -4.0878667212722063E-002  ,   -4.0875061609320022E-002
   19.519999800000001       ,   -4.0289925189712895E-002  ,   -4.0186389662449071E-002
   19.539999800000000       ,   -3.9681474506778676E-002  ,   -3.9524269248150251E-002
   19.559999800000000       ,   -3.9085940929626584E-002  ,   -3.8922451822319425E-002
   19.579999800000000       ,   -3.8532821528198063E-002  ,   -3.8411047636716683E-002
   19.599999799999999       ,   -3.8047687028241482E-002  ,   -3.8015665126151135E-002
   19.619999799999999       ,   -3.7651501642836399E-002  ,   -3.7756671574881502E-002
   19.639999799999998       ,   -3.7360077575862148E-002  ,   -3.7648594807174973E-002
   19.659999800000001       ,   -3.7183677601874923E-002  ,   -3.7699681879033435E-002
   19.679999800000001       ,   -3.7126775019552166E-002  ,   -3.7911626573469019E-002
   19.699999800000001       ,   -3.7187975963243441E-002  ,   -3.8279473033018319E-002
   19.719999800000000       ,   -3.7360104657988495E-002  ,   -3.8791698220092770E-002
   19.739999800000000       ,   -3.7630447837370740E-002  ,   -3.9430471201714008E-002
   19.759999799999999       ,   -3.7981150328168976E-002  ,   -4.0172082634125909E-002
   19.779999799999999       ,   -3.8389749852932364E-002  ,   -4.0987533395826427E-002
   19.799999799999998       ,   -3.8829835514853604E-002  ,   -4.1843267199854754E-002
   19.819999800000001       ,   -3.9271811300898338E-002  ,   -4.2702028313816830E-002
   19.839999800000001       ,   -3.9683743347843178E-002  ,   -4.3523822323501243E-002
   19.859999800000001       ,   -4.0032267724805413E-002  ,   -4.4266955273248934E-002
   19.879999800000000       ,   -4.0283534141071657E-002  ,   -4.4889124567532593E-002
   19.899999800000000       ,   -4.0404160317421209E-002  ,   -4.5348533769828850E-002
   19.919999799999999       ,   -4.0362171771942013E-002  ,   -4.5605002914348922E-002
   19.939999799999999       ,   -4.0127902458014925E-002  ,   -4.5621046161729344E-002
   19.959999799999999       ,   -3.9674833024994791E-002  ,   -4.5362889570154837E-002
   19.979999800000002       ,   -3.8980345406262197E-002  ,   -4.4801403388447479E-002
   19.999999800000001       ,   -3.8026374914086308E-002  ,   -4.3912925559327319E-002
   20.019999800000001       ,   -3.6799943961576750E-002  ,   -4.2679955984714545E-002
   20.039999800000000       ,   -3.5293564852818066E-002  ,   -4.1091704471370442E-002
   20.059999800000000       ,   -3.3505502687694713E-002  ,   -3.9144479052698015E-002
   20.079999800000000       ,   -3.1439893216413446E-002  ,   -3.6841905469631911E-002
   20.099999799999999       ,   -2.9106714345112784E-002  ,   -3.4194972881653914E-002
   20.119999799999999       ,   -2.6521613832618616E-002  ,   -3.1221905255324645E-002
   20.139999799999998       ,   -2.3705599426131926E-002  ,   -2.7947862228485224E-002
   20.159999800000001       ,   -2.0684601162311297E-002  ,   -2.4404477461480389E-002
   20.179999800000001       ,   -1.7488918719734833E-002  ,   -2.0629246455276199E-002
   20.199999800000001       ,   -1.4152569468959837E-002  ,   -1.6664779440629069E-002
   20.219999800000000       ,   -1.0712555159760441E-002  ,   -1.2557938133182166E-002
   20.239999800000000       ,   -7.2080669577220405E-003  ,   -8.3588778294248420E-003
   20.259999799999999       ,   -3.6796497557171457E-003  ,   -4.1200184251851246E-003
   20.279999799999999       ,   -1.6834731738599824E-004  ,    1.0503057532645236E-004
   20.299999799999998       ,    3.2851501464659957E-003  ,    4.2625651561361633E-003
   20.319999800000001       ,    6.6413349014333711E-003  ,    8.2998759156771833E-003
   20.339999800000001       ,    9.8626671311703492E-003  ,    1.2166305632869715E-002
   20.359999800000001       ,    1.2914298511284818E-002  ,    1.5814250807007005E-002
   20.379999800000000       ,    1.5764717582007114E-002  ,    1.9200084427802178E-002
   20.399999800000000       ,    1.8386303029249033E-002  ,    2.2284979500247343E-002
   20.419999799999999       ,    2.0755773741809917E-002  ,    2.5035615596340356E-002
   20.439999799999999       ,    2.2854527503014577E-002  ,    2.7424753854137306E-002
   20.459999799999999       ,    2.4668863310242005E-002  ,    2.9431669306533112E-002
   20.479999800000002       ,    2.6190085505769393E-002  ,    3.1042433103386995E-002
   20.499999800000001       ,    2.7414491057347758E-002  ,    3.2250040992611931E-002
   20.519999800000001       ,    2.8343244360190954E-002  ,    3.3054388248596536E-002
   20.539999800000000       ,    2.8982146761862757E-002  ,    3.3462094980900144E-002
   20.559999800000000       ,    2.9341310563819088E-002  ,    3.3486189327427501E-002
   20.579999800000000       ,    2.9434749463272208E-002  ,    3.3145659345248595E-002
   20.599999799999999       ,    2.9279899212985332E-002  ,    3.2464887378436370E-002
   20.619999799999999       ,    2.8897083653375288E-002  ,    3.1472983235728648E-002
   20.639999799999998       ,    2.8308942182996254E-002  ,    3.0203034593652443E-002
   20.659999800000001       ,    2.7539835166338740E-002  ,    2.8691294608643548E-002
   20.679999800000001       ,    2.6615243731898296E-002  ,    2.6976327744764349E-002
   20.699999800000001       ,    2.5561179902802392E-002  ,    2.5098135286972811E-002
   20.719999800000000       ,    2.4403622053928362E-002  ,    2.3097281913771299E-002
   20.739999800000000       ,    2.3167989342673334E-002  ,    2.1014044062501465E-002
