Flight time (us) , Experiment , Calculated
   6988.14100000000       ,    1.28620000000000       ,    1.28648961468432     
   6993.73400000000       ,    1.28650000000000       ,    1.28639161601994     
   6999.32800000000       ,    1.28690000000000       ,    1.28674819479231     
   7004.93800000000       ,    1.28720000000000       ,    1.28710249990418     
   7010.54700000000       ,    1.28750000000000       ,    1.28745048601058     
   7016.15600000000       ,    1.28780000000000       ,    1.28778982840725     
   7021.76600000000       ,    1.28820000000000       ,    1.28811862489957     
   7027.37500000000       ,    1.28850000000000       ,    1.28843515929297     
   7033.00000000000       ,    1.28870000000000       ,    1.28873906085622     
   7038.62500000000       ,    1.28900000000000       ,    1.28902838112426     
   7044.25000000000       ,    1.28930000000000       ,    1.28930232610792     
   7049.89100000000       ,    1.28950000000000       ,    1.28956100503244     
   7055.54700000000       ,    1.28980000000000       ,    1.28980382560981     
   7061.18700000000       ,    1.29000000000000       ,    1.29002916092593     
   7066.82800000000       ,    1.29020000000000       ,    1.29023764779957     
   7072.48400000000       ,    1.29040000000000       ,    1.29042975847039     
   7078.14100000000       ,    1.29060000000000       ,    1.29060512643005     
   7083.79700000000       ,    1.29070000000000       ,    1.29076407754829     
   7089.46900000000       ,    1.29090000000000       ,    1.29090777380221     
   7095.14000000000       ,    1.29100000000000       ,    1.29103748495759     
   7100.81200000000       ,    1.29110000000000       ,    1.29115820468649     
   7106.50000000000       ,    1.29120000000000       ,    1.29128414854160     
   7112.18700000000       ,    1.29140000000000       ,    1.29144843382217     
   7117.87500000000       ,    1.29160000000000       ,    1.29171368663359     
   7123.56200000000       ,    1.29190000000000       ,    1.29216132614989     
   7129.26600000000       ,    1.29250000000000       ,    1.29284431334072     
   7134.96900000000       ,    1.29320000000000       ,    1.29370367826924     
   7140.67200000000       ,    1.29380000000000       ,    1.29451928897433     
   7146.39000000000       ,    1.29410000000000       ,    1.29499483993143     
   7152.10900000000       ,    1.29410000000000       ,    1.29496967534130     
   7157.82800000000       ,    1.29370000000000       ,    1.29452103326150     
   7163.56200000000       ,    1.29320000000000       ,    1.29385777006709     
   7169.29700000000       ,    1.29260000000000       ,    1.29317661726022     
   7175.03100000000       ,    1.29220000000000       ,    1.29258249065786     
   7180.76600000000       ,    1.29180000000000       ,    1.29209522900856     
   7186.50000000000       ,    1.29140000000000       ,    1.29169219997199     
   7192.25000000000       ,    1.29110000000000       ,    1.29134192487372     
   7198.00000000000       ,    1.29080000000000       ,    1.29102234167057     
   7203.76500000000       ,    1.29060000000000       ,    1.29071852952186     
   7209.53100000000       ,    1.29030000000000       ,    1.29042344086529     
   7215.29700000000       ,    1.29000000000000       ,    1.29013292104372     
   7221.07800000000       ,    1.28970000000000       ,    1.28984432914617     
   7226.86000000000       ,    1.28940000000000       ,    1.28955915689387     
   7232.64100000000       ,    1.28920000000000       ,    1.28928291730763     
   7238.42200000000       ,    1.28890000000000       ,    1.28902802088483     
   7244.20300000000       ,    1.28860000000000       ,    1.28882274107513     
   7250.00000000000       ,    1.28830000000000       ,    1.28866145424138     
   7255.81300000000       ,    1.28800000000000       ,    1.28854634554984     
   7261.61000000000       ,    1.28770000000000       ,    1.28843256128231     
   7267.40600000000       ,    1.28730000000000       ,    1.28824776121112     
   7273.23400000000       ,    1.28700000000000       ,    1.28794148909366     
   7279.06200000000       ,    1.28670000000000       ,    1.28752192074627     
   7284.87500000000       ,    1.28630000000000       ,    1.28703730301701     
   7290.70300000000       ,    1.28600000000000       ,    1.28653463152170     
   7296.53100000000       ,    1.28560000000000       ,    1.28604509786975     
   7302.36000000000       ,    1.28520000000000       ,    1.28557706357089     
   7308.20300000000       ,    1.28490000000000       ,    1.28512569929047     
   7314.06300000000       ,    1.28450000000000       ,    1.28468374081226     
   7319.92200000000       ,    1.28410000000000       ,    1.28424669139350     
   7325.76600000000       ,    1.28370000000000       ,    1.28381188981302     
   7331.62500000000       ,    1.28330000000000       ,    1.28337502364651     
   7337.50000000000       ,    1.28280000000000       ,    1.28293488130361     
   7343.37500000000       ,    1.28240000000000       ,    1.28249199308853     
   7349.23500000000       ,    1.28200000000000       ,    1.28204709819973     
   7355.10900000000       ,    1.28160000000000       ,    1.28159773041013     
   7361.00000000000       ,    1.28110000000000       ,    1.28114346151687     
   7366.89000000000       ,    1.28070000000000       ,    1.28068556741716     
   7372.78100000000       ,    1.28030000000000       ,    1.28022384410939     
   7378.67200000000       ,    1.27980000000000       ,    1.27975837102202     
   7384.57800000000       ,    1.27940000000000       ,    1.27928797952911     
   7390.48400000000       ,    1.27890000000000       ,    1.27881391687005     
   7396.40600000000       ,    1.27840000000000       ,    1.27833498396373     
   7402.32800000000       ,    1.27800000000000       ,    1.27785257201775     
   7408.25000000000       ,    1.27750000000000       ,    1.27736682307408     
   7414.17200000000       ,    1.27700000000000       ,    1.27687788700772     
   7420.09400000000       ,    1.27650000000000       ,    1.27638593199638     
   7426.03100000000       ,    1.27600000000000       ,    1.27588988135636     
   7431.96900000000       ,    1.27550000000000       ,    1.27539108928867     
   7437.92200000000       ,    1.27500000000000       ,    1.27488856434371     
   7443.87500000000       ,    1.27450000000000       ,    1.27438378792937     
   7449.82800000000       ,    1.27400000000000       ,    1.27387697373895     
   7455.79700000000       ,    1.27350000000000       ,    1.27336703735540     
   7461.76600000000       ,    1.27300000000000       ,    1.27285552628431     
   7467.73400000000       ,    1.27250000000000       ,    1.27234283617479     
   7473.70300000000       ,    1.27200000000000       ,    1.27182912259774     
   7479.67200000000       ,    1.27150000000000       ,    1.27131489931725     
   7485.65600000000       ,    1.27100000000000       ,    1.27079969747522     
   7491.65600000000       ,    1.27050000000000       ,    1.27028520100218     
   7497.65600000000       ,    1.26990000000000       ,    1.26977667545068     
   7503.64100000000       ,    1.26940000000000       ,    1.26928209872888     
   7509.64100000000       ,    1.26890000000000       ,    1.26880725783850     
   7515.65600000000       ,    1.26840000000000       ,    1.26835681251299     
   7521.65600000000       ,    1.26790000000000       ,    1.26792629425451     
   7527.67200000000       ,    1.26740000000000       ,    1.26749100544967     
   7533.70300000000       ,    1.26680000000000       ,    1.26702312825955     
   7539.73400000000       ,    1.26630000000000       ,    1.26651115048529     
   7545.76500000000       ,    1.26580000000000       ,    1.26596485293833     
   7551.79700000000       ,    1.26530000000000       ,    1.26540492868887     
   7557.84400000000       ,    1.26480000000000       ,    1.26484882127968     
   7563.89000000000       ,    1.26430000000000       ,    1.26430842578961     
   7569.93800000000       ,    1.26380000000000       ,    1.26378653098740     
   7576.00000000000       ,    1.26340000000000       ,    1.26328195936184     
   7582.06300000000       ,    1.26290000000000       ,    1.26279538140672     
   7588.12500000000       ,    1.26250000000000       ,    1.26232775887988     
   7594.18800000000       ,    1.26200000000000       ,    1.26188156526584     
   7600.26600000000       ,    1.26160000000000       ,    1.26146029046164     
   7606.35900000000       ,    1.26120000000000       ,    1.26107132779712     
   7612.43800000000       ,    1.26090000000000       ,    1.26072820854289     
   7618.51500000000       ,    1.26060000000000       ,    1.26045422093396     
   7624.60900000000       ,    1.26050000000000       ,    1.26031300184195     
   7630.71900000000       ,    1.26060000000000       ,    1.26049565395920     
   7636.82800000000       ,    1.26160000000000       ,    1.26150440087762     
   7642.93800000000       ,    1.26450000000000       ,    1.26440973794282     
   7649.04700000000       ,    1.27080000000000       ,    1.27089808633305     
   7655.15600000000       ,    1.28220000000000       ,    1.28263673300928     
   7661.28100000000       ,    1.29880000000000       ,    1.29979338112009     
   7667.42200000000       ,    1.31750000000000       ,    1.31934627887444     
   7673.56300000000       ,    1.33220000000000       ,    1.33499620965291     
   7679.68800000000       ,    1.33780000000000       ,    1.34119147641539     
   7685.82800000000       ,    1.33350000000000       ,    1.33705405190563     
   7691.98400000000       ,    1.32260000000000       ,    1.32590691462962     
   7698.14100000000       ,    1.30970000000000       ,    1.31240285045867     
   7704.29700000000       ,    1.29780000000000       ,    1.29989069995658     
   7710.45300000000       ,    1.28810000000000       ,    1.28972586557417     
   7716.62500000000       ,    1.28060000000000       ,    1.28187276801986     
   7722.81300000000       ,    1.27480000000000       ,    1.27580377315814     
   7728.98400000000       ,    1.27020000000000       ,    1.27100440243508     
   7735.15600000000       ,    1.26650000000000       ,    1.26707283818449     
   7741.34400000000       ,    1.26330000000000       ,    1.26376546627998     
   7747.54700000000       ,    1.26060000000000       ,    1.26094120420668     
   7753.75000000000       ,    1.25830000000000       ,    1.25851213157344     
   7759.95300000000       ,    1.25620000000000       ,    1.25640852260954     
   7766.15600000000       ,    1.25450000000000       ,    1.25457623441288     
   7772.35900000000       ,    1.25290000000000       ,    1.25297157165026     
   7778.57800000000       ,    1.25150000000000       ,    1.25155523110125     
   7784.79700000000       ,    1.25030000000000       ,    1.25030191551336     
   7791.03100000000       ,    1.24920000000000       ,    1.24918541908170     
   7797.26600000000       ,    1.24820000000000       ,    1.24819046565601     
   7803.50000000000       ,    1.24740000000000       ,    1.24730346617974     
   7809.75000000000       ,    1.24660000000000       ,    1.24650991078236     
   7816.00000000000       ,    1.24580000000000       ,    1.24579718889929     
   7822.25000000000       ,    1.24510000000000       ,    1.24514442961624     
   7828.50000000000       ,    1.24450000000000       ,    1.24452900281067     
   7834.76500000000       ,    1.24390000000000       ,    1.24393442756300     
   7841.04700000000       ,    1.24330000000000       ,    1.24335751034359     
   7847.31200000000       ,    1.24280000000000       ,    1.24280559972578     
   7853.57800000000       ,    1.24230000000000       ,    1.24228182743459     
   7859.85900000000       ,    1.24190000000000       ,    1.24178677938895     
   7866.15600000000       ,    1.24140000000000       ,    1.24131913877831     
   7872.45300000000       ,    1.24100000000000       ,    1.24087724219636     
   7878.75000000000       ,    1.24060000000000       ,    1.24045807377396     
   7885.06300000000       ,    1.24020000000000       ,    1.24005824831351     
   7891.37500000000       ,    1.23980000000000       ,    1.23967738882225     
   7897.68700000000       ,    1.23940000000000       ,    1.23931441168687     
   7904.00000000000       ,    1.23910000000000       ,    1.23896899743590     
   7910.31300000000       ,    1.23880000000000       ,    1.23864140389853     
   7916.64100000000       ,    1.23850000000000       ,    1.23833198714425     
   7922.98500000000       ,    1.23820000000000       ,    1.23804316284288     
   7929.32800000000       ,    1.23790000000000       ,    1.23778125958005     
   7935.67200000000       ,    1.23770000000000       ,    1.23756173010279     
   7942.01600000000       ,    1.23750000000000       ,    1.23743094501504     
   7948.35900000000       ,    1.23750000000000       ,    1.23751249472374     
   7954.71900000000       ,    1.23800000000000       ,    1.23807470842289     
   7961.09400000000       ,    1.23920000000000       ,    1.23955315542479     
   7967.45300000000       ,    1.24170000000000       ,    1.24238125558614     
   7973.82800000000       ,    1.24530000000000       ,    1.24663898834328     
   7980.21900000000       ,    1.24950000000000       ,    1.25160480004983     
   7986.59400000000       ,    1.25300000000000       ,    1.25568418150474     
   7992.98400000000       ,    1.25430000000000       ,    1.25743148761171     
   7999.37500000000       ,    1.25340000000000       ,    1.25650498697510     
   8005.76600000000       ,    1.25100000000000       ,    1.25370025960977     
   8012.17200000000       ,    1.24780000000000       ,    1.25017244896782     
   8018.57900000000       ,    1.24490000000000       ,    1.24680985823526     
   8025.00000000000       ,    1.24250000000000       ,    1.24399964948824     
   8031.42200000000       ,    1.24060000000000       ,    1.24178169953130     
   8037.84400000000       ,    1.23900000000000       ,    1.24003874557105     
   8044.28100000000       ,    1.23780000000000       ,    1.23863702723145     
   8050.71800000000       ,    1.23680000000000       ,    1.23748384664190     
   8057.15700000000       ,    1.23590000000000       ,    1.23651632123533     
   8063.59400000000       ,    1.23520000000000       ,    1.23569495991831     
   8070.04600000000       ,    1.23460000000000       ,    1.23499073541011     
   8076.51500000000       ,    1.23400000000000       ,    1.23438398594526     
   8082.96900000000       ,    1.23360000000000       ,    1.23386188545816     
   8089.42200000000       ,    1.23320000000000       ,    1.23341012872632     
   8095.90600000000       ,    1.23280000000000       ,    1.23301629502513     
   8102.39000000000       ,    1.23250000000000       ,    1.23267384284179     
   8108.85900000000       ,    1.23220000000000       ,    1.23237602410193     
   8115.34400000000       ,    1.23200000000000       ,    1.23211529950003     
   8121.84300000000       ,    1.23170000000000       ,    1.23188687054602     
   8128.34400000000       ,    1.23160000000000       ,    1.23168701864816     
   8134.84400000000       ,    1.23140000000000       ,    1.23151227044404     
   8141.35900000000       ,    1.23120000000000       ,    1.23135931220688     
   8147.87500000000       ,    1.23110000000000       ,    1.23122606505702     
   8154.39000000000       ,    1.23100000000000       ,    1.23111050938012     
   8160.90600000000       ,    1.23090000000000       ,    1.23101089987557     
   8167.43800000000       ,    1.23080000000000       ,    1.23092562938062     
   8173.98500000000       ,    1.23070000000000       ,    1.23085361273969     
   8180.51500000000       ,    1.23070000000000       ,    1.23079420219411     
   8187.04700000000       ,    1.23060000000000       ,    1.23074635305180     
   8193.59400000000       ,    1.23060000000000       ,    1.23070932756800     
   8200.15600000000       ,    1.23050000000000       ,    1.23068262209127     
   8206.71800000000       ,    1.23050000000000       ,    1.23066585866026     
   8213.28200000000       ,    1.23050000000000       ,    1.23065915981340     
   8219.85900000000       ,    1.23050000000000       ,    1.23066120572857     
   8226.43800000000       ,    1.23050000000000       ,    1.23067226546124     
   8233.01600000000       ,    1.23050000000000       ,    1.23069215592738     
   8239.61000000000       ,    1.23050000000000       ,    1.23072081667769     
   8246.20300000000       ,    1.23050000000000       ,    1.23075812153566     
   8252.79700000000       ,    1.23060000000000       ,    1.23080405481752     
   8259.39100000000       ,    1.23060000000000       ,    1.23085867060749     
   8266.00000000000       ,    1.23070000000000       ,    1.23092227199439     
   8272.61000000000       ,    1.23070000000000       ,    1.23099506976690     
   8279.21900000000       ,    1.23080000000000       ,    1.23107768375705     
   8285.84400000000       ,    1.23090000000000       ,    1.23117206590475     
   8292.48400000000       ,    1.23100000000000       ,    1.23128335692623     
   8299.12500000000       ,    1.23110000000000       ,    1.23142580013006     
   8305.75000000000       ,    1.23120000000000       ,    1.23163294518841     
   8312.39000000000       ,    1.23130000000000       ,    1.23196805475720     
   8319.04700000000       ,    1.23150000000000       ,    1.23251178323324     
   8325.70300000000       ,    1.23170000000000       ,    1.23330996798292     
   8332.35900000000       ,    1.23200000000000       ,    1.23430476426239     
   8339.03100000000       ,    1.23230000000000       ,    1.23528326478414     
   8345.70300000000       ,    1.23260000000000       ,    1.23596510617620     
   8352.37500000000       ,    1.23270000000000       ,    1.23620255726972     
   8359.06200000000       ,    1.23280000000000       ,    1.23605633511203     
   8365.75000000000       ,    1.23290000000000       ,    1.23570648333450     
   8372.43700000000       ,    1.23290000000000       ,    1.23532728051079     
   8379.14100000000       ,    1.23300000000000       ,    1.23501922082232     
   8385.84300000000       ,    1.23310000000000       ,    1.23481356063352     
   8392.54700000000       ,    1.23320000000000       ,    1.23470103865682     
   8399.26500000000       ,    1.23330000000000       ,    1.23466158569338     
   8405.98400000000       ,    1.23360000000000       ,    1.23467774727951     
   8412.70400000000       ,    1.23380000000000       ,    1.23473704009416     
   8419.43700000000       ,    1.23400000000000       ,    1.23483137072880     
   8426.18800000000       ,    1.23420000000000       ,    1.23495525819467     
   8432.92100000000       ,    1.23440000000000       ,    1.23510380037712     
   8439.65600000000       ,    1.23460000000000       ,    1.23527404605586     
   8446.40600000000       ,    1.23480000000000       ,    1.23546375708706     
   8453.17200000000       ,    1.23510000000000       ,    1.23567091300279     
   8459.93700000000       ,    1.23530000000000       ,    1.23589328659919     
   8466.70300000000       ,    1.23560000000000       ,    1.23612951303500     
   8473.48400000000       ,    1.23580000000000       ,    1.23637899782176     
   8480.26600000000       ,    1.23610000000000       ,    1.23664054792864     
   8487.04700000000       ,    1.23640000000000       ,    1.23691405006308     
   8493.82800000000       ,    1.23670000000000       ,    1.23720114868925     
   8500.62500000000       ,    1.23700000000000       ,    1.23750754337908     
   8507.42100000000       ,    1.23730000000000       ,    1.23784247601495     
   8514.21800000000       ,    1.23760000000000       ,    1.23821937023311     
   8521.03100000000       ,    1.23790000000000       ,    1.23864795245125     
   8527.86000000000       ,    1.23820000000000       ,    1.23912077647534     
   8534.68700000000       ,    1.23850000000000       ,    1.23960158300474     
   8541.50000000000       ,    1.23890000000000       ,    1.24004134790318     
   8548.32800000000       ,    1.23920000000000       ,    1.24041324449460     
   8555.17200000000       ,    1.23960000000000       ,    1.24072397630229     
   8562.01600000000       ,    1.23990000000000       ,    1.24100246377002     
   8568.87500000000       ,    1.24030000000000       ,    1.24128008822172     
   8575.73400000000       ,    1.24070000000000       ,    1.24157546326680     
   8582.59400000000       ,    1.24100000000000       ,    1.24189552176001     
   8589.45300000000       ,    1.24140000000000       ,    1.24223977023369     
   8596.32800000000       ,    1.24180000000000       ,    1.24260649549890     
   8603.21900000000       ,    1.24220000000000       ,    1.24299351219792     
   8610.09400000000       ,    1.24270000000000       ,    1.24339771133184     
   8616.96900000000       ,    1.24310000000000       ,    1.24381967438544     
   8623.85900000000       ,    1.24360000000000       ,    1.24426061903158     
   8630.76600000000       ,    1.24400000000000       ,    1.24472202687685     
   8637.67100000000       ,    1.24450000000000       ,    1.24520426918524     
   8644.57800000000       ,    1.24500000000000       ,    1.24571068655157     
   8651.50000000000       ,    1.24560000000000       ,    1.24624604963284     
   8658.42200000000       ,    1.24610000000000       ,    1.24681491825825     
   8665.34300000000       ,    1.24680000000000       ,    1.24742495479981     
   8672.28100000000       ,    1.24740000000000       ,    1.24808942783967     
   8679.21800000000       ,    1.24820000000000       ,    1.24882516182914     
   8686.15600000000       ,    1.24900000000000       ,    1.24966976451072     
   8693.11000000000       ,    1.25010000000000       ,    1.25072376118682     
   8700.06300000000       ,    1.25170000000000       ,    1.25227159821031     
   8707.01600000000       ,    1.25460000000000       ,    1.25506945801798     
   8713.98400000000       ,    1.26060000000000       ,    1.26075300785359     
   8720.95300000000       ,    1.27230000000000       ,    1.27193225583668     
   8727.93800000000       ,    1.29250000000000       ,    1.29135819259901     
   8734.92100000000       ,    1.32160000000000       ,    1.31946537241608     
   8741.90600000000       ,    1.35500000000000       ,    1.35205116254671     
   8748.90600000000       ,    1.38320000000000       ,    1.37988937163756     
   8755.90600000000       ,    1.39710000000000       ,    1.39407734129279     
   8762.90600000000       ,    1.39470000000000       ,    1.39223471092403     
   8769.92200000000       ,    1.38030000000000       ,    1.37851615658585     
   8776.93700000000       ,    1.36080000000000       ,    1.35956492967177     
   8783.95300000000       ,    1.34150000000000       ,    1.34068441070570     
   8790.98400000000       ,    1.32490000000000       ,    1.32448127438145     
   8798.01600000000       ,    1.31170000000000       ,    1.31154227053505     
   8805.04700000000       ,    1.30140000000000       ,    1.30143532410138     
   8812.09400000000       ,    1.29330000000000       ,    1.29350378810423     
   8819.15700000000       ,    1.28690000000000       ,    1.28722555902474     
   8826.20300000000       ,    1.28180000000000       ,    1.28224594845732     
   8833.26500000000       ,    1.27770000000000       ,    1.27827061866470     
   8840.34300000000       ,    1.27450000000000       ,    1.27510700568166     
   8847.40600000000       ,    1.27190000000000       ,    1.27261599245255     
   8854.48500000000       ,    1.26990000000000       ,    1.27066495387739     
   8861.56300000000       ,    1.26830000000000       ,    1.26916156201495     
   8868.65600000000       ,    1.26710000000000       ,    1.26802285756982     
   8875.76600000000       ,    1.26650000000000       ,    1.26719476530780     
   8882.85900000000       ,    1.26590000000000       ,    1.26660672116086     
   8889.95300000000       ,    1.26550000000000       ,    1.26622218522392     
   8897.06200000000       ,    1.26530000000000       ,    1.26600468214548     
   8904.18700000000       ,    1.26520000000000       ,    1.26592536035024     
   8911.31200000000       ,    1.26520000000000       ,    1.26596045576961     
   8918.43800000000       ,    1.26530000000000       ,    1.26609025186269     
   8925.57800000000       ,    1.26550000000000       ,    1.26629985777402     
   8932.71800000000       ,    1.26580000000000       ,    1.26657842224090     
   8939.85900000000       ,    1.26610000000000       ,    1.26692107813471     
   8947.01600000000       ,    1.26640000000000       ,    1.26732983180367     
   8954.17200000000       ,    1.26680000000000       ,    1.26780734864932     
   8961.32900000000       ,    1.26730000000000       ,    1.26835070172500     
   8968.50000000000       ,    1.26770000000000       ,    1.26894131389437     
   8975.68700000000       ,    1.26820000000000       ,    1.26954030352597     
   8982.86000000000       ,    1.26870000000000       ,    1.27010641964664     
   8990.04700000000       ,    1.26920000000000       ,    1.27062747014243     
   8997.25000000000       ,    1.26970000000000       ,    1.27111579725592     
   9004.43700000000       ,    1.27030000000000       ,    1.27159314205558     
   9011.64100000000       ,    1.27090000000000       ,    1.27208202776394     
   9018.85900000000       ,    1.27140000000000       ,    1.27259287646329     
   9026.06300000000       ,    1.27200000000000       ,    1.27312621571268     
   9033.28100000000       ,    1.27260000000000       ,    1.27368266271183     
   9040.51600000000       ,    1.27320000000000       ,    1.27426027101065     
   9047.75000000000       ,    1.27380000000000       ,    1.27485593784029     
   9054.98400000000       ,    1.27450000000000       ,    1.27546894431070     
   9062.21900000000       ,    1.27510000000000       ,    1.27609925551414     
   9069.46800000000       ,    1.27580000000000       ,    1.27674860019220     
   9076.73500000000       ,    1.27650000000000       ,    1.27741877276131     
   9084.00000000000       ,    1.27720000000000       ,    1.27810958376175     
   9091.26600000000       ,    1.27790000000000       ,    1.27882502650758     
   9098.53200000000       ,    1.27860000000000       ,    1.27956917351476     
   9105.79700000000       ,    1.27940000000000       ,    1.28034704692770     
   9113.09300000000       ,    1.28020000000000       ,    1.28116799281391     
   9120.39100000000       ,    1.28110000000000       ,    1.28204073613064     
   9127.68700000000       ,    1.28210000000000       ,    1.28297793350078     
   9134.98400000000       ,    1.28300000000000       ,    1.28399884889596     
   9142.28200000000       ,    1.28410000000000       ,    1.28513074185664     
   9149.59300000000       ,    1.28540000000000       ,    1.28642074219968     
   9156.92200000000       ,    1.28700000000000       ,    1.28796440913429     
   9164.26600000000       ,    1.28910000000000       ,    1.29001592958997     
   9171.59400000000       ,    1.29250000000000       ,    1.29329707640328     
   9178.92200000000       ,    1.29920000000000       ,    1.29968792207553     
   9186.26600000000       ,    1.31330000000000       ,    1.31311393407061     
   9193.60900000000       ,    1.34090000000000       ,    1.33955263890485     
   9200.96900000000       ,    1.38790000000000       ,    1.38485025275066     
   9208.32800000000       ,    1.45420000000000       ,    1.44910219703124     
   9215.68800000000       ,    1.52810000000000       ,    1.52154491960793     
   9223.06300000000       ,    1.58830000000000       ,    1.58132398250741     
   9230.43700000000       ,    1.61630000000000       ,    1.60991577965024     
   9237.82800000000       ,    1.60860000000000       ,    1.60350261690751     
   9245.21800000000       ,    1.57560000000000       ,    1.57178740214008     
   9252.60900000000       ,    1.53180000000000       ,    1.52904422018409     
   9260.01500000000       ,    1.48820000000000       ,    1.48634965560391     
   9267.42200000000       ,    1.45070000000000       ,    1.44935417270302     
   9274.84400000000       ,    1.42010000000000       ,    1.41927094806588     
   9282.26600000000       ,    1.39590000000000       ,    1.39540505369787     
   9289.68700000000       ,    1.37670000000000       ,    1.37649923758052     
   9297.12500000000       ,    1.36140000000000       ,    1.36141243170214     
   9304.56300000000       ,    1.34910000000000       ,    1.34935035544127     
   9312.00000000000       ,    1.33930000000000       ,    1.33968918264313     
   9319.45300000000       ,    1.33140000000000       ,    1.33193833053889     
   9326.90600000000       ,    1.32510000000000       ,    1.32574776847137     
   9334.35900000000       ,    1.32010000000000       ,    1.32082015369678     
   9341.82800000000       ,    1.31610000000000       ,    1.31690848391451     
   9349.31300000000       ,    1.31290000000000       ,    1.31382373979734     
   9356.79700000000       ,    1.31050000000000       ,    1.31141664227542     
   9364.28200000000       ,    1.30860000000000       ,    1.30955779186746     
   9371.76600000000       ,    1.30710000000000       ,    1.30814353522239     
   9379.25000000000       ,    1.30600000000000       ,    1.30708914476244     
   9386.76500000000       ,    1.30530000000000       ,    1.30632368227998     
   9394.28100000000       ,    1.30490000000000       ,    1.30579621915930     
   9401.79700000000       ,    1.30460000000000       ,    1.30546159828137     
   9409.31200000000       ,    1.30440000000000       ,    1.30528328301924     
   9416.84300000000       ,    1.30430000000000       ,    1.30523176596934     
   9424.39100000000       ,    1.30440000000000       ,    1.30528403653861     
   9431.92200000000       ,    1.30450000000000       ,    1.30542142258226     
   9439.45300000000       ,    1.30470000000000       ,    1.30563131727482     
   9447.00000000000       ,    1.30490000000000       ,    1.30590942701607     
   9454.56200000000       ,    1.30520000000000       ,    1.30626090183627     
   9462.12500000000       ,    1.30560000000000       ,    1.30669803747350     
   9469.70300000000       ,    1.30590000000000       ,    1.30723141960049     
   9477.28200000000       ,    1.30630000000000       ,    1.30784752479717     
   9484.85900000000       ,    1.30670000000000       ,    1.30849428789487     
   9492.45400000000       ,    1.30720000000000       ,    1.30909657889650     
   9500.04700000000       ,    1.30760000000000       ,    1.30959801070992     
   9507.64100000000       ,    1.30800000000000       ,    1.30999665320883     
   9515.25000000000       ,    1.30850000000000       ,    1.31032997458160     
   9522.86000000000       ,    1.30900000000000       ,    1.31064235806289     
   9530.46900000000       ,    1.30940000000000       ,    1.31096567299167     
   9538.09400000000       ,    1.30990000000000       ,    1.31131477438247     
   9545.71900000000       ,    1.31040000000000       ,    1.31169084134013     
   9553.35900000000       ,    1.31090000000000       ,    1.31209125832241     
   9561.01600000000       ,    1.31140000000000       ,    1.31251193376631     
   9568.67200000000       ,    1.31190000000000       ,    1.31294827817563     
   9576.32800000000       ,    1.31240000000000       ,    1.31339765705782     
   9583.98400000000       ,    1.31290000000000       ,    1.31385825409666     
   9591.64000000000       ,    1.31340000000000       ,    1.31432885895803     
   9599.31300000000       ,    1.31390000000000       ,    1.31480982474550     
   9607.00000000000       ,    1.31410000000000       ,    1.31530083093159     
   9614.68800000000       ,    1.31460000000000       ,    1.31580129300236     
   9622.37500000000       ,    1.31510000000000       ,    1.31631181417595     
   9630.06200000000       ,    1.31570000000000       ,    1.31683367529454     
   9637.76600000000       ,    1.31620000000000       ,    1.31736986277234     
   9645.48400000000       ,    1.31680000000000       ,    1.31792284415755     
   9653.20300000000       ,    1.31740000000000       ,    1.31849557316612     
   9660.92200000000       ,    1.31800000000000       ,    1.31909214574865     
   9668.65600000000       ,    1.31870000000000       ,    1.31972044150832     
   9676.39100000000       ,    1.31940000000000       ,    1.32038806420935     
   9684.12500000000       ,    1.32010000000000       ,    1.32110687004682     
   9691.87500000000       ,    1.32100000000000       ,    1.32189532479901     
   9699.62500000000       ,    1.32190000000000       ,    1.32277707718701     
   9707.39100000000       ,    1.32290000000000       ,    1.32379860430220     
   9715.15700000000       ,    1.32420000000000       ,    1.32506051721740     
   9722.92200000000       ,    1.32610000000000       ,    1.32686482896106     
   9730.70300000000       ,    1.32940000000000       ,    1.32999941726207     
   9738.48400000000       ,    1.33610000000000       ,    1.33642207421115     
   9746.28200000000       ,    1.35020000000000       ,    1.34982113648948     
   9754.09400000000       ,    1.37660000000000       ,    1.37515813389827     
   9761.89000000000       ,    1.41880000000000       ,    1.41581526773685     
   9769.68800000000       ,    1.47390000000000       ,    1.46938464649469     
   9777.50000000000       ,    1.53010000000000       ,    1.52449940200136     
   9785.32800000000       ,    1.57010000000000       ,    1.56440939447014     
   9793.17200000000       ,    1.58310000000000       ,    1.57804329171512     
   9801.00000000000       ,    1.57030000000000       ,    1.56620829460139     
   9808.82800000000       ,    1.54110000000000       ,    1.53805787395624     
   9816.67200000000       ,    1.50620000000000       ,    1.50394932945635     
   9824.53200000000       ,    1.47280000000000       ,    1.47117003951983     
   9832.39100000000       ,    1.44420000000000       ,    1.44309131253142     
   9840.25000000000       ,    1.42100000000000       ,    1.42027064146343     
   9848.12500000000       ,    1.40250000000000       ,    1.40204723455916     
   9856.01500000000       ,    1.38780000000000       ,    1.38755934948519     
   9863.90600000000       ,    1.37610000000000       ,    1.37605072001829     
   9871.79700000000       ,    1.36680000000000       ,    1.36689699781191     
   9879.70400000000       ,    1.35940000000000       ,    1.35960057949719     
   9887.59400000000       ,    1.35350000000000       ,    1.35381298883380     
   9895.50000000000       ,    1.34880000000000       ,    1.34920981796177     
   9903.42100000000       ,    1.34510000000000       ,    1.34555869882345     
   9911.34400000000       ,    1.34220000000000       ,    1.34267627585507     
   9919.28100000000       ,    1.33990000000000       ,    1.34040593134469     
   9927.20300000000       ,    1.33810000000000       ,    1.33863230557104     
   9935.14100000000       ,    1.33670000000000       ,    1.33724939590934     
   9943.09300000000       ,    1.33560000000000       ,    1.33618011602410     
   9951.04700000000       ,    1.33480000000000       ,    1.33536321725715     
   9959.01600000000       ,    1.33420000000000       ,    1.33474685799751     
   9966.98500000000       ,    1.33370000000000       ,    1.33429175355161     
   9974.95300000000       ,    1.33340000000000       ,    1.33396503345924     
   9982.92200000000       ,    1.33320000000000       ,    1.33374043539404     
   9990.90700000000       ,    1.33300000000000       ,    1.33359673962487     
   9998.90600000000       ,    1.33290000000000       ,    1.33351758610398     
   10006.9070000000       ,    1.33290000000000       ,    1.33348965102950     
   10014.9060000000       ,    1.33290000000000       ,    1.33350209121093     
   10022.9220000000       ,    1.33300000000000       ,    1.33354634570200     
   10030.9530000000       ,    1.33310000000000       ,    1.33361552341785     
   10038.9840000000       ,    1.33320000000000       ,    1.33370394182621     
   10047.0000000000       ,    1.33330000000000       ,    1.33380684397921     
   10055.0310000000       ,    1.33340000000000       ,    1.33392098081885     
   10063.0940000000       ,    1.33350000000000       ,    1.33404376449571     
   10071.1400000000       ,    1.33370000000000       ,    1.33417207427954     
   10079.1870000000       ,    1.33380000000000       ,    1.33430427965746     
   10087.2500000000       ,    1.33400000000000       ,    1.33443908244399     
   10095.3280000000       ,    1.33410000000000       ,    1.33457523061590     
   10103.4060000000       ,    1.33420000000000       ,    1.33471145665768     
   10111.4850000000       ,    1.33440000000000       ,    1.33484695018745     
   10119.5780000000       ,    1.33450000000000       ,    1.33498125249524     
   10127.6720000000       ,    1.33470000000000       ,    1.33511359761598     
   10135.7660000000       ,    1.33480000000000       ,    1.33524352023170     
   10143.8750000000       ,    1.33500000000000       ,    1.33537090023695     
   10152.0000000000       ,    1.33510000000000       ,    1.33549497973611     
   10160.1250000000       ,    1.33520000000000       ,    1.33561618096190     
   10168.2500000000       ,    1.33530000000000       ,    1.33573384270680     
   10176.3750000000       ,    1.33550000000000       ,    1.33584781276075     
   10184.5160000000       ,    1.33560000000000       ,    1.33595816887019     
   10192.6720000000       ,    1.33570000000000       ,    1.33606478840446     
   10200.8290000000       ,    1.33580000000000       ,    1.33616739568074     
   10208.9840000000       ,    1.33570000000000       ,    1.33626589125650     
   10217.1560000000       ,    1.33580000000000       ,    1.33636045075130     
   10225.3280000000       ,    1.33590000000000       ,    1.33645084548763     
   10233.5000000000       ,    1.33600000000000       ,    1.33653706535185     
   10241.6880000000       ,    1.33610000000000       ,    1.33661931537518     
   10249.8900000000       ,    1.33620000000000       ,    1.33669747925147     
   10258.0940000000       ,    1.33630000000000       ,    1.33677150578576     
   10266.2970000000       ,    1.33640000000000       ,    1.33684142421485     
   10274.5150000000       ,    1.33650000000000       ,    1.33690742217449     
   10282.7340000000       ,    1.33660000000000       ,    1.33696946590336     
   10290.9530000000       ,    1.33660000000000       ,    1.33702766776204     
   10299.1880000000       ,    1.33670000000000       ,    1.33708226944717     
   10307.4380000000       ,    1.33680000000000       ,    1.33713343182745     
   10315.6720000000       ,    1.33680000000000       ,    1.33718127068916     
   10323.9220000000       ,    1.33690000000000       ,    1.33722610724935     
   10332.1880000000       ,    1.33690000000000       ,    1.33726845168460     
   10340.4530000000       ,    1.33700000000000       ,    1.33730872049045     
   10348.7190000000       ,    1.33710000000000       ,    1.33734765011028     
   10357.0000000000       ,    1.33710000000000       ,    1.33738627672654     
   10365.2970000000       ,    1.33720000000000       ,    1.33742596676669     
   10373.5780000000       ,    1.33720000000000       ,    1.33746881014830     
   10381.8750000000       ,    1.33730000000000       ,    1.33751941175759     
   10390.1870000000       ,    1.33740000000000       ,    1.33758940624804     
   10398.5000000000       ,    1.33750000000000       ,    1.33771205847190     
   10406.8130000000       ,    1.33780000000000       ,    1.33797430581416     
   10415.1400000000       ,    1.33850000000000       ,    1.33856211680066     
   10423.4690000000       ,    1.33990000000000       ,    1.33977160577192     
   10431.8120000000       ,    1.34230000000000       ,    1.34191472914266     
   10440.1720000000       ,    1.34580000000000       ,    1.34506950466227     
   10448.5160000000       ,    1.34990000000000       ,    1.34876767837434     
   10456.8600000000       ,    1.35340000000000       ,    1.35201717743825     
   10465.2190000000       ,    1.35530000000000       ,    1.35382879853913     
   10473.5940000000       ,    1.35530000000000       ,    1.35383975770821     
   10481.9840000000       ,    1.35370000000000       ,    1.35239255415020     
   10490.3750000000       ,    1.35120000000000       ,    1.35016646013844     
   10498.7660000000       ,    1.34860000000000       ,    1.34777476327947     
   10507.1560000000       ,    1.34630000000000       ,    1.34558255986817     
   10515.5620000000       ,    1.34430000000000       ,    1.34372245482837     
   10523.9840000000       ,    1.34260000000000       ,    1.34219974163939     
   10532.3910000000       ,    1.34130000000000       ,    1.34097202866739     
   10540.8120000000       ,    1.34020000000000       ,    1.33997852008793     
   10549.2500000000       ,    1.33940000000000       ,    1.33917033643059     
   10557.7030000000       ,    1.33870000000000       ,    1.33850830636008     
   10566.1560000000       ,    1.33810000000000       ,    1.33796204762412     
   10574.5940000000       ,    1.33760000000000       ,    1.33750713020395     
   10583.0470000000       ,    1.33720000000000       ,    1.33712213563224     
   10591.5160000000       ,    1.33690000000000       ,    1.33679172596367     
   10599.9840000000       ,    1.33660000000000       ,    1.33650422696366     
   10608.4690000000       ,    1.33630000000000       ,    1.33624950248324     
   10616.9690000000       ,    1.33610000000000       ,    1.33601994899852     
   10625.4690000000       ,    1.33590000000000       ,    1.33580992107045     
   10633.9680000000       ,    1.33570000000000       ,    1.33561462179510     
   10642.4680000000       ,    1.33550000000000       ,    1.33543022242147     
   10650.9850000000       ,    1.33530000000000       ,    1.33525343757180     
   10659.5000000000       ,    1.33520000000000       ,    1.33508233966828     
   10668.0150000000       ,    1.33500000000000       ,    1.33491505900756     
   10676.5620000000       ,    1.33480000000000       ,    1.33474955034642     
   10685.1090000000       ,    1.33470000000000       ,    1.33458531928486     
   10693.6560000000       ,    1.33450000000000       ,    1.33442149572302     
   10702.2030000000       ,    1.33430000000000       ,    1.33425740339945     
   10710.7660000000       ,    1.33420000000000       ,    1.33409221548731     
   10719.3440000000       ,    1.33400000000000       ,    1.33392555722077     
   10727.9060000000       ,    1.33390000000000       ,    1.33375773465307     
   10736.4850000000       ,    1.33370000000000       ,    1.33358789286532     
   10745.0780000000       ,    1.33350000000000       ,    1.33341594335911     
   10753.6720000000       ,    1.33330000000000       ,    1.33324206089138     
   10762.2810000000       ,    1.33320000000000       ,    1.33306593697498     
   10770.8900000000       ,    1.33300000000000       ,    1.33288794937961     
   10779.5000000000       ,    1.33280000000000       ,    1.33270834025590     
   10788.1250000000       ,    1.33260000000000       ,    1.33252765308352     
   10796.7500000000       ,    1.33240000000000       ,    1.33234852060050     
   10805.3900000000       ,    1.33230000000000       ,    1.33217596928985     
   10814.0470000000       ,    1.33210000000000       ,    1.33201946742534     
   10822.7030000000       ,    1.33190000000000       ,    1.33189108150821     
   10831.3590000000       ,    1.33170000000000       ,    1.33179745331698     
   10840.0150000000       ,    1.33150000000000       ,    1.33172966765667     
   10848.6870000000       ,    1.33130000000000       ,    1.33165740657925     
   10857.3750000000       ,    1.33140000000000       ,    1.33154208077338     
   10866.0620000000       ,    1.33120000000000       ,    1.33137319891106     
   10874.7500000000       ,    1.33100000000000       ,    1.33113256725289     
   10883.4530000000       ,    1.33070000000000       ,    1.33085284039047     
   10892.1570000000       ,    1.33050000000000       ,    1.33055831335490     
   10900.8600000000       ,    1.33030000000000       ,    1.33026573385204     
   10909.5780000000       ,    1.33010000000000       ,    1.32998243797700     
   10918.3120000000       ,    1.32990000000000       ,    1.32971024030469     
   10927.0470000000       ,    1.32970000000000       ,    1.32944859368747     
   10935.7810000000       ,    1.32950000000000       ,    1.32919568902026     
   10944.5470000000       ,    1.32930000000000       ,    1.32894882126721     
   10953.3130000000       ,    1.32910000000000       ,    1.32870745669324     
   10962.0630000000       ,    1.32890000000000       ,    1.32847091179245     
   10970.8280000000       ,    1.32860000000000       ,    1.32823751930469     
   10979.6090000000       ,    1.32840000000000       ,    1.32800669177267     
   10988.3910000000       ,    1.32820000000000       ,    1.32777845318026     
   10997.1880000000       ,    1.32800000000000       ,    1.32755224178099     
   11005.9840000000       ,    1.32780000000000       ,    1.32732839853979     
   11014.7810000000       ,    1.32760000000000       ,    1.32710693904638     
   11023.5940000000       ,    1.32740000000000       ,    1.32688766844023     
   11032.4220000000       ,    1.32720000000000       ,    1.32667091603920     
   11041.2500000000       ,    1.32700000000000       ,    1.32645745263140     
   11050.0780000000       ,    1.32680000000000       ,    1.32624780235305     
   11058.9220000000       ,    1.32660000000000       ,    1.32604223862963     
   11067.7650000000       ,    1.32640000000000       ,    1.32584198013248     
   11076.6250000000       ,    1.32620000000000       ,    1.32564759567542     
   11085.4850000000       ,    1.32600000000000       ,    1.32546064883363     
   11094.3440000000       ,    1.32580000000000       ,    1.32528259376541     
   11103.2190000000       ,    1.32570000000000       ,    1.32511486575455     
   11112.1090000000       ,    1.32550000000000       ,    1.32495680451019     
   11121.0000000000       ,    1.32540000000000       ,    1.32481715329833     
   11129.8900000000       ,    1.32530000000000       ,    1.32469636247647     
   11138.7970000000       ,    1.32520000000000       ,    1.32459847657478     
   11147.7030000000       ,    1.32510000000000       ,    1.32452997888971     
   11156.6250000000       ,    1.32510000000000       ,    1.32449503787049     
   11165.5630000000       ,    1.32510000000000       ,    1.32450642176107     
   11174.4840000000       ,    1.32520000000000       ,    1.32457416053209     
   11183.4220000000       ,    1.32530000000000       ,    1.32471718768922     
   11192.3750000000       ,    1.32560000000000       ,    1.32495792431289     
   11201.3280000000       ,    1.32600000000000       ,    1.32533311074901     
   11210.2970000000       ,    1.32660000000000       ,    1.32590928487039     
   11219.2660000000       ,    1.32750000000000       ,    1.32684371461146     
   11228.2340000000       ,    1.32930000000000       ,    1.32858480688400     
   11237.2190000000       ,    1.33330000000000       ,    1.33236736875644     
   11246.2030000000       ,    1.34220000000000       ,    1.34102235348090     
   11255.1870000000       ,    1.36140000000000       ,    1.35960889277544     
   11264.1880000000       ,    1.39730000000000       ,    1.39455001578590     
   11273.2030000000       ,    1.45370000000000       ,    1.44977619163415     
   11282.2340000000       ,    1.52570000000000       ,    1.52095803174506     
   11291.2650000000       ,    1.59680000000000       ,    1.59187104545261     
   11300.2970000000       ,    1.64560000000000       ,    1.64135023311376     
   11309.3280000000       ,    1.65970000000000       ,    1.65657241819800     
   11318.3750000000       ,    1.64120000000000       ,    1.63909369393765     
   11327.4370000000       ,    1.60150000000000       ,    1.60020146355045     
   11336.5000000000       ,    1.55400000000000       ,    1.55309286882220     
   11345.5630000000       ,    1.50800000000000       ,    1.50728954111454     
   11354.6410000000       ,    1.46800000000000       ,    1.46740689063005     
   11363.7190000000       ,    1.43530000000000       ,    1.43471757326584     
   11372.8120000000       ,    1.40920000000000       ,    1.40864015859130     
   11381.9220000000       ,    1.38870000000000       ,    1.38809376076803     
   11391.0160000000       ,    1.37260000000000       ,    1.37203158327608     
   11400.1250000000       ,    1.36000000000000       ,    1.35943868531882     
   11409.2500000000       ,    1.35010000000000       ,    1.34955774552462     
   11418.3750000000       ,    1.34240000000000       ,    1.34180377193993     
   11427.5160000000       ,    1.33630000000000       ,    1.33569182720339     
   11436.6560000000       ,    1.33150000000000       ,    1.33086616928329     
   11445.7970000000       ,    1.32760000000000       ,    1.32703762449551     
   11454.9530000000       ,    1.32460000000000       ,    1.32397892479006     
   11464.1250000000       ,    1.32210000000000       ,    1.32151938334226     
   11473.2970000000       ,    1.32010000000000       ,    1.31952970377019     
   11482.4690000000       ,    1.31850000000000       ,    1.31790524227622     
   11491.6560000000       ,    1.31710000000000       ,    1.31656303762115     
   11500.8440000000       ,    1.31600000000000       ,    1.31544295868849     
   11510.0470000000       ,    1.31510000000000       ,    1.31449500126234     
   11519.2650000000       ,    1.31420000000000       ,    1.31368205168384     
   11528.4840000000       ,    1.31350000000000       ,    1.31297618884944     
   11537.7040000000       ,    1.31290000000000       ,    1.31235461237131     
   11546.9380000000       ,    1.31230000000000       ,    1.31179887507163     
   11556.1880000000       ,    1.31180000000000       ,    1.31129531366611     
   11565.4220000000       ,    1.31140000000000       ,    1.31083492375900     
   11574.6720000000       ,    1.31090000000000       ,    1.31040772070575     
   11583.9380000000       ,    1.31050000000000       ,    1.31000731402846     
   11593.2040000000       ,    1.31010000000000       ,    1.30962935352202     
   11602.4680000000       ,    1.30980000000000       ,    1.30926989993212     
   11611.7500000000       ,    1.30940000000000       ,    1.30892507347551     
   11621.0470000000       ,    1.30910000000000       ,    1.30859260078296     
   11630.3430000000       ,    1.30870000000000       ,    1.30827113726172     
   11639.6410000000       ,    1.30840000000000       ,    1.30795905624178     
   11648.9530000000       ,    1.30810000000000       ,    1.30765478075672     
   11658.2810000000       ,    1.30780000000000       ,    1.30735735640101     
   11667.6090000000       ,    1.30750000000000       ,    1.30706659945915     
   11676.9370000000       ,    1.30720000000000       ,    1.30678196052439     
   11686.2660000000       ,    1.30690000000000       ,    1.30650305499113     
   11695.6250000000       ,    1.30660000000000       ,    1.30622881525075     
   11704.9850000000       ,    1.30640000000000       ,    1.30596011728049     
   11714.3440000000       ,    1.30610000000000       ,    1.30569089667024     
   11723.7190000000       ,    1.30580000000000       ,    1.30543544651852     
   11733.0940000000       ,    1.30550000000000       ,    1.30519271356873     
   11742.4840000000       ,    1.30530000000000       ,    1.30497530598600     
   11751.8900000000       ,    1.30500000000000       ,    1.30480933223465     
   11761.2810000000       ,    1.30470000000000       ,    1.30473346792823     
   11770.6870000000       ,    1.30420000000000       ,    1.30478148659712     
   11780.1090000000       ,    1.30390000000000       ,    1.30495102293557     
   11789.5320000000       ,    1.30370000000000       ,    1.30517011479337     
   11798.9680000000       ,    1.30340000000000       ,    1.30531082340150     
   11808.4060000000       ,    1.30320000000000       ,    1.30526326008000     
   11817.8430000000       ,    1.30300000000000       ,    1.30500064117430     
   11827.2970000000       ,    1.30270000000000       ,    1.30457321512688     
   11836.7650000000       ,    1.30250000000000       ,    1.30406343043958     
   11846.2340000000       ,    1.30230000000000       ,    1.30354355606142     
   11855.7190000000       ,    1.30200000000000       ,    1.30305512950807     
   11865.2030000000       ,    1.30180000000000       ,    1.30261503678245     
   11874.6870000000       ,    1.30160000000000       ,    1.30222357544896     
   11884.1880000000       ,    1.30140000000000       ,    1.30187408982969     
   11893.7030000000       ,    1.30150000000000       ,    1.30155944186857     
   11903.2190000000       ,    1.30130000000000       ,    1.30127337769660     
   11912.7340000000       ,    1.30110000000000       ,    1.30101041385139     
   11922.2660000000       ,    1.30100000000000       ,    1.30076574939002     
   11931.7970000000       ,    1.30080000000000       ,    1.30053653100004     
   11941.3430000000       ,    1.30060000000000       ,    1.30031982918325     
   11950.9060000000       ,    1.30040000000000       ,    1.30011371513539     
   11960.4680000000       ,    1.30020000000000       ,    1.29991713571198     
   11970.0310000000       ,    1.30000000000000       ,    1.29972896657199     
   11979.6090000000       ,    1.29990000000000       ,    1.29954817518732     
   11989.1870000000       ,    1.29970000000000       ,    1.29937450436641     
   11998.7810000000       ,    1.29950000000000       ,    1.29920732073266     
   12008.3900000000       ,    1.29940000000000       ,    1.29904646018432     
   12017.9840000000       ,    1.29920000000000       ,    1.29889233733314     
   12027.5940000000       ,    1.29910000000000       ,    1.29874446806504     
   12037.2190000000       ,    1.29890000000000       ,    1.29860301631097     
   12046.8440000000       ,    1.29880000000000       ,    1.29846841097314     
   12056.4840000000       ,    1.29870000000000       ,    1.29834071885652     
   12066.1400000000       ,    1.29850000000000       ,    1.29822037532242     
   12075.7970000000       ,    1.29840000000000       ,    1.29810802107327     
   12085.4530000000       ,    1.29830000000000       ,    1.29800423662056     
   12095.1250000000       ,    1.29820000000000       ,    1.29790953358449     
   12104.7960000000       ,    1.29810000000000       ,    1.29782490132123     
   12114.4690000000       ,    1.29810000000000       ,    1.29775127255459     
   12124.1720000000       ,    1.29800000000000       ,    1.29768963763537     
   12133.8750000000       ,    1.29800000000000       ,    1.29764162414164     
   12143.5790000000       ,    1.29790000000000       ,    1.29760889651221     
   12153.2960000000       ,    1.29790000000000       ,    1.29759346063901     
   12163.0150000000       ,    1.29790000000000       ,    1.29759784103559     
   12172.7340000000       ,    1.29790000000000       ,    1.29762507039091     
   12182.4680000000       ,    1.29800000000000       ,    1.29767901476337     
   12192.2190000000       ,    1.29810000000000       ,    1.29776454697223     
   12201.9840000000       ,    1.29820000000000       ,    1.29788780390594     
   12211.7500000000       ,    1.29840000000000       ,    1.29805642176251     
   12221.5160000000       ,    1.29860000000000       ,    1.29828040251422     
   12231.2970000000       ,    1.29890000000000       ,    1.29857339287048     
   12241.0780000000       ,    1.29930000000000       ,    1.29895268207151     
   12250.8590000000       ,    1.29980000000000       ,    1.29944324498249     
   12260.6560000000       ,    1.30040000000000       ,    1.30007885474245     
   12270.4690000000       ,    1.30130000000000       ,    1.30091383794008     
   12280.2970000000       ,    1.30240000000000       ,    1.30204548085121     
   12290.1250000000       ,    1.30420000000000       ,    1.30370789109468     
   12299.9530000000       ,    1.30710000000000       ,    1.30656953566167     
   12309.7970000000       ,    1.31330000000000       ,    1.31245480641536     
   12319.6400000000       ,    1.32700000000000       ,    1.32549889395625     
   12329.5000000000       ,    1.35580000000000       ,    1.35306147515046     
   12339.3590000000       ,    1.40890000000000       ,    1.40416095597190     
   12349.2180000000       ,    1.49140000000000       ,    1.48405776537021     
   12359.1090000000       ,    1.59620000000000       ,    1.58640624916904     
   12369.0000000000       ,    1.69910000000000       ,    1.68787695007398     
   12378.8910000000       ,    1.76970000000000       ,    1.75854141110915     
   12388.7970000000       ,    1.79010000000000       ,    1.78021525043120     
   12398.7040000000       ,    1.76260000000000       ,    1.75470544028233     
   12408.6250000000       ,    1.70400000000000       ,    1.69792194802961     
   12418.5630000000       ,    1.63320000000000       ,    1.62869395763691     
   12428.5000000000       ,    1.56460000000000       ,    1.56120177991713     
   12438.4370000000       ,    1.50520000000000       ,    1.50264285104025     
   12448.3750000000       ,    1.45700000000000       ,    1.45500711024657     
   12458.3280000000       ,    1.41900000000000       ,    1.41752952733065     
   12468.2970000000       ,    1.38970000000000       ,    1.38855803542375     
   12478.2810000000       ,    1.36730000000000       ,    1.36634943346095     
   12488.2660000000       ,    1.35010000000000       ,    1.34940518665707     
   12498.2500000000       ,    1.33700000000000       ,    1.33648922365350     
   12508.2500000000       ,    1.32710000000000       ,    1.32662375940159     
   12518.2660000000       ,    1.31940000000000       ,    1.31908191607644     
   12528.2810000000       ,    1.31360000000000       ,    1.31331677649551     
   12538.2970000000       ,    1.30910000000000       ,    1.30889854622133     
   12548.3280000000       ,    1.30570000000000       ,    1.30553122564020     
   12558.3590000000       ,    1.30300000000000       ,    1.30291122726596     
   12568.4060000000       ,    1.30090000000000       ,    1.30088136994098     
   12578.4680000000       ,    1.29930000000000       ,    1.29930262351983     
   12588.5310000000       ,    1.29810000000000       ,    1.29807063305529     
   12598.5940000000       ,    1.29710000000000       ,    1.29710414666220     
   12608.6720000000       ,    1.29630000000000       ,    1.29634045339623     
   12618.7660000000       ,    1.29570000000000       ,    1.29573333569758     
   12628.8600000000       ,    1.29520000000000       ,    1.29524834560620     
   12638.9680000000       ,    1.29480000000000       ,    1.29485778976042     
   12649.0780000000       ,    1.29450000000000       ,    1.29454154850518     
   12659.1870000000       ,    1.29420000000000       ,    1.29428383393170     
   12669.3280000000       ,    1.29400000000000       ,    1.29407187291475     
   12679.4690000000       ,    1.29380000000000       ,    1.29389713017571     
   12689.6100000000       ,    1.29360000000000       ,    1.29375238925217     
   12699.7650000000       ,    1.29350000000000       ,    1.29363187095003     
   12709.9220000000       ,    1.29340000000000       ,    1.29353142748994     
   12720.0940000000       ,    1.29330000000000       ,    1.29344756023954     
   12730.2660000000       ,    1.29320000000000       ,    1.29337774484995     
   12740.4380000000       ,    1.29320000000000       ,    1.29331986141671     
   12750.6410000000       ,    1.29310000000000       ,    1.29327208342600     
   12760.8430000000       ,    1.29300000000000       ,    1.29323326882844     
   12771.0470000000       ,    1.29300000000000       ,    1.29320229049423     
   12781.2650000000       ,    1.29300000000000       ,    1.29317824155727     
   12791.4850000000       ,    1.29300000000000       ,    1.29316042120566     
   12801.7190000000       ,    1.29290000000000       ,    1.29314823487237     
   12811.9690000000       ,    1.29290000000000       ,    1.29314116646056     
   12822.2190000000       ,    1.29290000000000       ,    1.29313881923772     
   12832.4690000000       ,    1.29290000000000       ,    1.29314082898626     
   12842.7340000000       ,    1.29290000000000       ,    1.29314688863899     
   12853.0160000000       ,    1.29290000000000       ,    1.29315676817899     
   12863.2970000000       ,    1.29290000000000       ,    1.29317021233530     
   12873.5930000000       ,    1.29290000000000       ,    1.29318705234276     
   12883.8900000000       ,    1.29290000000000       ,    1.29320711592891     
   12894.1880000000       ,    1.29250000000000       ,    1.29323026513221     
   12904.5000000000       ,    1.29250000000000       ,    1.29325644212002     
   12914.8280000000       ,    1.29260000000000       ,    1.29328557753848     
   12925.1720000000       ,    1.29260000000000       ,    1.29331768834751     
   12935.5000000000       ,    1.29270000000000       ,    1.29335273300981     
   12945.8440000000       ,    1.29270000000000       ,    1.29339105126172     
   12956.2190000000       ,    1.29270000000000       ,    1.29343353334195     
   12966.5780000000       ,    1.29280000000000       ,    1.29348250820939     
   12976.9370000000       ,    1.29280000000000       ,    1.29354487327265     
   12987.3290000000       ,    1.29290000000000       ,    1.29363612219913     
   12997.7190000000       ,    1.29290000000000       ,    1.29378180342844     
   13008.1090000000       ,    1.29300000000000       ,    1.29401154521845     
   13018.5160000000       ,    1.29300000000000       ,    1.29433927397763     
   13028.9370000000       ,    1.29310000000000       ,    1.29473485345339     
   13039.3590000000       ,    1.29310000000000       ,    1.29511447119104     
   13049.7810000000       ,    1.29320000000000       ,    1.29538022300192     
   13060.2340000000       ,    1.29320000000000       ,    1.29548002466089     
   13070.6870000000       ,    1.29330000000000       ,    1.29542724466916     
   13081.1410000000       ,    1.29330000000000       ,    1.29527898059677     
   13091.6090000000       ,    1.29340000000000       ,    1.29509771577913     
   13102.0780000000       ,    1.29340000000000       ,    1.29492837279667     
   13112.5620000000       ,    1.29350000000000       ,    1.29479261386275     
   13123.0470000000       ,    1.29360000000000       ,    1.29469585610080     
   13133.5470000000       ,    1.29360000000000       ,    1.29463466637197     
   13144.0620000000       ,    1.29370000000000       ,    1.29460292843845     
   13154.5780000000       ,    1.29370000000000       ,    1.29459440239833     
   13165.0930000000       ,    1.29380000000000       ,    1.29460369374235     
   13175.6250000000       ,    1.29390000000000       ,    1.29462657969953     
   13186.1720000000       ,    1.29390000000000       ,    1.29465982003793     
   13196.7190000000       ,    1.29400000000000       ,    1.29470087903645     
   13207.2660000000       ,    1.29400000000000       ,    1.29474786494017     
   13217.8280000000       ,    1.29410000000000       ,    1.29479944584417     
   13228.4220000000       ,    1.29420000000000       ,    1.29485464870109     
   13239.0000000000       ,    1.29420000000000       ,    1.29491242913577     
   13249.5780000000       ,    1.29430000000000       ,    1.29497225104315     
   13260.1870000000       ,    1.29430000000000       ,    1.29503384436059     
   13270.7970000000       ,    1.29440000000000       ,    1.29509669273775     
   13281.4060000000       ,    1.29450000000000       ,    1.29516017471881     
   13292.0310000000       ,    1.29450000000000       ,    1.29522488432418     
   13302.6710000000       ,    1.29490000000000       ,    1.29529032358265     
   13313.3130000000       ,    1.29500000000000       ,    1.29535630882628     
   13323.9530000000       ,    1.29500000000000       ,    1.29542272759648     
   13334.6250000000       ,    1.29510000000000       ,    1.29548974368550     
   13345.2970000000       ,    1.29520000000000       ,    1.29555713196420     
   13355.9680000000       ,    1.29530000000000       ,    1.29562486554501     
   13366.6560000000       ,    1.29530000000000       ,    1.29569306184462     
   13377.3440000000       ,    1.29540000000000       ,    1.29576163442660     
   13388.0470000000       ,    1.29550000000000       ,    1.29583072168593     
   13398.7660000000       ,    1.29560000000000       ,    1.29590037869853     
   13409.4840000000       ,    1.29560000000000       ,    1.29597057431033     
   13420.2030000000       ,    1.29570000000000       ,    1.29604141017403     
   13430.9380000000       ,    1.29580000000000       ,    1.29611310392192     
   13441.6880000000       ,    1.29590000000000       ,    1.29618578635243     
   13452.4370000000       ,    1.29600000000000       ,    1.29625952783387     
   13463.2030000000       ,    1.29600000000000       ,    1.29633465176962     
   13473.9850000000       ,    1.29610000000000       ,    1.29641139425571     
   13484.7500000000       ,    1.29620000000000       ,    1.29648982584117     
   13495.5310000000       ,    1.29630000000000       ,    1.29657050752592     
   13506.3290000000       ,    1.29640000000000       ,    1.29665387406861     
   13517.1250000000       ,    1.29650000000000       ,    1.29674027531799     
   13527.9380000000       ,    1.29660000000000       ,    1.29683043418825     
   13538.7660000000       ,    1.29670000000000       ,    1.29692504646851     
   13549.6090000000       ,    1.29680000000000       ,    1.29702495712271     
   13560.4530000000       ,    1.29690000000000       ,    1.29713106826572     
   13571.2970000000       ,    1.29700000000000       ,    1.29724455567742     
   13582.1560000000       ,    1.29710000000000       ,    1.29736708765910     
   13593.0310000000       ,    1.29730000000000       ,    1.29750048666668     
   13603.9070000000       ,    1.29740000000000       ,    1.29764683774359     
   13614.7810000000       ,    1.29760000000000       ,    1.29780886044357     
   13625.6720000000       ,    1.29780000000000       ,    1.29799032416772     
   13636.5790000000       ,    1.29800000000000       ,    1.29819567893126     
   13647.4850000000       ,    1.29830000000000       ,    1.29843026101006     
   13658.3910000000       ,    1.29850000000000       ,    1.29870132518975     
   13669.3120000000       ,    1.29890000000000       ,    1.29901883616450     
   13680.2500000000       ,    1.29930000000000       ,    1.29939622748440     
   13691.1880000000       ,    1.29970000000000       ,    1.29985037080890     
   13702.1410000000       ,    1.30030000000000       ,    1.30040290288455     
   13713.1090000000       ,    1.30100000000000       ,    1.30109324608470     
   13724.0780000000       ,    1.30190000000000       ,    1.30197805840326     
   13735.0630000000       ,    1.30310000000000       ,    1.30318561179081     
   13746.0620000000       ,    1.30510000000000       ,    1.30506228742454     
   13757.0630000000       ,    1.30870000000000       ,    1.30858151954345     
   13768.0630000000       ,    1.31650000000000       ,    1.31616436677160     
   13779.0780000000       ,    1.33350000000000       ,    1.33266249975665     
   13790.0930000000       ,    1.36680000000000       ,    1.36520934030081     
   13801.1250000000       ,    1.42300000000000       ,    1.42044144221446     
   13812.1720000000       ,    1.50160000000000       ,    1.49823210651271     
   13823.2180000000       ,    1.58900000000000       ,    1.58556843219222     
   13834.2810000000       ,    1.66140000000000       ,    1.65870394993879     
   13845.3440000000       ,    1.69740000000000       ,    1.69605498505242     
   13856.4210000000       ,    1.69100000000000       ,    1.69103502118495     
   13867.5160000000       ,    1.65130000000000       ,    1.65221677718941     
   13878.6100000000       ,    1.59410000000000       ,    1.59552870811005     
   13889.7030000000       ,    1.53410000000000       ,    1.53555946433314     
   13900.8120000000       ,    1.48010000000000       ,    1.48131247913200     
   13911.9380000000       ,    1.43550000000000       ,    1.43650251600356     
   13923.0620000000       ,    1.40070000000000       ,    1.40144732737961     
   13934.2030000000       ,    1.37420000000000       ,    1.37476534480067     
   13945.3440000000       ,    1.35440000000000       ,    1.35478734292941     
   13956.5000000000       ,    1.33970000000000       ,    1.33990712725086     
   13967.6720000000       ,    1.32870000000000       ,    1.32884677417447     
   13978.8440000000       ,    1.32060000000000       ,    1.32063147495625     
   13990.0310000000       ,    1.31450000000000       ,    1.31450537561874     
   14001.2190000000       ,    1.31000000000000       ,    1.30992492984214     
   14012.4220000000       ,    1.30660000000000       ,    1.30647742383876     
   14023.6410000000       ,    1.30400000000000       ,    1.30386505558838     
   14034.8600000000       ,    1.30200000000000       ,    1.30187146241458     
   14046.0940000000       ,    1.30050000000000       ,    1.30033212934875     
   14057.3280000000       ,    1.29930000000000       ,    1.29913026308874     
   14068.5630000000       ,    1.29840000000000       ,    1.29817790771424     
   14079.8120000000       ,    1.29760000000000       ,    1.29740972028075     
   14091.0780000000       ,    1.29700000000000       ,    1.29677844403449     
   14102.3600000000       ,    1.29650000000000       ,    1.29624932239581     
   14113.6410000000       ,    1.29610000000000       ,    1.29579714033752     
   14124.9220000000       ,    1.29570000000000       ,    1.29540247231774     
   14136.2190000000       ,    1.29540000000000       ,    1.29505035210260     
   14147.5320000000       ,    1.29510000000000       ,    1.29473013692886     
   14158.8590000000       ,    1.29480000000000       ,    1.29443385412721     
   14170.1880000000       ,    1.29450000000000       ,    1.29415570934474     
   14181.5160000000       ,    1.29430000000000       ,    1.29389108905883     
   14192.8600000000       ,    1.29400000000000       ,    1.29363606922554     
   14204.2190000000       ,    1.29380000000000       ,    1.29338794831824     
   14215.5930000000       ,    1.29360000000000       ,    1.29314463148037     
   14226.9690000000       ,    1.29330000000000       ,    1.29290472513900     
   14238.3440000000       ,    1.29310000000000       ,    1.29266697825500     
   14249.7340000000       ,    1.29290000000000       ,    1.29243001116414     
   14261.1410000000       ,    1.29270000000000       ,    1.29219294217723     
   14272.5470000000       ,    1.29240000000000       ,    1.29195546214167     
   14283.9530000000       ,    1.29220000000000       ,    1.29171698977325     
   14295.3750000000       ,    1.29200000000000       ,    1.29147672891767     
   14306.8120000000       ,    1.29180000000000       ,    1.29123429935496     
   14318.2660000000       ,    1.29150000000000       ,    1.29098933805932     
   14329.7190000000       ,    1.29130000000000       ,    1.29074194089577     
   14341.1720000000       ,    1.29110000000000       ,    1.29049184808932     
   14352.6560000000       ,    1.29040000000000       ,    1.29023155880521     
   14364.1410000000       ,    1.29020000000000       ,    1.28997483831519     
   14375.6250000000       ,    1.28990000000000       ,    1.28971490046205     
   14387.1250000000       ,    1.28970000000000       ,    1.28945123398822     
   14398.6410000000       ,    1.28950000000000       ,    1.28918371051344     
   14410.1560000000       ,    1.28920000000000       ,    1.28891259577734     
   14421.6870000000       ,    1.28900000000000       ,    1.28863741554412     
   14433.2340000000       ,    1.28870000000000       ,    1.28835806641397     
   14444.7660000000       ,    1.28850000000000       ,    1.28807524552844     
   14456.3120000000       ,    1.28820000000000       ,    1.28778815593580     
   14467.8910000000       ,    1.28800000000000       ,    1.28749627214079     
   14479.4680000000       ,    1.28770000000000       ,    1.28720040892151     
   14491.0470000000       ,    1.28740000000000       ,    1.28690041516127     
   14502.6410000000       ,    1.28710000000000       ,    1.28659591949392     
   14514.2350000000       ,    1.28680000000000       ,    1.28628728291742     
   14525.8440000000       ,    1.28660000000000       ,    1.28597406534333     
   14537.4690000000       ,    1.28630000000000       ,    1.28565620312591     
   14549.1090000000       ,    1.28600000000000       ,    1.28533370298857     
   14560.7500000000       ,    1.28570000000000       ,    1.28500691379077     
   14572.3910000000       ,    1.28540000000000       ,    1.28467586921820     
   14584.0470000000       ,    1.28500000000000       ,    1.28434010840687     
   14595.7180000000       ,    1.28470000000000       ,    1.28399963987095     
   14607.4070000000       ,    1.28440000000000       ,    1.28365433563681     
   14619.0940000000       ,    1.28410000000000       ,    1.28330478560013     
   14630.7810000000       ,    1.28370000000000       ,    1.28295093960337     
   14642.4850000000       ,    1.28340000000000       ,    1.28259228003395     
   14654.2030000000       ,    1.28300000000000       ,    1.28222887331154     
   14665.9220000000       ,    1.28270000000000       ,    1.28186115069440     
   14677.6560000000       ,    1.28230000000000       ,    1.28148867293817     
   14689.4060000000       ,    1.28200000000000       ,    1.28111139333012     
   14701.1570000000       ,    1.28160000000000       ,    1.28072980496345     
   14712.9060000000       ,    1.28130000000000       ,    1.28034403147659     
   14724.6720000000       ,    1.28090000000000       ,    1.27995346091907     
   14736.4530000000       ,    1.28050000000000       ,    1.27955816140965     
   14748.2500000000       ,    1.28010000000000       ,    1.27915810671885     
   14760.0470000000       ,    1.27970000000000       ,    1.27875385703902     
   14771.8440000000       ,    1.27930000000000       ,    1.27834543754301     
   14783.6720000000       ,    1.27890000000000       ,    1.27793179640856     
   14795.5000000000       ,    1.27850000000000       ,    1.27751402391541     
   14807.3280000000       ,    1.27810000000000       ,    1.27709214744707     
   14819.1720000000       ,    1.27770000000000       ,    1.27666563390015     
   14831.0310000000       ,    1.27730000000000       ,    1.27623453017561     
   14842.9060000000       ,    1.27690000000000       ,    1.27579882199433     
   14854.7810000000       ,    1.27650000000000       ,    1.27535912357242     
   14866.6560000000       ,    1.27600000000000       ,    1.27491548137980     
   14878.5470000000       ,    1.27560000000000       ,    1.27446732419416     
   14890.4530000000       ,    1.27520000000000       ,    1.27401471582078     
   14902.3750000000       ,    1.27470000000000       ,    1.27355764694308     
   14914.2970000000       ,    1.27430000000000       ,    1.27309677339336     
   14926.2190000000       ,    1.27380000000000       ,    1.27263214379040     
   14938.1560000000       ,    1.27330000000000       ,    1.27216319617208     
   14950.1090000000       ,    1.27290000000000       ,    1.27168994252366     
   14962.0780000000       ,    1.27240000000000       ,    1.27121241525229     
   14974.0470000000       ,    1.27190000000000       ,    1.27073129269127     
   14986.0150000000       ,    1.27150000000000       ,    1.27024663542421     
   14998.0000000000       ,    1.27100000000000       ,    1.26975783868866     
   15010.0150000000       ,    1.27050000000000       ,    1.26926437879629     
   15022.0310000000       ,    1.27000000000000       ,    1.26876748042584     
   15034.0310000000       ,    1.26950000000000       ,    1.26826791493756     
   15046.0620000000       ,    1.26900000000000       ,    1.26776378321586     
   15058.1090000000       ,    1.26850000000000       ,    1.26725576688946     
   15070.1410000000       ,    1.26800000000000       ,    1.26674521716092     
   15082.2030000000       ,    1.26750000000000       ,    1.26623030736944     
   15094.2810000000       ,    1.26700000000000       ,    1.26571168102396     
   15106.3440000000       ,    1.26650000000000       ,    1.26519074255748     
   15118.4220000000       ,    1.26600000000000       ,    1.26466626569707     
   15130.5160000000       ,    1.26540000000000       ,    1.26413827854189     
   15142.6250000000       ,    1.26490000000000       ,    1.26360688479562     
   15154.7500000000       ,    1.26440000000000       ,    1.26307212250362     
   15166.8750000000       ,    1.26380000000000       ,    1.26253477363947     
   15179.0000000000       ,    1.26330000000000       ,    1.26199493784411     
   15191.1400000000       ,    1.26270000000000       ,    1.26145200690749     
   15203.2970000000       ,    1.26220000000000       ,    1.26090600729010     
   15215.4530000000       ,    1.26160000000000       ,    1.26035781503906     
   15227.6250000000       ,    1.26110000000000       ,    1.25980679471199     
   15239.8130000000       ,    1.26050000000000       ,    1.25925302315540     
   15252.0000000000       ,    1.26000000000000       ,    1.25869738331091     
   15264.2030000000       ,    1.25940000000000       ,    1.25813923578680     
   15276.4220000000       ,    1.25880000000000       ,    1.25757868755052     
   15288.6410000000       ,    1.25830000000000       ,    1.25701660281903     
   15300.8750000000       ,    1.25770000000000       ,    1.25645241501793     
   15313.1250000000       ,    1.25710000000000       ,    1.25588625103642     
   15325.3750000000       ,    1.25650000000000       ,    1.25531898332794     
   15337.6250000000       ,    1.25590000000000       ,    1.25475079713900     
   15349.8910000000       ,    1.25530000000000       ,    1.25418110293289     
   15362.1720000000       ,    1.25470000000000       ,    1.25363446379335     
   15374.4690000000       ,    1.25420000000000       ,    1.25306256287726     
   15386.7650000000       ,    1.25460000000000       ,    1.25249061106239     
   15399.0620000000       ,    1.25400000000000       ,    1.25191870983718     
   15411.3900000000       ,    1.25350000000000       ,    1.25134575524506     
   15423.7350000000       ,    1.25290000000000       ,    1.25077268470867     
   15436.0630000000       ,    1.25230000000000       ,    1.25020139360460     
   15448.4060000000       ,    1.25180000000000       ,    1.24963072498551     
   15460.7660000000       ,    1.25120000000000       ,    1.24906095990201     
   15473.1410000000       ,    1.25070000000000       ,    1.24849265770981     
   15485.5310000000       ,    1.25010000000000       ,    1.24792625995839     
   15497.9070000000       ,    1.24960000000000       ,    1.24736366844208     
   15510.2970000000       ,    1.24900000000000       ,    1.24680407722325     
   15522.7030000000       ,    1.24850000000000       ,    1.24624818100671     
   15535.1250000000       ,    1.24790000000000       ,    1.24569664585343     
   15547.5630000000       ,    1.24740000000000       ,    1.24515038540210     
   15560.0000000000       ,    1.24690000000000       ,    1.24461106336392     
   15572.4530000000       ,    1.24640000000000       ,    1.24407906581689     
   15584.9070000000       ,    1.24580000000000       ,    1.24355634653601     
   15597.3600000000       ,    1.24530000000000       ,    1.24304431563195     
   15609.8440000000       ,    1.24490000000000       ,    1.24254353187108     
   15622.3440000000       ,    1.24440000000000       ,    1.24205652562044     
   15634.8440000000       ,    1.24390000000000       ,    1.24158618782796     
   15647.3440000000       ,    1.24350000000000       ,    1.24113547271023     
   15659.8600000000       ,    1.24310000000000       ,    1.24070678914218     
   15672.3910000000       ,    1.24270000000000       ,    1.24030447338910     
   15684.9220000000       ,    1.24230000000000       ,    1.23993350546507     
   15697.4690000000       ,    1.24200000000000       ,    1.23959932154016     
   15710.0320000000       ,    1.24170000000000       ,    1.23930904499419     
   15722.5930000000       ,    1.24150000000000       ,    1.23906267811649     
   15735.1720000000       ,    1.24130000000000       ,    1.23888943394307     
   15747.7660000000       ,    1.24130000000000       ,    1.23879385869515     
   15760.3600000000       ,    1.24130000000000       ,    1.23879424195155     
   15772.9680000000       ,    1.24140000000000       ,    1.23891327938617     
   15785.5940000000       ,    1.24170000000000       ,    1.23918225456764     
   15798.2190000000       ,    1.24220000000000       ,    1.23964076591751     
   15810.8600000000       ,    1.24290000000000       ,    1.24034494884180     
   15823.5160000000       ,    1.24400000000000       ,    1.24137678657033     
   15836.1720000000       ,    1.24550000000000       ,    1.24284645682766     
   15848.8440000000       ,    1.24760000000000       ,    1.24495764817484     
   15861.5160000000       ,    1.25100000000000       ,    1.24820797722220     
   15874.2030000000       ,    1.25690000000000       ,    1.25393806948532     
   15886.9070000000       ,    1.26930000000000       ,    1.26589982059897     
   15899.6100000000       ,    1.29720000000000       ,    1.29288745324664     
   15912.3280000000       ,    1.35760000000000       ,    1.35131143528923     
   15925.0620000000       ,    1.47240000000000       ,    1.46317249495398     
   15937.8130000000       ,    1.65750000000000       ,    1.64484699815958     
   15950.5620000000       ,    1.90230000000000       ,    1.88656744337111     
   15963.3120000000       ,    2.15580000000000       ,    2.13930087961827     
   15976.0780000000       ,    2.34360000000000       ,    2.32921242223885     
   15988.8750000000       ,    2.41100000000000       ,    2.40070161374375     
   16001.6730000000       ,    2.35260000000000       ,    2.34646422167949     
   16014.4690000000       ,    2.20510000000000       ,    2.20206614157378     
   16027.2810000000       ,    2.01910000000000       ,    2.01773680104409     
   16040.0940000000       ,    1.83610000000000       ,    1.83534345168671     
   16052.9210000000       ,    1.67900000000000       ,    1.67812368248022     
   16065.7650000000       ,    1.55470000000000       ,    1.55353510647065     
   16078.6090000000       ,    1.46130000000000       ,    1.45981061207556     
   16091.4690000000       ,    1.39300000000000       ,    1.39120506514659     
   16104.3430000000       ,    1.34380000000000       ,    1.34171082518970     
   16117.2350000000       ,    1.30840000000000       ,    1.30618033998244     
   16130.1400000000       ,    1.28300000000000       ,    1.28066861041364     
   16143.0470000000       ,    1.26470000000000       ,    1.26227784092290     
   16155.9520000000       ,    1.25140000000000       ,    1.24891639861833     
   16168.8750000000       ,    1.24160000000000       ,    1.23908783985773     
   16181.8120000000       ,    1.23430000000000       ,    1.23176244397849     
   16194.7500000000       ,    1.22880000000000       ,    1.22621727662957     
   16207.7030000000       ,    1.22460000000000       ,    1.22193282432343     
   16220.6730000000       ,    1.22120000000000       ,    1.21854970670164     
   16233.6560000000       ,    1.21850000000000       ,    1.21581525051717     
   16246.6410000000       ,    1.21620000000000       ,    1.21355182251114     
   16259.6400000000       ,    1.21430000000000       ,    1.21162972248529     
   16272.6550000000       ,    1.21260000000000       ,    1.20995833771507     
   16285.6710000000       ,    1.21120000000000       ,    1.20847451756164     
   16298.7020000000       ,    1.20980000000000       ,    1.20713004180179     
   16311.7350000000       ,    1.20860000000000       ,    1.20589239920248     
   16324.7810000000       ,    1.20740000000000       ,    1.20473599993898     
   16337.8430000000       ,    1.20630000000000       ,    1.20364258385710     
   16350.9060000000       ,    1.20530000000000       ,    1.20259987787852     
   16363.9850000000       ,    1.20430000000000       ,    1.20159659765807     
   16377.0940000000       ,    1.20330000000000       ,    1.20062412430799     
   16390.2030000000       ,    1.20240000000000       ,    1.19967880740497     
   16403.2970000000       ,    1.20150000000000       ,    1.19875712216228     
   16416.4220000000       ,    1.20060000000000       ,    1.19785217396746     
   16429.5620000000       ,    1.19970000000000       ,    1.19696233309620     
   16442.7030000000       ,    1.19880000000000       ,    1.19608615254578     
   16455.8600000000       ,    1.19800000000000       ,    1.19522083028653     
   16469.0150000000       ,    1.19710000000000       ,    1.19436594410589     
   16482.1870000000       ,    1.19630000000000       ,    1.19351897148174     
   16495.3750000000       ,    1.19540000000000       ,    1.19267895135941     
   16508.5770000000       ,    1.19460000000000       ,    1.19184503895497     
   16521.7820000000       ,    1.19380000000000       ,    1.19101721893050     
   16535.0000000000       ,    1.19300000000000       ,    1.19019414877846     
   16548.2350000000       ,    1.19220000000000       ,    1.18937497261545     
   16561.4680000000       ,    1.19130000000000       ,    1.18856039353162     
   16574.7180000000       ,    1.19050000000000       ,    1.18774881556593     
   16587.9840000000       ,    1.18970000000000       ,    1.18693992610154     
   16601.2500000000       ,    1.18780000000000       ,    1.18613438178360     
   16614.5310000000       ,    1.18710000000000       ,    1.18533095501095     
   16627.8290000000       ,    1.18630000000000       ,    1.18452928882633     
   16641.1250000000       ,    1.18560000000000       ,    1.18373029784164     
   16654.4380000000       ,    1.18480000000000       ,    1.18293263878309     
   16667.7670000000       ,    1.18410000000000       ,    1.18213623247243     
   16681.1080000000       ,    1.18330000000000       ,    1.18134116619313     
   16694.4520000000       ,    1.18260000000000       ,    1.18054786775624     
   16707.7960000000       ,    1.18180000000000       ,    1.17975640961556     
   16721.1570000000       ,    1.18100000000000       ,    1.17896564386605     
   16734.5310000000       ,    1.18030000000000       ,    1.17817580472847     
   16747.9210000000       ,    1.17950000000000       ,    1.17738665061173     
   16761.3280000000       ,    1.17880000000000       ,    1.17659806881431     
   16774.7340000000       ,    1.17800000000000       ,    1.17581114199172     
   16788.1570000000       ,    1.17720000000000       ,    1.17502474644359     
   16801.5940000000       ,    1.17650000000000       ,    1.17423907897340     
   16815.0310000000       ,    1.17570000000000       ,    1.17345498895096     
   16828.4840000000       ,    1.17500000000000       ,    1.17267154976546     
   16841.9530000000       ,    1.17420000000000       ,    1.17188881458325     
   16855.4210000000       ,    1.17340000000000       ,    1.17110781478723     
   16868.9060000000       ,    1.17270000000000       ,    1.17032756959115     
   16882.4060000000       ,    1.17190000000000       ,    1.16954827270816     
   16895.9060000000       ,    1.17110000000000       ,    1.16877086938753     
   16909.4220000000       ,    1.17040000000000       ,    1.16799453560984     
   16922.9530000000       ,    1.16960000000000       ,    1.16721944354738     
   16936.4850000000       ,    1.16890000000000       ,    1.16644651355424     
   16950.0310000000       ,    1.16810000000000       ,    1.16567512797299     
   16963.5940000000       ,    1.16730000000000       ,    1.16490527442003     
   16977.1710000000       ,    1.16660000000000       ,    1.16413727717447     
   16990.7490000000       ,    1.16580000000000       ,    1.16337202911993     
   17004.3280000000       ,    1.16510000000000       ,    1.16260972754096     
   17017.9370000000       ,    1.16430000000000       ,    1.16184893078498     
   17031.5630000000       ,    1.16350000000000       ,    1.16109059164584     
   17045.1870000000       ,    1.16280000000000       ,    1.16033598684205     
   17058.8280000000       ,    1.16200000000000       ,    1.15958429833232     
   17072.4680000000       ,    1.16130000000000       ,    1.15883677589366     
   17086.1240000000       ,    1.16050000000000       ,    1.15809275816798     
   17099.7960000000       ,    1.15980000000000       ,    1.15735252370890     
   17113.4680000000       ,    1.15910000000000       ,    1.15661725021857     
   17127.1550000000       ,    1.15830000000000       ,    1.15588644852024     
   17140.8600000000       ,    1.15760000000000       ,    1.15516029274994     
   17154.5770000000       ,    1.15690000000000       ,    1.15443947031764     
   17168.2970000000       ,    1.15610000000000       ,    1.15372483363612     
   17182.0320000000       ,    1.15540000000000       ,    1.15301614271618     
   17195.7820000000       ,    1.15470000000000       ,    1.15231382214583     
   17209.5320000000       ,    1.15400000000000       ,    1.15161907798389     
   17223.2970000000       ,    1.15330000000000       ,    1.15093161018008     
   17237.0930000000       ,    1.15260000000000       ,    1.15025113365915     
   17250.8910000000       ,    1.15190000000000       ,    1.14957960604312     
   17264.6710000000       ,    1.15120000000000       ,    1.14891850145482     
   17278.4840000000       ,    1.15050000000000       ,    1.14826594947615     
   17292.3130000000       ,    1.14980000000000       ,    1.14762340077528     
   17306.1410000000       ,    1.14920000000000       ,    1.14699228928492     
   17320.0000000000       ,    1.14850000000000       ,    1.14637187871508     
   17333.8580000000       ,    1.14790000000000       ,    1.14576437416483     
   17347.7190000000       ,    1.14720000000000       ,    1.14517043476396     
   17361.5930000000       ,    1.14660000000000       ,    1.14459070152199     
   17375.4840000000       ,    1.14600000000000       ,    1.14402655500131     
   17389.3910000000       ,    1.14540000000000       ,    1.14348123246571     
   17403.2970000000       ,    1.14480000000000       ,    1.14296267213049     
   17417.2190000000       ,    1.14420000000000       ,    1.14248601569625     
   17431.1560000000       ,    1.14360000000000       ,    1.14207901821758     
   17445.1100000000       ,    1.14310000000000       ,    1.14177662170527     
   17459.0630000000       ,    1.14260000000000       ,    1.14160214081218     
   17473.0150000000       ,    1.14200000000000       ,    1.14153417715276     
   17487.0000000000       ,    1.14150000000000       ,    1.14148934171181     
   17500.9990000000       ,    1.14110000000000       ,    1.14135240999829     
   17514.9990000000       ,    1.14060000000000       ,    1.14104602709209     
   17529.0160000000       ,    1.14010000000000       ,    1.14057111744408     
   17543.0320000000       ,    1.13970000000000       ,    1.13999201402807     
   17557.0620000000       ,    1.13930000000000       ,    1.13938999125451     
   17571.1100000000       ,    1.13890000000000       ,    1.13882153426320     
   17585.1550000000       ,    1.13860000000000       ,    1.13833651325639     
   17599.2340000000       ,    1.13830000000000       ,    1.13793561345980     
   17613.3120000000       ,    1.13800000000000       ,    1.13761575514346     
   17627.3900000000       ,    1.13770000000000       ,    1.13736789929935     
   17641.5000000000       ,    1.13740000000000       ,    1.13718288212174     
   17655.6240000000       ,    1.13720000000000       ,    1.13705440553211     
   17669.7500000000       ,    1.13700000000000       ,    1.13697800477245     
   17683.8740000000       ,    1.13690000000000       ,    1.13695090092245     
   17698.0150000000       ,    1.13680000000000       ,    1.13697174582656     
   17712.1870000000       ,    1.13670000000000       ,    1.13704040645755     
   17726.3600000000       ,    1.13660000000000       ,    1.13715722513406     
   17740.5320000000       ,    1.13660000000000       ,    1.13732301778371     
   17754.7190000000       ,    1.13670000000000       ,    1.13753924130358     
   17768.9230000000       ,    1.13680000000000       ,    1.13780756935825     
   17783.1400000000       ,    1.13690000000000       ,    1.13812976762924     
   17797.3750000000       ,    1.13710000000000       ,    1.13850795758518     
   17811.6090000000       ,    1.13730000000000       ,    1.13894370727454     
   17825.8590000000       ,    1.13750000000000       ,    1.13943971282644     
   17840.1240000000       ,    1.13790000000000       ,    1.13999829893094     
   17854.3910000000       ,    1.13820000000000       ,    1.14062136060827     
   17868.6870000000       ,    1.13870000000000       ,    1.14131263989569     
   17882.9840000000       ,    1.13920000000000       ,    1.14207345594895     
   17897.2820000000       ,    1.13970000000000       ,    1.14290634269350     
   17911.5940000000       ,    1.14040000000000       ,    1.14381479124546     
   17925.9220000000       ,    1.14110000000000       ,    1.14480186679176     
   17940.2660000000       ,    1.14180000000000       ,    1.14587061356275     
