Q (Ang^-1), RMC, Data
   2.37000000000000       ,  -0.167260170610854       ,  -9.487139999999999E-002
   2.39000000000000       ,  -0.155361398488365       ,  -0.140695000000000     
   2.41000000000000       ,  -0.164156398773732       ,  -0.184766000000000     
   2.43000000000000       ,  -0.188567419935925       ,  -0.219146000000000     
   2.45000000000000       ,  -0.217217293027377       ,  -0.236641000000000     
   2.47000000000000       ,  -0.235991925057279       ,  -0.232503000000000     
   2.49000000000000       ,  -0.232546997402895       ,  -0.205678000000000     
   2.51000000000000       ,  -0.200358855038217       ,  -0.159287000000000     
   2.53000000000000       ,  -0.141066377829453       ,  -0.100164000000000     
   2.55000000000000       ,  -6.438226658039681E-002  ,  -3.754980000000000E-002
   2.57000000000000       ,   1.440193438120364E-002  ,   1.877670000000000E-002
   2.59000000000000       ,   7.856578870800981E-002  ,   6.047450000000000E-002
   2.61000000000000       ,   0.114527652898911       ,   8.226980000000000E-002
   2.63000000000000       ,   0.115490639035432       ,   8.285490000000000E-002
   2.65000000000000       ,   8.313038933287983E-002  ,   6.487310000000000E-002
   2.67000000000000       ,   2.689339071050776E-002  ,   3.403810000000000E-002
   2.69000000000000       ,  -3.881019662039353E-002  ,  -2.353760000000000E-003
   2.71000000000000       ,  -9.862949757483912E-002  ,  -3.711530000000000E-002
   2.73000000000000       ,  -0.140304538624431       ,  -6.464150000000000E-002
   2.75000000000000       ,  -0.157554855251776       ,  -8.182310000000000E-002
   2.77000000000000       ,  -0.151069676688705       ,  -8.823620000000000E-002
   2.79000000000000       ,  -0.127446759930838       ,  -8.564360000000000E-002
   2.81000000000000       ,  -9.654393079967080E-002  ,  -7.702960000000000E-002
   2.83000000000000       ,  -6.815113925681988E-002  ,  -6.549210000000000E-002
   2.85000000000000       ,  -4.903511553567835E-002  ,  -5.332500000000000E-002
   2.87000000000000       ,  -4.122494948038827E-002  ,  -4.153460000000000E-002
   2.89000000000000       ,  -4.196863166929770E-002  ,  -2.988090000000000E-002
   2.91000000000000       ,  -4.524604103338230E-002  ,  -1.737220000000000E-002
   2.93000000000000       ,  -4.424666964746604E-002  ,  -3.002540000000000E-003
   2.95000000000000       ,  -3.395453225422684E-002  ,   1.353410000000000E-002
   2.97000000000000       ,  -1.299928115048484E-002  ,   3.139880000000000E-002
   2.99000000000000       ,   1.578887138841141E-002  ,   4.857810000000000E-002
   3.01000000000000       ,   4.624321851126047E-002  ,   6.228020000000000E-002
   3.03000000000000       ,   7.081176458132232E-002  ,   6.963680000000000E-002
   3.05000000000000       ,   8.293704150292971E-002  ,   6.849870000000000E-002
   3.07000000000000       ,   7.910261422205601E-002  ,   5.809050000000000E-002
   3.09000000000000       ,   5.992443915053028E-002  ,   3.934100000000000E-002
   3.11000000000000       ,   2.999144248842583E-002  ,   1.479930000000000E-002
   3.13000000000000       ,  -3.440667699086490E-003  ,  -1.183220000000000E-002
   3.15000000000000       ,  -3.245463667401287E-002  ,  -3.641710000000000E-002
   3.17000000000000       ,  -5.054466176479475E-002  ,  -5.517130000000000E-002
   3.19000000000000       ,  -5.414979270770270E-002  ,  -6.533040000000000E-002
   3.21000000000000       ,  -4.325045572897832E-002  ,  -6.556240000000001E-002
   3.23000000000000       ,  -2.094789762742813E-002  ,  -5.607290000000000E-002
   3.25000000000000       ,   7.737775174035767E-003  ,  -3.842910000000000E-002
   3.27000000000000       ,   3.740118188549748E-002  ,  -1.519070000000000E-002
   3.29000000000000       ,   6.361559406889172E-002  ,   1.054110000000000E-002
   3.31000000000000       ,   8.374068725666743E-002  ,   3.555950000000000E-002
   3.33000000000000       ,   9.701739622461723E-002  ,   5.691430000000000E-002
   3.35000000000000       ,   0.104052064496778       ,   7.218470000000000E-002
   3.37000000000000       ,   0.105990179154035       ,   7.968010000000000E-002
   3.39000000000000       ,   0.103753759417731       ,   7.859170000000000E-002
   3.41000000000000       ,   9.764890603375692E-002  ,   6.910350000000000E-002
   3.43000000000000       ,   8.747405987852377E-002  ,   5.244590000000000E-002
   3.45000000000000       ,   7.304442972587903E-002  ,   3.084620000000000E-002
   3.47000000000000       ,   5.487396376370964E-002  ,   7.333690000000000E-003
   3.49000000000000       ,   3.468591670493426E-002  ,  -1.462490000000000E-002
   3.51000000000000       ,   1.548055123575841E-002  ,  -3.163680000000000E-002
   3.53000000000000       ,   1.051751587945925E-003  ,  -4.096550000000000E-002
   3.55000000000000       ,  -4.946163598601165E-003  ,  -4.106220000000000E-002
   3.57000000000000       ,  -9.988749794084362E-005  ,  -3.191600000000000E-002
   3.59000000000000       ,   1.586063571034261E-002  ,  -1.511610000000000E-002
   3.61000000000000       ,   4.068607895238109E-002  ,   6.418310000000000E-003
   3.63000000000000       ,   6.992916401869961E-002  ,   2.899990000000000E-002
   3.65000000000000       ,   9.791593548079379E-002  ,   4.890730000000000E-002
   3.67000000000000       ,   0.119109265519882       ,   6.312300000000000E-002
   3.69000000000000       ,   0.129476399691844       ,   6.989790000000000E-002
   3.71000000000000       ,   0.127464533282096       ,   6.901440000000000E-002
   3.73000000000000       ,   0.114305880940300       ,   6.169400000000000E-002
   3.75000000000000       ,   9.357768610779084E-002  ,   5.019560000000000E-002
   3.77000000000000       ,   7.016645630464617E-002  ,   3.722460000000000E-002
   3.79000000000000       ,   4.895743012788489E-002  ,   2.531830000000000E-002
   3.81000000000000       ,   3.363651460420308E-002  ,   1.636200000000000E-002
   3.83000000000000       ,   2.593516259812942E-002  ,   1.133850000000000E-002
   3.85000000000000       ,   2.549211792506531E-002  ,   1.033310000000000E-002
   3.87000000000000       ,   3.030474776162529E-002  ,   1.274530000000000E-002
   3.89000000000000       ,   3.756444154495196E-002  ,   1.759450000000000E-002
   3.91000000000000       ,   4.457236396911310E-002  ,   2.381020000000000E-002
   3.93000000000000       ,   4.944133521805996E-002  ,   3.041870000000000E-002
   3.95000000000000       ,   5.139657736319623E-002  ,   3.660130000000000E-002
   3.97000000000000       ,   5.064929832510663E-002  ,   4.166100000000000E-002
   3.99000000000000       ,   4.797244062286438E-002  ,   4.497280000000000E-002
   4.01000000000000       ,   4.420193982293559E-002  ,   4.599770000000000E-002
   4.03000000000000       ,   3.988828075625401E-002  ,   4.440280000000000E-002
   4.05000000000000       ,   3.523566723046925E-002  ,   4.026930000000000E-002
   4.07000000000000       ,   3.032641208305096E-002  ,   3.430350000000000E-002
   4.09000000000000       ,   2.549220503626206E-002  ,   2.793680000000000E-002
   4.11000000000000       ,   2.161636672141542E-002  ,   2.320710000000000E-002
   4.13000000000000       ,   2.016501174756671E-002  ,   2.237890000000000E-002
   4.15000000000000       ,   2.284878494531583E-002  ,   2.734590000000000E-002
   4.17000000000000       ,   3.097419986491859E-002  ,   3.896410000000000E-002
   4.19000000000000       ,   4.469563388337013E-002  ,   5.652010000000000E-002
   4.21000000000000       ,   6.246494233561069E-002  ,   7.754140000000000E-002
   4.23000000000000       ,   8.095518422886533E-002  ,   9.808690000000000E-002
   4.25000000000000       ,   9.560431487359858E-002  ,   0.113524000000000     
   4.27000000000000       ,   0.101720290191726       ,   0.119643000000000     
   4.29000000000000       ,   9.587709249379843E-002  ,   0.113842000000000     
   4.31000000000000       ,   7.718645748903978E-002  ,   9.603860000000000E-002
   4.33000000000000       ,   4.801024624593929E-002  ,   6.901480000000000E-002
   4.35000000000000       ,   1.380301731725768E-002  ,   3.802090000000000E-002
   4.37000000000000       ,  -1.798444784648152E-002  ,   9.683779999999999E-003
   4.39000000000000       ,  -3.972118625396694E-002  ,  -9.569869999999999E-003
   4.41000000000000       ,  -4.566584178365474E-002  ,  -1.516550000000000E-002
   4.43000000000000       ,  -3.370288069453958E-002  ,  -5.667980000000000E-003
   4.45000000000000       ,  -6.208941553341603E-003  ,   1.667330000000000E-002
   4.47000000000000       ,   3.026778591565671E-002  ,   4.631540000000000E-002
   4.49000000000000       ,   6.650259265750931E-002  ,   7.569220000000000E-002
   4.51000000000000       ,   9.290620136256780E-002  ,   9.706490000000000E-002
   4.53000000000000       ,   0.102040346009172       ,   0.104474000000000     
   4.55000000000000       ,   9.063832667436995E-002  ,   9.527650000000000E-002
   4.57000000000000       ,   6.054910405461218E-002  ,   7.084790000000001E-002
   4.59000000000000       ,   1.831481372376740E-002  ,   3.624140000000000E-002
   4.61000000000000       ,  -2.652500947747248E-002  ,  -1.107800000000000E-003
   4.63000000000000       ,  -6.394537809037058E-002  ,  -3.329250000000000E-002
   4.65000000000000       ,  -8.607048718257923E-002  ,  -5.395490000000000E-002
   4.67000000000000       ,  -8.919990582218358E-002  ,  -5.985990000000000E-002
   4.69000000000000       ,  -7.466884448725529E-002  ,  -5.161780000000000E-002
   4.71000000000000       ,  -4.831959747732070E-002  ,  -3.336970000000000E-002
   4.73000000000000       ,  -1.875832298357783E-002  ,  -1.154840000000000E-002
   4.75000000000000       ,   5.086048150493467E-003  ,   6.924330000000000E-003
   4.77000000000000       ,   1.639594677785899E-002  ,   1.649250000000000E-002
   4.79000000000000       ,   1.220739192298875E-002  ,   1.436210000000000E-002
   4.81000000000000       ,  -6.006053375161589E-003  ,   1.073050000000000E-003
   4.83000000000000       ,  -3.302496994043958E-002  ,  -1.987610000000000E-002
   4.85000000000000       ,  -6.159546150797243E-002  ,  -4.319800000000000E-002
   4.87000000000000       ,  -8.461785846765014E-002  ,  -6.341230000000000E-002
   4.89000000000000       ,  -9.715361783066143E-002  ,  -7.638840000000000E-002
   4.91000000000000       ,  -9.767395064393017E-002  ,  -8.039770000000000E-002
   4.93000000000000       ,  -8.822471904961238E-002  ,  -7.639730000000000E-002
   4.95000000000000       ,  -7.352046113288625E-002  ,  -6.750810000000000E-002
   4.97000000000000       ,  -5.930091925690185E-002  ,  -5.789030000000000E-002
   4.99000000000000       ,  -5.048970843002777E-002  ,  -5.138640000000000E-002
   5.01000000000000       ,  -4.972821789203538E-002  ,  -5.035640000000000E-002
   5.03000000000000       ,  -5.671472730899376E-002  ,  -5.504810000000000E-002
   5.05000000000000       ,  -6.850960654909474E-002  ,  -6.366830000000000E-002
   5.07000000000000       ,  -8.066003432795046E-002  ,  -7.309670000000000E-002
   5.09000000000000       ,  -8.874847256574443E-002  ,  -7.998520000000001E-002
   5.11000000000000       ,  -8.985340651718841E-002  ,  -8.187970000000000E-002
   5.13000000000000       ,  -8.345980920672971E-002  ,  -7.800430000000000E-002
   5.15000000000000       ,  -7.154923510275522E-002  ,  -6.946940000000000E-002
   5.17000000000000       ,  -5.787006931809800E-002  ,  -5.885140000000000E-002
   5.19000000000000       ,  -4.664957726798458E-002  ,  -4.929640000000000E-002
   5.21000000000000       ,  -4.117913334574554E-002  ,  -4.344820000000000E-002
   5.23000000000000       ,  -4.273177578256494E-002  ,  -4.254560000000000E-002
   5.25000000000000       ,  -5.015269264831109E-002  ,  -4.598360000000000E-002
   5.27000000000000       ,  -6.024024345057883E-002  ,  -5.147350000000000E-002
   5.29000000000000       ,  -6.878114721171907E-002  ,  -5.575270000000000E-002
   5.31000000000000       ,  -7.189954721605504E-002  ,  -5.561890000000000E-002
   5.33000000000000       ,  -6.728861096217804E-002  ,  -4.896720000000000E-002
   5.35000000000000       ,  -5.494050753092126E-002  ,  -3.550600000000000E-002
   5.37000000000000       ,  -3.715709061093547E-002  ,  -1.693590000000000E-002
   5.39000000000000       ,  -1.785350674303018E-002  ,   3.464820000000000E-003
   5.41000000000000       ,  -1.386158647437544E-003  ,   2.172370000000000E-002
   5.43000000000000       ,   8.723363079418213E-003  ,   3.424820000000000E-002
   5.45000000000000       ,   1.077686046523703E-002  ,   3.879150000000000E-002
   5.47000000000000       ,   5.311525818602650E-003  ,   3.501970000000000E-002
   5.49000000000000       ,  -5.165437987606548E-003  ,   2.453340000000000E-002
   5.51000000000000       ,  -1.700830769041505E-002  ,   1.036060000000000E-002
   5.53000000000000       ,  -2.655059909627366E-002  ,  -3.913460000000000E-003
   5.55000000000000       ,  -3.115511552264481E-002  ,  -1.510950000000000E-002
   5.57000000000000       ,  -2.988175326329916E-002  ,  -2.123130000000000E-002
   5.59000000000000       ,  -2.359409170999783E-002  ,  -2.184770000000000E-002
   5.61000000000000       ,  -1.451035571536885E-002  ,  -1.800070000000000E-002
   5.63000000000000       ,  -5.377319976409325E-003  ,  -1.170480000000000E-002
   5.65000000000000       ,   1.447072280524389E-003  ,  -5.224800000000000E-003
   5.67000000000000       ,   4.705973120257323E-003  ,  -3.656900000000000E-004
   5.69000000000000       ,   4.538829744024839E-003  ,   2.011140000000000E-003
   5.71000000000000       ,   2.295206266853664E-003  ,   2.117880000000000E-003
   5.73000000000000       ,  -3.705028529790515E-005  ,   1.013440000000000E-003
   5.75000000000000       ,  -5.735737482425857E-004  ,   1.272470000000000E-004
   5.77000000000000       ,   1.813476153412746E-003  ,   7.126490000000000E-004
   5.79000000000000       ,   7.145308002898958E-003  ,   3.417550000000000E-003
   5.81000000000000       ,   1.439052215419530E-002  ,   8.105510000000000E-003
   5.83000000000000       ,   2.188327628656269E-002  ,   1.396770000000000E-002
   5.85000000000000       ,   2.794431420644573E-002  ,   1.986380000000000E-002
   5.87000000000000       ,   3.148169081346865E-002  ,   2.475830000000000E-002
   5.89000000000000       ,   3.236383205977864E-002  ,   2.809070000000000E-002
   5.91000000000000       ,   3.144285548783399E-002  ,   2.995180000000000E-002
   5.93000000000000       ,   3.022977413642168E-002  ,   3.101340000000000E-002
   5.95000000000000       ,   3.034246724390227E-002  ,   3.224440000000000E-002
   5.97000000000000       ,   3.292212605128246E-002  ,   3.452220000000000E-002
   5.99000000000000       ,   3.822034957732481E-002  ,   3.828400000000000E-002
   6.01000000000000       ,   4.549682705091776E-002  ,   4.334220000000000E-002
   6.03000000000000       ,   5.325928259304726E-002  ,   4.893010000000000E-002
   6.05000000000000       ,   5.976059541198740E-002  ,   5.396130000000000E-002
   6.07000000000000       ,   6.358220019927568E-002  ,   5.741310000000000E-002
   6.09000000000000       ,   6.410618819471879E-002  ,   5.869580000000000E-002
   6.11000000000000       ,   6.171872284445805E-002  ,   5.788240000000000E-002
   6.13000000000000       ,   5.767967476104072E-002  ,   5.571420000000000E-002
   6.15000000000000       ,   5.370588869552055E-002  ,   5.337910000000000E-002
   6.17000000000000       ,   5.141024204949728E-002  ,   5.213540000000000E-002
   6.19000000000000       ,   5.178434967814905E-002  ,   5.290400000000000E-002
   6.21000000000000       ,   5.489509401843611E-002  ,   5.597050000000000E-002
   6.23000000000000       ,   5.989118352744930E-002  ,   6.089000000000000E-002
   6.25000000000000       ,   6.531134021077516E-002  ,   6.663310000000000E-002
   6.27000000000000       ,   6.958585346501282E-002  ,   7.191820000000000E-002
   6.29000000000000       ,   7.156121687744825E-002  ,   7.562210000000000E-002
   6.31000000000000       ,   7.087327284725689E-002  ,   7.713480000000000E-002
   6.33000000000000       ,   6.804804711971205E-002  ,   7.653580000000000E-002
   6.35000000000000       ,   6.430229343636797E-002  ,   7.454400000000000E-002
   6.37000000000000       ,   6.111610754095468E-002  ,   7.225350000000000E-002
   6.39000000000000       ,   5.972434995937736E-002  ,   7.074900000000001E-002
   6.41000000000000       ,   6.069784405003954E-002  ,   7.073280000000000E-002
   6.43000000000000       ,   6.375231286405521E-002  ,   7.228329999999999E-002
   6.45000000000000       ,   6.784484275996044E-002  ,   7.483040000000001E-002
   6.47000000000000       ,   7.152113191479620E-002  ,   7.735110000000001E-002
   6.49000000000000       ,   7.339428917136095E-002  ,   7.872210000000000E-002
   6.51000000000000       ,   7.259459677269033E-002  ,   7.810730000000000E-002
   6.53000000000000       ,   6.904235974706828E-002  ,   7.525410000000000E-002
   6.55000000000000       ,   6.345745601371910E-002  ,   7.059470000000000E-002
   6.57000000000000       ,   5.710810058234943E-002  ,   6.512229999999999E-002
   6.59000000000000       ,   5.138758466794292E-002  ,   6.007700000000000E-002
   6.61000000000000       ,   4.736275411448881E-002  ,   5.654900000000000E-002
   6.63000000000000       ,   4.544410064371010E-002  ,   5.512540000000000E-002
   6.65000000000000       ,   4.528350393887912E-002  ,   5.569780000000000E-002
   6.67000000000000       ,   4.592746726866163E-002  ,   5.749180000000000E-002
   6.69000000000000       ,   4.616785650837803E-002  ,   5.931070000000000E-002
   6.71000000000000       ,   4.496744077893934E-002  ,   5.991070000000000E-002
   6.73000000000000       ,   4.181512513282992E-002  ,   5.838910000000000E-002
   6.75000000000000       ,   3.689235044451036E-002  ,   5.445970000000000E-002
   6.77000000000000       ,   3.099793812846812E-002  ,   4.852870000000000E-002
   6.79000000000000       ,   2.526098654957009E-002  ,   4.155060000000000E-002
   6.81000000000000       ,   2.074246250230926E-002  ,   3.471380000000000E-002
   6.83000000000000       ,   1.806228988273287E-002  ,   2.906110000000000E-002
   6.85000000000000       ,   1.717846281236632E-002  ,   2.516780000000000E-002
   6.87000000000000       ,   1.739213299229746E-002  ,   2.297970000000000E-002
   6.89000000000000       ,   1.757593021516764E-002  ,   2.185960000000000E-002
   6.91000000000000       ,   1.654793240919442E-002  ,   2.082150000000000E-002
   6.93000000000000       ,   1.346566689325931E-002  ,   1.887200000000000E-002
   6.95000000000000       ,   8.108953384688167E-003  ,   1.534310000000000E-002
   6.97000000000000       ,   9.585707931048665E-004  ,   1.010940000000000E-002
   6.99000000000000       ,  -6.953660042936224E-003  ,   3.619830000000000E-003
   7.01000000000000       ,  -1.437197227603173E-002  ,  -3.261320000000000E-003
   7.03000000000000       ,  -2.021178825222406E-002  ,  -9.547210000000000E-003
   7.05000000000000       ,  -2.389298660725980E-002  ,  -1.445510000000000E-002
   7.07000000000000       ,  -2.550390087161936E-002  ,  -1.765830000000000E-002
   7.09000000000000       ,  -2.574626320340466E-002  ,  -1.938020000000000E-002
   7.11000000000000       ,  -2.568433061980347E-002  ,  -2.030400000000000E-002
   7.13000000000000       ,  -2.638537571609859E-002  ,  -2.133010000000000E-002
   7.15000000000000       ,  -2.857253370800695E-002  ,  -2.326640000000000E-002
   7.17000000000000       ,  -3.240400065626815E-002  ,  -2.655430000000000E-002
   7.19000000000000       ,  -3.744786679253409E-002  ,  -3.112360000000000E-002
   7.21000000000000       ,  -4.285504367014507E-002  ,  -3.642000000000000E-002
   7.23000000000000       ,  -4.766650501842065E-002  ,  -4.159470000000000E-002
   7.25000000000000       ,  -5.114752234894213E-002  ,  -4.579200000000000E-002
   7.27000000000000       ,  -5.303489267906317E-002  ,  -4.843380000000000E-002
   7.29000000000000       ,  -5.361492213058629E-002  ,  -4.940920000000000E-002
   7.31000000000000       ,  -5.360884225554289E-002  ,  -4.910620000000000E-002
   7.33000000000000       ,  -5.390816938440397E-002  ,  -4.827760000000000E-002
   7.35000000000000       ,  -5.525302088915401E-002  ,  -4.778780000000000E-002
   7.37000000000000       ,  -5.796477973286503E-002  ,  -4.832790000000000E-002
   7.39000000000000       ,  -6.182495885884819E-002  ,  -5.019500000000000E-002
   7.41000000000000       ,  -6.614167066566504E-002  ,  -5.320580000000000E-002
   7.43000000000000       ,  -6.998105946476856E-002  ,  -5.677640000000000E-002
   7.45000000000000       ,  -7.248508859572980E-002  ,  -6.013510000000000E-002
   7.46999000000000       ,  -7.316806683835624E-002  ,  -6.259350000000000E-002
   7.49000000000000       ,  -7.209055063283874E-002  ,  -6.378780000000001E-002
   7.50999000000000       ,  -6.985507268200036E-002  ,  -6.380160000000000E-002
   7.53000000000000       ,  -6.741168093514667E-002  ,  -6.313470000000000E-002
   7.55000000000000       ,  -6.576547821539294E-002  ,  -6.252430000000000E-002
   7.56999000000000       ,  -6.563983013635766E-002  ,  -6.268180000000000E-002
   7.59000000000000       ,  -6.724923044622808E-002  ,  -6.403440000000001E-002
   7.60999000000000       ,  -7.022259427955883E-002  ,  -6.655940000000000E-002
   7.63000000000000       ,  -7.373310438847661E-002  ,  -6.976880000000001E-002
   7.64999000000000       ,  -7.674372442905032E-002  ,  -7.285250000000000E-002
   7.67000000000000       ,  -7.835701276573047E-002  ,  -7.493300000000000E-002
   7.68999000000000       ,  -7.807575762421522E-002  ,  -7.534950000000000E-002
   7.71000000000000       ,  -7.595887797739816E-002  ,  -7.387710000000000E-002
   7.72999000000000       ,  -7.258866496125278E-002  ,  -7.080980000000001E-002
   7.75000000000000       ,  -6.885665247769347E-002  ,  -6.687790000000000E-002
   7.76999000000000       ,  -6.569032523605742E-002  ,  -6.302439999999999E-002
   7.79000000000000       ,  -6.373299412802953E-002  ,  -6.011520000000000E-002
   7.80999000000000       ,  -6.316951206774579E-002  ,  -5.867250000000000E-002
   7.83000000000000       ,  -6.367375584743214E-002  ,  -5.872000000000000E-002
   7.84999000000000       ,  -6.454369423572875E-002  ,  -5.978580000000000E-002
   7.87000000000000       ,  -6.495098201504271E-002  ,  -6.106180000000000E-002
   7.88999000000000       ,  -6.422026254331671E-002  ,  -6.166850000000000E-002
   7.91000000000000       ,  -6.205140995482163E-002  ,  -6.093560000000000E-002
   7.92999000000000       ,  -5.861592909891347E-002  ,  -5.861110000000000E-002
   7.95000000000000       ,  -5.447068401986861E-002  ,  -5.493240000000000E-002
   7.96999000000000       ,  -5.038187192311405E-002  ,  -5.053870000000000E-002
   7.99000000000000       ,  -4.703356813403020E-002  ,  -4.625610000000000E-002
   8.00999000000000       ,  -4.482465141277042E-002  ,  -4.282800000000000E-002
   8.02999000000000       ,  -4.371811621308558E-002  ,  -4.067710000000000E-002
   8.04999000000000       ,  -4.327833171619251E-002  ,  -3.977710000000000E-002
   8.07000000000000       ,  -4.282186021509247E-002  ,  -3.967220000000000E-002
   8.09000000000000       ,  -4.165902639710405E-002  ,  -3.963530000000000E-002
   8.11000000000000       ,  -3.933097756066429E-002  ,  -3.891090000000000E-002
   8.13000000000000       ,  -3.576587468254032E-002  ,  -3.696220000000000E-002
   8.15000000000000       ,  -3.130068269700810E-002  ,  -3.364120000000000E-002
   8.17000000000000       ,  -2.656365560960382E-002  ,  -2.923010000000000E-002
   8.19000000000000       ,  -2.225887811133745E-002  ,  -2.434250000000000E-002
   8.21000000000000       ,  -1.892697554854274E-002  ,  -1.971890000000000E-002
   8.23000000000000       ,  -1.676328379857934E-002  ,  -1.598640000000000E-002
   8.25000000000000       ,  -1.555446311552224E-002  ,  -1.346100000000000E-002
   8.27000000000000       ,  -1.475393137727208E-002  ,  -1.205450000000000E-002
   8.29000000000000       ,  -1.366949576855601E-002  ,  -1.131420000000000E-002
   8.31000000000000       ,  -1.169905771186723E-002  ,  -1.057850000000000E-002
   8.33000000000000       ,  -8.534742905149167E-003  ,  -9.193900000000000E-003
   8.35000000000000       ,  -4.267215732986582E-003  ,  -6.723350000000000E-003
   8.37000000000000       ,   6.438806024018574E-004  ,  -3.076430000000000E-003
   8.39000000000000       ,   5.522209388724793E-003  ,   1.476020000000000E-003
   8.41000000000000       ,   9.697671499740063E-003  ,   6.403960000000000E-003
   8.43000000000000       ,   1.272492148600401E-002  ,   1.109890000000000E-002
   8.45001000000000       ,   1.452548055075979E-002  ,   1.507060000000000E-002
   8.47001000000000       ,   1.540343207698226E-002  ,   1.809520000000000E-002
   8.49001000000000       ,   1.594192220752818E-002  ,   2.026730000000000E-002
   8.51001000000000       ,   1.680150995597076E-002  ,   2.194310000000000E-002
   8.53001000000000       ,   1.850234535604939E-002  ,   2.359770000000000E-002
   8.55001000000000       ,   2.125691730707981E-002  ,   2.565100000000000E-002
   8.57001000000000       ,   2.490915346503504E-002  ,   2.831780000000000E-002
   8.59001000000000       ,   2.899772501436809E-002  ,   3.153740000000000E-002
   8.61001000000000       ,   3.291929584103334E-002  ,   3.500070000000000E-002
   8.63001000000000       ,   3.613425197832360E-002  ,   3.826390000000000E-002
   8.65001000000000       ,   3.834424411499204E-002  ,   4.090710000000000E-002
   8.67001000000000       ,   3.958185716448869E-002  ,   4.268130000000000E-002
   8.69001000000000       ,   4.018382761676258E-002  ,   4.359310000000000E-002
   8.71001000000000       ,   4.065962444939001E-002  ,   4.389990000000000E-002
   8.73001000000000       ,   4.150301911661396E-002  ,   4.401830000000000E-002
   8.75001000000000       ,   4.301331902367608E-002  ,   4.437850000000000E-002
   8.77001000000000       ,   4.518886781705619E-002  ,   4.527850000000000E-002
   8.79001000000000       ,   4.772979668546964E-002  ,   4.678590000000000E-002
   8.81001000000000       ,   5.014875739769795E-002  ,   4.872370000000000E-002
   8.83001000000000       ,   5.195066068586436E-002  ,   5.074210000000000E-002
   8.85001000000000       ,   5.281822603830208E-002  ,   5.245110000000000E-002
   8.87001000000000       ,   5.273772498864875E-002  ,   5.356630000000000E-002
   8.89002000000000       ,   5.201908982080464E-002  ,   5.401720000000000E-002
   8.91001000000000       ,   5.120403258159618E-002  ,   5.397860000000000E-002
   8.93002000000000       ,   5.088323672641781E-002  ,   5.381490000000000E-002
   8.95002000000000       ,   5.149775492498790E-002  ,   5.395420000000000E-002
   8.97002000000000       ,   5.317663696578508E-002  ,   5.473920000000000E-002
   8.99002000000000       ,   5.567939973075135E-002  ,   5.630120000000000E-002
   9.01002000000000       ,   5.845852510491770E-002  ,   5.850650000000000E-002
   9.03002000000000       ,   6.082590040738538E-002  ,   6.099040000000000E-002
   9.05002000000000       ,   6.216947734444885E-002  ,   6.326990000000000E-002
   9.07002000000000       ,   6.214931053086757E-002  ,   6.489700000000000E-002
   9.09002000000000       ,   6.080819063320139E-002  ,   6.560009999999999E-002
   9.11002000000000       ,   5.855974432269952E-002  ,   6.536680000000000E-002
   9.13002000000000       ,   5.605701769757019E-002  ,   6.443870000000000E-002
   9.15002000000000       ,   5.398389408319432E-002  ,   6.322179999999999E-002
   9.17002000000000       ,   5.283717332697602E-002  ,   6.214230000000000E-002
   9.19002000000000       ,   5.277030279309534E-002  ,   6.149690000000000E-002
   9.21002000000000       ,   5.354954449927068E-002  ,   6.135050000000000E-002
   9.23002000000000       ,   5.463647153856567E-002  ,   6.151610000000000E-002
   9.25002000000000       ,   5.536930011478120E-002  ,   6.162330000000000E-002
   9.27002000000000       ,   5.518332501155777E-002  ,   6.125370000000000E-002
   9.29002000000000       ,   5.379821395972160E-002  ,   6.009520000000000E-002
   9.31002000000000       ,   5.131115767397136E-002  ,   5.806270000000000E-002
   9.33002000000000       ,   4.816604596281365E-002  ,   5.534340000000000E-002
   9.35003000000000       ,   4.500811321531599E-002  ,   5.234640000000000E-002
   9.37003000000000       ,   4.248108521729689E-002  ,   4.957560000000000E-002
   9.39003000000000       ,   4.101138838208980E-002  ,   4.746480000000000E-002
   9.41003000000000       ,   4.067945348608822E-002  ,   4.623250000000000E-002
   9.43003000000000       ,   4.119628906881934E-002  ,   4.580500000000000E-002
   9.45003000000000       ,   4.200099935086841E-002  ,   4.583470000000000E-002
   9.47003000000000       ,   4.244433848824409E-002  ,   4.581270000000000E-002
   9.49003000000000       ,   4.199743301749658E-002  ,   4.523560000000000E-002
   9.51003000000000       ,   4.041751194647759E-002  ,   4.377510000000000E-002
   9.53003000000000       ,   3.781761935204693E-002  ,   4.139250000000000E-002
   9.55003000000000       ,   3.461956544081102E-002  ,   3.835770000000000E-002
   9.57003000000000       ,   3.140793984832322E-002  ,   3.516580000000000E-002
   9.59003000000000       ,   2.873508356197895E-002  ,   3.237610000000000E-002
   9.61003000000000       ,   2.694203336737007E-002  ,   3.042380000000000E-002
   9.63003000000000       ,   2.605390137796387E-002  ,   2.946800000000000E-002
   9.65003000000000       ,   2.578244365204775E-002  ,   2.932460000000000E-002
   9.67003000000000       ,   2.563251159634377E-002  ,   2.951000000000000E-002
   9.69003000000000       ,   2.507476364856117E-002  ,   2.938250000000000E-002
   9.71003000000000       ,   2.372577563187555E-002  ,   2.834000000000000E-002
   9.73003000000000       ,   2.147535127596313E-002  ,   2.601080000000000E-002
   9.75003000000000       ,   1.851951862110917E-002  ,   2.237860000000000E-002
   9.77004000000000       ,   1.528827807667104E-002  ,   1.780120000000000E-002
   9.79003000000000       ,   1.230469150574032E-002  ,   1.291580000000000E-002
   9.81004000000000       ,   9.992000028079160E-003  ,   8.460580000000001E-003
   9.83004000000000       ,   8.550141346282668E-003  ,   5.065310000000000E-003
   9.85004000000000       ,   7.877115622385947E-003  ,   3.076580000000000E-003
   9.87004000000000       ,   7.612599956139126E-003  ,   2.467940000000000E-003
   9.89004000000000       ,   7.260287322263488E-003  ,   2.861150000000000E-003
   9.91004000000000       ,   6.356034728469492E-003  ,   3.648390000000000E-003
   9.93004000000000       ,   4.623789343609162E-003  ,   4.175530000000000E-003
   9.95004000000000       ,   2.067415765294164E-003  ,   3.928560000000000E-003
   9.97004000000000       ,  -1.031418103250773E-003  ,   2.666930000000000E-003
   9.99004000000000       ,  -4.207463622191578E-003  ,   4.660740000000000E-004
   10.0100000000000       ,  -6.960949086221785E-003  ,  -2.338250000000000E-003
   10.0300000000000       ,  -8.940359840602019E-003  ,  -5.280520000000000E-003
   10.0500000000000       ,  -1.002405249961968E-002  ,  -7.925379999999999E-003
   10.0700000000000       ,  -1.037696797221215E-002  ,  -1.000240000000000E-002
   10.0900000000000       ,  -1.038460478501224E-002  ,  -1.147640000000000E-002
   10.1100000000000       ,  -1.052204471685921E-002  ,  -1.253280000000000E-002
   10.1300000000000       ,  -1.119677568098161E-002  ,  -1.348870000000000E-002
   10.1500000000000       ,  -1.261799844783380E-002  ,  -1.466530000000000E-002
   10.1700000000000       ,  -1.473522697407137E-002  ,  -1.626530000000000E-002
   10.1900000000000       ,  -1.726498501803059E-002  ,  -1.830000000000000E-002
   10.2100000000000       ,  -1.979454190533651E-002  ,  -2.058740000000000E-002
   10.2301000000000       ,  -2.193517988988049E-002  ,  -2.282180000000000E-002
   10.2500000000000       ,  -2.341145005932065E-002  ,  -2.468310000000000E-002
   10.2700000000000       ,  -2.423317984640381E-002  ,  -2.596180000000000E-002
   10.2901000000000       ,  -2.460508389206946E-002  ,  -2.663320000000000E-002
   10.3101000000000       ,  -2.488872132345206E-002  ,  -2.687620000000000E-002
   10.3300000000000       ,  -2.546717723573204E-002  ,  -2.701780000000000E-002
   10.3500000000000       ,  -2.661546966752798E-002  ,  -2.742780000000000E-002
   10.3701000000000       ,  -2.840408599444582E-002  ,  -2.839880000000000E-002
   10.3901000000000       ,  -3.064537960248395E-002  ,  -3.004890000000000E-002
   10.4101000000000       ,  -3.300372197332534E-002  ,  -3.228310000000000E-002
   10.4300000000000       ,  -3.506951959629033E-002  ,  -3.482280000000000E-002
   10.4500000000000       ,  -3.654043283531144E-002  ,  -3.729260000000000E-002
   10.4701000000000       ,  -3.726446003407673E-002  ,  -3.933580000000000E-002
   10.4901000000000       ,  -3.731836719798810E-002  ,  -4.071900000000000E-002
   10.5100000000000       ,  -3.698478525877605E-002  ,  -4.139240000000000E-002
   10.5300000000000       ,  -3.662585102321405E-002  ,  -4.148810000000000E-002
   10.5501000000000       ,  -3.657445230269583E-002  ,  -4.125930000000000E-002
   10.5701000000000       ,  -3.701301966127887E-002  ,  -4.098360000000000E-002
   10.5900000000000       ,  -3.790684713070037E-002  ,  -4.086590000000000E-002
   10.6100000000000       ,  -3.904448315734972E-002  ,  -4.097310000000000E-002
   10.6301000000000       ,  -4.009554533486581E-002  ,  -4.122380000000000E-002
   10.6501000000000       ,  -4.072919298079815E-002  ,  -4.143330000000000E-002
   10.6701000000000       ,  -4.076337462507514E-002  ,  -4.139790000000000E-002
   10.6901000000000       ,  -4.021387694506905E-002  ,  -4.098540000000000E-002
   10.7101000000000       ,  -3.930059053723535E-002  ,  -4.020010000000000E-002
   10.7301000000000       ,  -3.837485361475457E-002  ,  -3.919720000000000E-002
   10.7501000000000       ,  -3.779779510910719E-002  ,  -3.824000000000000E-002
   10.7701000000000       ,  -3.781112884839125E-002  ,  -3.761540000000000E-002
   10.7901000000000       ,  -3.844508912064687E-002  ,  -3.753400000000000E-002
   10.8101000000000       ,  -3.949620104684783E-002  ,  -3.805150000000000E-002
   10.8301000000000       ,  -4.058431943577911E-002  ,  -3.903770000000000E-002
   10.8501000000000       ,  -4.127164815035667E-002  ,  -4.020580000000000E-002
   10.8701000000000       ,  -4.120526927447889E-002  ,  -4.119310000000000E-002
   10.8901000000000       ,  -4.023623521314599E-002  ,  -4.166840000000000E-002
   10.9101000000000       ,  -3.847542686026430E-002  ,  -4.143020000000000E-002
   10.9301000000000       ,  -3.626684338525835E-002  ,  -4.046550000000000E-002
   10.9501000000000       ,  -3.408599040476244E-002  ,  -3.894870000000000E-002
   10.9701000000000       ,  -3.239560874875987E-002  ,  -3.718400000000000E-002
   10.9901000000000       ,  -3.150497978656686E-002  ,  -3.550780000000000E-002
   11.0101000000000       ,  -3.147783064630814E-002  ,  -3.418620000000000E-002
   11.0301000000000       ,  -3.211788422155349E-002  ,  -3.333820000000000E-002
   11.0501000000000       ,  -3.303569642227964E-002  ,  -3.291040000000000E-002
   11.0701000000000       ,  -3.377403911604300E-002  ,  -3.270830000000000E-002
   11.0901000000000       ,  -3.395043706174469E-002  ,  -3.247210000000000E-002
   11.1101000000000       ,  -3.337063556230471E-002  ,  -3.197020000000000E-002
   11.1301000000000       ,  -3.207720817877464E-002  ,  -3.107770000000000E-002
   11.1501000000000       ,  -3.031957093658548E-002  ,  -2.981370000000000E-002
   11.1701000000000       ,  -2.845788152474187E-002  ,  -2.832710000000000E-002
   11.1901000000000       ,  -2.683489612832832E-002  ,  -2.683560000000000E-002
   11.2101000000000       ,  -2.565969928782522E-002  ,  -2.554270000000000E-002
   11.2301000000000       ,  -2.494219040134088E-002  ,  -2.456020000000000E-002
   11.2501000000000       ,  -2.449919963315092E-002  ,  -2.386540000000000E-002
   11.2701000000000       ,  -2.402834735518321E-002  ,  -2.330670000000000E-002
   11.2901000000000       ,  -2.322268922017143E-002  ,  -2.265630000000000E-002
   11.3101000000000       ,  -2.188558467994808E-002  ,  -2.169080000000000E-002
   11.3301000000000       ,  -2.000560295049524E-002  ,  -2.027180000000000E-002
   11.3501000000000       ,  -1.776538531124174E-002  ,  -1.839800000000000E-002
   11.3701000000000       ,  -1.548131916114932E-002  ,  -1.621040000000000E-002
   11.3901000000000       ,  -1.349478972335676E-002  ,  -1.394880000000000E-002
   11.4101000000000       ,  -1.205251481193040E-002  ,  -1.187250000000000E-002
   11.4301000000000       ,  -1.121736066183832E-002  ,  -1.017520000000000E-002
   11.4501000000000       ,  -1.084078444317064E-002  ,  -8.919130000000001E-003
   11.4701000000000       ,  -1.060715388829704E-002  ,  -8.014690000000000E-003
   11.4901000000000       ,  -1.013575820285014E-002  ,  -7.249910000000000E-003
   11.5101000000000       ,  -9.106636430660739E-003  ,  -6.361760000000000E-003
   11.5301000000000       ,  -7.368081215466829E-003  ,  -5.123460000000000E-003
   11.5501000000000       ,  -4.989630032223970E-003  ,  -3.423150000000000E-003
   11.5701000000000       ,  -2.242526798963660E-003  ,  -1.298820000000000E-003
   11.5901000000000       ,   4.861039985247797E-004  ,   1.072120000000000E-003
   11.6101000000000       ,   2.816957008780101E-003  ,   3.430430000000000E-003
   11.6301000000000       ,   4.499084611915964E-003  ,   5.519830000000000E-003
   11.6501000000000       ,   5.487402371335568E-003  ,   7.167830000000000E-003
   11.6701000000000       ,   5.951819827261139E-003  ,   8.338870000000000E-003
   11.6901000000000       ,   6.215634887888675E-003  ,   9.139649999999999E-003
   11.7101000000000       ,   6.644504624307904E-003  ,   9.778149999999999E-003
   11.7301000000000       ,   7.523703054150438E-003  ,   1.048980000000000E-002
   11.7501000000000       ,   8.964996822204391E-003  ,   1.145690000000000E-002
   11.7701000000000       ,   1.087413372671414E-002  ,   1.274920000000000E-002
   11.7901000000000       ,   1.298918108586455E-002  ,   1.430550000000000E-002
   11.8101000000000       ,   1.497581962235539E-002  ,   1.596030000000000E-002
   11.8301000000000       ,   1.654637343952337E-002  ,   1.750850000000000E-002
   11.8501000000000       ,   1.756138435198279E-002  ,   1.878060000000000E-002
   11.8701000000000       ,   1.807862029692560E-002  ,   1.970660000000000E-002
   11.8901000000000       ,   1.833248285230494E-002  ,   2.034140000000000E-002
   11.9101000000000       ,   1.865071831028559E-002  ,   2.084760000000000E-002
   11.9301000000000       ,   1.933700678207409E-002  ,   2.143870000000000E-002
   11.9501000000000       ,   2.056001335762958E-002  ,   2.230350000000000E-002
   11.9701000000000       ,   2.228768803257301E-002  ,   2.354080000000000E-002
   11.9901000000000       ,   2.429051023688026E-002  ,   2.512090000000000E-002
   12.0101000000000       ,   2.621401088039434E-002  ,   2.689820000000000E-002
   12.0301000000000       ,   2.769712827725544E-002  ,   2.865900000000000E-002
   12.0501000000000       ,   2.849682532143534E-002  ,   3.019420000000000E-002
   12.0701000000000       ,   2.857646271715481E-002  ,   3.137100000000000E-002
   12.0901000000000       ,   2.812683851261477E-002  ,   3.217480000000000E-002
   12.1101000000000       ,   2.751090276044857E-002  ,   3.270970000000000E-002
   12.1301000000000       ,   2.714864954106827E-002  ,   3.315510000000000E-002
   12.1501000000000       ,   2.737907806858395E-002  ,   3.369390000000000E-002
   12.1701000000000       ,   2.834452243625993E-002  ,   3.443760000000000E-002
   12.1901000000000       ,   2.993612578349021E-002  ,   3.537660000000000E-002
   12.2101000000000       ,   3.181976783330154E-002  ,   3.637280000000000E-002
   12.2301000000000       ,   3.353564524863182E-002  ,   3.719980000000000E-002
   12.2501000000000       ,   3.464050261424225E-002  ,   3.761800000000000E-002
   12.2701000000000       ,   3.484720181920019E-002  ,   3.746010000000000E-002
   12.2901000000000       ,   3.411667582908111E-002  ,   3.669560000000000E-002
   12.3101000000000       ,   3.267231972374742E-002  ,   3.545280000000000E-002
   12.3301000000000       ,   3.093170122896326E-002  ,   3.398760000000000E-002
   12.3501000000000       ,   2.937706563279006E-002  ,   3.260730000000000E-002
   12.3701000000000       ,   2.840581347373990E-002  ,   3.157490000000000E-002
   12.3901000000000       ,   2.820853355140876E-002  ,   3.102270000000000E-002
   12.4101000000000       ,   2.871320868857683E-002  ,   3.090720000000000E-002
   12.4301000000000       ,   2.961281864460676E-002  ,   3.101930000000000E-002
   12.4501000000000       ,   3.046672315353336E-002  ,   3.104960000000000E-002
   12.4701000000000       ,   3.084264274128827E-002  ,   3.068840000000000E-002
   12.4901000000000       ,   3.045337970646423E-002  ,   2.972750000000000E-002
   12.5101000000000       ,   2.924466119258767E-002  ,   2.813200000000000E-002
   12.5301000000000       ,   2.740678558668314E-002  ,   2.605800000000000E-002
   12.5501000000000       ,   2.530769136664986E-002  ,   2.380780000000000E-002
   12.5701000000000       ,   2.337046152817093E-002  ,   2.173970000000000E-002
   12.5901000000000       ,   2.193587696995771E-002  ,   2.015680000000000E-002
   12.6101000000000       ,   2.115481444791740E-002  ,   1.921420000000000E-002
   12.6301000000000       ,   2.094485982363305E-002  ,   1.887010000000000E-002
   12.6501000000000       ,   2.102406211342446E-002  ,   1.890030000000000E-002
   12.6701000000000       ,   2.100942509680651E-002  ,   1.896850000000000E-002
   12.6901000000000       ,   2.054683301425509E-002  ,   1.873060000000000E-002
   12.7101000000000       ,   1.942938979103592E-002  ,   1.794050000000000E-002
   12.7301000000000       ,   1.766562444574858E-002  ,   1.652270000000000E-002
   12.7501000000000       ,   1.547600388241786E-002  ,   1.459110000000000E-002
   12.7701000000000       ,   1.321995350749671E-002  ,   1.240860000000000E-002
   12.7901000000000       ,   1.127824146683059E-002  ,   1.030180000000000E-002
   12.8101000000000       ,   9.929741693050472E-003  ,   8.560470000000001E-003
   12.8301000000000       ,   9.262762459620488E-003  ,   7.351920000000000E-003
   12.8501000000000       ,   9.149149002987387E-003  ,   6.678780000000000E-003
   12.8701000000000       ,   9.288394750101736E-003  ,   6.390370000000000E-003
   12.8901000000000       ,   9.306060724407594E-003  ,   6.238670000000000E-003
   12.9101000000000       ,   8.873462011106718E-003  ,   5.962910000000000E-003
   12.9301000000000       ,   7.809413733287733E-003  ,   5.368890000000000E-003
   12.9501000000000       ,   6.131637103856074E-003  ,   4.379580000000000E-003
   12.9701000000000       ,   4.042701433878297E-003  ,   3.042170000000000E-003
   12.9901000000000       ,   1.857209311403216E-003  ,   1.492790000000000E-003
   13.0101000000000       ,  -1.039809941751905E-004  ,  -1.044360000000000E-004
   13.0301000000000       ,  -1.616608268565894E-003  ,  -1.621010000000000E-003
   13.0501000000000       ,  -2.619093373465602E-003  ,  -3.005160000000000E-003
   13.0701000000000       ,  -3.221250195605734E-003  ,  -4.288170000000000E-003
   13.0901000000000       ,  -3.654793619157058E-003  ,  -5.554110000000000E-003
   13.1101000000000       ,  -4.184392458159298E-003  ,  -6.889050000000000E-003
   13.1301000000000       ,  -5.010842865824077E-003  ,  -8.329939999999999E-003
   13.1501000000000       ,  -6.199843677863652E-003  ,  -9.837759999999999E-003
   13.1701000000000       ,  -7.660399864952692E-003  ,  -1.130530000000000E-002
   13.1901000000000       ,  -9.179445808249127E-003  ,  -1.260140000000000E-002
   13.2101000000000       ,  -1.049987931990386E-002  ,  -1.363280000000000E-002
   13.2301000000000       ,  -1.141441882900803E-002  ,  -1.440130000000000E-002
   13.2501000000000       ,  -1.184248387860166E-002  ,  -1.502980000000000E-002
   13.2701000000000       ,  -1.186331167988026E-002  ,  -1.574250000000000E-002
   13.2901000000000       ,  -1.169361477353831E-002  ,  -1.679990000000000E-002
   13.3101000000000       ,  -1.161707172754361E-002  ,  -1.840410000000000E-002
   13.3301000000000       ,  -1.188937471154200E-002  ,  -2.061270000000000E-002
   13.3501000000000       ,  -1.265090165669100E-002  ,  -2.328270000000000E-002
   13.3701000000000       ,  -1.387657081763518E-002  ,  -2.607610000000000E-002
   13.3901000000000       ,  -1.537997751295080E-002  ,  -2.852910000000000E-002
   13.4101000000000       ,  -1.687074735139594E-002  ,  -3.017080000000000E-002
   13.4301000000000       ,  -1.804629183730129E-002  ,  -3.065490000000000E-002
   13.4501000000000       ,  -1.868775991092424E-002  ,  -2.986860000000000E-002
   13.4701000000000       ,  -1.872870831518153E-002  ,  -2.797880000000000E-002
   13.4901000000000       ,  -1.827421514617314E-002  ,  -2.540030000000000E-002
   13.5101000000000       ,  -1.756468297285985E-002  ,  -2.269070000000000E-002
   13.5301000000000       ,  -1.689685281374689E-002  ,  -2.040410000000000E-002
   13.5501000000000       ,  -1.652847813959794E-002  ,  -1.894240000000000E-002
   13.5701000000000       ,  -1.659810051806289E-002  ,  -1.845390000000000E-002
   13.5901000000000       ,  -1.708586663360198E-002  ,  -1.880720000000000E-002
   13.6101000000000       ,  -1.782729044461596E-002  ,  -1.964870000000000E-002
   13.6301000000000       ,  -1.857408116400994E-002  ,  -2.052610000000000E-002
   13.6501000000000       ,  -1.908061045784747E-002  ,  -2.103670000000000E-002
   13.6701000000000       ,  -1.918644552618544E-002  ,  -2.095430000000000E-002
   13.6901000000000       ,  -1.886725606515132E-002  ,  -2.029350000000000E-002
   13.7101000000000       ,  -1.823755099940881E-002  ,  -1.929140000000000E-002
   13.7301000000000       ,  -1.750525688096194E-002  ,  -1.831370000000000E-002
   13.7501000000000       ,  -1.689448512035298E-002  ,  -1.771910000000000E-002
   13.7701000000000       ,  -1.656345661810135E-002  ,  -1.772130000000000E-002
   13.7901000000000       ,  -1.654594376204447E-002  ,  -1.830570000000000E-002
   13.8101000000000       ,  -1.673637199943858E-002  ,  -1.922110000000000E-002
   13.8301000000000       ,  -1.692375071465286E-002  ,  -2.005390000000000E-002
   13.8501000000000       ,  -1.686297514577523E-002  ,  -2.036180000000000E-002
   13.8701000000000       ,  -1.635936926105600E-002  ,  -1.982090000000000E-002
   13.8901000000000       ,  -1.533786023321245E-002  ,  -1.833950000000000E-002
   13.9101000000000       ,  -1.387334028292502E-002  ,  -1.609770000000000E-002
   13.9301000000000       ,  -1.217178612574510E-002  ,  -1.349880000000000E-002
   13.9501000000000       ,  -1.050815811892070E-002  ,  -1.104810000000000E-002
   13.9701000000000       ,  -9.141462910078920E-003  ,  -9.194080000000000E-003
   13.9901000000000       ,  -8.234852682405799E-003  ,  -8.187959999999999E-003
   14.0101000000000       ,  -7.806807667057385E-003  ,  -8.005490000000001E-003
   14.0301000000000       ,  -7.728997186888823E-003  ,  -8.357760000000001E-003
   14.0501000000000       ,  -7.770900969583372E-003  ,  -8.789220000000000E-003
   14.0701000000000       ,  -7.675911302007926E-003  ,  -8.830930000000001E-003
   14.0901000000000       ,  -7.243533438636583E-003  ,  -8.158560000000000E-003
   14.1101000000000       ,  -6.390748318258587E-003  ,  -6.703010000000000E-003
   14.1301000000000       ,  -5.172997015114355E-003  ,  -4.675870000000000E-003
   14.1501000000000       ,  -3.758998211087190E-003  ,  -2.498380000000000E-003
   14.1701000000000       ,  -2.369039309289136E-003  ,  -6.632650000000000E-004
   14.1901000000000       ,  -1.198315347281433E-003  ,   4.419490000000000E-004
   14.2101000000000       ,  -3.513986822847838E-004  ,   6.705470000000000E-004
   14.2301000000000       ,   1.903784817830090E-004  ,   1.798720000000000E-004
   14.2501000000000       ,   5.583688353802212E-004  ,  -6.066840000000000E-004
   14.2701000000000       ,   9.473781448095163E-004  ,  -1.128770000000000E-003
   14.2901000000000       ,   1.545229909693967E-003  ,  -8.690770000000000E-004
   14.3101000000000       ,   2.465458902905686E-003  ,   4.734740000000000E-004
   14.3301000000000       ,   3.705995644170726E-003  ,   2.874550000000000E-003
   14.3501000000000       ,   5.147533692694302E-003  ,   5.975690000000000E-003
   14.3701000000000       ,   6.591621918944668E-003  ,   9.183600000000000E-003
   14.3901000000000       ,   7.825081894369593E-003  ,   1.184520000000000E-002
   14.4101000000000       ,   8.688665258729997E-003  ,   1.344790000000000E-002
   14.4301000000000       ,   9.126809343269352E-003  ,   1.377720000000000E-002
   14.4501000000000       ,   9.202163972945170E-003  ,   1.298500000000000E-002
   14.4701000000000       ,   9.070811869660574E-003  ,   1.154210000000000E-002
   14.4901000000000       ,   8.927534955270492E-003  ,   1.009120000000000E-002
   14.5101000000000       ,   8.940486312765575E-003  ,   9.243750000000000E-003
   14.5301000000000       ,   9.197835025200579E-003  ,   9.386280000000000E-003
   14.5501000000000       ,   9.684347310080119E-003  ,   1.055710000000000E-002
   14.5701000000000       ,   1.029513107860093E-002  ,   1.243300000000000E-002
   14.5901000000000       ,   1.088067333379028E-002  ,   1.443230000000000E-002
   14.6102000000000       ,   1.130797152670828E-002  ,   1.589610000000000E-002
   14.6302000000000       ,   1.150543089209589E-002  ,   1.630640000000000E-002
   14.6502000000000       ,   1.150227899617965E-002  ,   1.545210000000000E-002
   14.6701000000000       ,   1.140917804834174E-002  ,   1.350520000000000E-002
   14.6901000000000       ,   1.137594460850337E-002  ,   1.097780000000000E-002
   14.7102000000000       ,   1.153714353973947E-002  ,   8.574360000000000E-003
   14.7302000000000       ,   1.194932025004031E-002  ,   6.983290000000000E-003
   14.7501000000000       ,   1.256079972065553E-002  ,   6.675760000000000E-003
   14.7701000000000       ,   1.322945325810675E-002  ,   7.770510000000000E-003
   14.7902000000000       ,   1.374742936018769E-002  ,   1.000700000000000E-002
   14.8102000000000       ,   1.390944436985129E-002  ,   1.283260000000000E-002
   14.8301000000000       ,   1.359805607540691E-002  ,   1.557220000000000E-002
   14.8501000000000       ,   1.280883046352608E-002  ,   1.762910000000000E-002
   14.8702000000000       ,   1.166549322912684E-002  ,   1.864870000000000E-002
   14.8902000000000       ,   1.040821696874242E-002  ,   1.860090000000000E-002
   14.9101000000000       ,   9.296962595801723E-003  ,   1.775370000000000E-002
   14.9301000000000       ,   8.534485300666507E-003  ,   1.655520000000000E-002
   14.9502000000000       ,   8.231812194437046E-003  ,   1.546360000000000E-002
   14.9702000000000       ,   8.356252971637348E-003  ,   1.478550000000000E-002
   14.9901000000000       ,   8.740000754779145E-003  ,   1.457510000000000E-002
   15.0101000000000       ,   9.151170235100493E-003  ,   1.462610000000000E-002
   15.0302000000000       ,   9.353179688130986E-003  ,   1.455820000000000E-002
   15.0502000000000       ,   9.183155759608401E-003  ,   1.396520000000000E-002
   15.0702000000000       ,   8.605610874960083E-003  ,   1.257430000000000E-002
   15.0902000000000       ,   7.712812435660263E-003  ,   1.035970000000000E-002
   15.1102000000000       ,   6.690694390760026E-003  ,   7.572260000000000E-003
   15.1302000000000       ,   5.753010176610096E-003  ,   4.672830000000000E-003
   15.1502000000000       ,   5.067668560143036E-003  ,   2.191990000000000E-003
   15.1702000000000       ,   4.699859571286488E-003  ,   5.604660000000000E-004
   15.1902000000000       ,   4.590771413630009E-003  ,  -3.099070000000000E-005
   15.2102000000000       ,   4.578688969365412E-003  ,   3.025450000000000E-004
   15.2302000000000       ,   4.455079175589313E-003  ,   1.173330000000000E-003
   15.2502000000000       ,   4.036640722930180E-003  ,   2.042330000000000E-003
   15.2702000000000       ,   3.229080358339163E-003  ,   2.390280000000000E-003
   15.2902000000000       ,   2.061272154621348E-003  ,   1.883240000000000E-003
   15.3102000000000       ,   6.784433103295617E-004  ,   4.783250000000000E-004
   15.3302000000000       ,  -7.032638324636160E-004  ,  -1.564930000000000E-003
   15.3502000000000       ,  -1.865670721013716E-003  ,  -3.770730000000000E-003
   15.3702000000000       ,  -2.658008548093552E-003  ,  -5.604460000000000E-003
   15.3902000000000       ,  -3.044031325734563E-003  ,  -6.647770000000000E-003
   15.4102000000000       ,  -3.111482082087161E-003  ,  -6.736850000000000E-003
   15.4302000000000       ,  -3.041203303432035E-003  ,  -6.016580000000000E-003
   15.4502000000000       ,  -3.046561046715465E-003  ,  -4.894050000000000E-003
   15.4702000000000       ,  -3.303537298027541E-003  ,  -3.905790000000000E-003
   15.4902000000000       ,  -3.894646475248223E-003  ,  -3.544120000000000E-003
   15.5102000000000       ,  -4.784891435486557E-003  ,  -4.092280000000000E-003
   15.5302000000000       ,  -5.837033084780556E-003  ,  -5.532390000000000E-003
   15.5502000000000       ,  -6.860238351203794E-003  ,  -7.547860000000000E-003
   15.5702000000000       ,  -7.675146730166011E-003  ,  -9.624400000000000E-003
   15.5902000000000       ,  -8.173226150759648E-003  ,  -1.121520000000000E-002
   15.6102000000000       ,  -8.350635324911529E-003  ,  -1.191960000000000E-002
   15.6302000000000       ,  -8.305783121272659E-003  ,  -1.161650000000000E-002
   15.6502000000000       ,  -8.202260948858064E-003  ,  -1.051000000000000E-002
   15.6702000000000       ,  -8.210552969004206E-003  ,  -9.074219999999999E-003
   15.6902000000000       ,  -8.448932411479383E-003  ,  -7.912110000000000E-003
   15.7102000000000       ,  -8.943902931294581E-003  ,  -7.575620000000000E-003
   15.7302000000000       ,  -9.623532011119224E-003  ,  -8.401280000000001E-003
   15.7502000000000       ,  -1.034550843904983E-002  ,  -1.041320000000000E-002
   15.7702000000000       ,  -1.094971482396757E-002  ,  -1.332180000000000E-002
   15.7902000000000       ,  -1.131667058317766E-002  ,  -1.661560000000000E-002
   15.8102000000000       ,  -1.141124832729539E-002  ,  -1.971680000000000E-002
   15.8302000000000       ,  -1.129624396203422E-002  ,  -2.214730000000000E-002
   15.8502000000000       ,  -1.111089064247993E-002  ,  -2.365620000000000E-002
   15.8702000000000       ,  -1.102162652959723E-002  ,  -2.426770000000000E-002
   15.8902000000000       ,  -1.116214896810399E-002  ,  -2.423960000000000E-002
   15.9102000000000       ,  -1.158365959139284E-002  ,  -2.394980000000000E-002
   15.9302000000000       ,  -1.223287260947219E-002  ,  -2.375140000000000E-002
   15.9502000000000       ,  -1.296593436456217E-002  ,  -2.384420000000000E-002
   15.9702000000000       ,  -1.359408926132636E-002  ,  -2.420930000000000E-002
   15.9902000000000       ,  -1.394593157684143E-002  ,  -2.462320000000000E-002
   16.0102000000000       ,  -1.392518169681336E-002  ,  -2.474700000000000E-002
   16.0302000000000       ,  -1.354417744277185E-002  ,  -2.425830000000000E-002
   16.0502000000000       ,  -1.292130674357118E-002  ,  -2.298070000000000E-002
   16.0702000000000       ,  -1.224274319573826E-002  ,  -2.096500000000000E-002
   16.0902000000000       ,  -1.170098380064537E-002  ,  -1.849640000000000E-002
   16.1102000000000       ,  -1.143070202215458E-002  ,  -1.602010000000000E-002
   16.1302000000000       ,  -1.146356421091526E-002  ,  -1.401530000000000E-002
   16.1502000000000       ,  -1.171747151611044E-002  ,  -1.285140000000000E-002
   16.1702000000000       ,  -1.202421682350887E-002  ,  -1.267760000000000E-002
   16.1902000000000       ,  -1.218662299738857E-002  ,  -1.337970000000000E-002
   16.2102000000000       ,  -1.204620599856196E-002  ,  -1.461640000000000E-002
   16.2302000000000       ,  -1.153868431188293E-002  ,  -1.592440000000000E-002
   16.2502000000000       ,  -1.071853139219973E-002  ,  -1.685670000000000E-002
   16.2702000000000       ,  -9.743986669896232E-003  ,  -1.711140000000000E-002
   16.2902000000000       ,  -8.827108762651595E-003  ,  -1.660950000000000E-002
   16.3102000000000       ,  -8.165169982774950E-003  ,  -1.550020000000000E-002
   16.3302000000000       ,  -7.876020489361542E-003  ,  -1.409590000000000E-002
   16.3502000000000       ,  -7.958851885041550E-003  ,  -1.275830000000000E-002
   16.3702000000000       ,  -8.293439025252704E-003  ,  -1.178210000000000E-002
   16.3902000000000       ,  -8.678208688629771E-003  ,  -1.130160000000000E-002
   16.4102000000000       ,  -8.894621052781951E-003  ,  -1.126500000000000E-002
   16.4302000000000       ,  -8.776652344527784E-003  ,  -1.147100000000000E-002
   16.4502000000000       ,  -8.262541636769757E-003  ,  -1.165560000000000E-002
   16.4702000000000       ,  -7.411950723715279E-003  ,  -1.159660000000000E-002
   16.4902000000000       ,  -6.383271426252289E-003  ,  -1.119760000000000E-002
   16.5102000000000       ,  -5.379110326295500E-003  ,  -1.052170000000000E-002
   16.5302000000000       ,  -4.578525769681380E-003  ,  -9.764280000000000E-003
   16.5502000000000       ,  -4.078852476110969E-003  ,  -9.174150000000001E-003
   16.5702000000000       ,  -3.866508244783707E-003  ,  -8.952409999999999E-003
   16.5902000000000       ,  -3.826212726885993E-003  ,  -9.165710000000001E-003
   16.6102000000000       ,  -3.784937494027241E-003  ,  -9.705850000000000E-003
   16.6302000000000       ,  -3.575090120976970E-003  ,  -1.031210000000000E-002
   16.6502000000000       ,  -3.094918875684790E-003  ,  -1.065080000000000E-002
   16.6702000000000       ,  -2.345126434480210E-003  ,  -1.042610000000000E-002
   16.6902000000000       ,  -1.428875348200275E-003  ,  -9.485420000000000E-003
   16.7102000000000       ,  -5.149878815032816E-004  ,  -7.881690000000000E-003
   16.7302000000000       ,   2.230935577002359E-004  ,  -5.871180000000000E-003
   16.7502000000000       ,   6.714666146042359E-004  ,  -3.843010000000000E-003
   16.7702000000000       ,   8.205431285903735E-004  ,  -2.201860000000000E-003
   16.7902000000000       ,   7.742509275488061E-004  ,  -1.244360000000000E-003
   16.8102000000000       ,   7.194377858728040E-004  ,  -1.058510000000000E-003
   16.8302000000000       ,   8.648523897774386E-004  ,  -1.494850000000000E-003
   16.8502000000000       ,   1.369718414991472E-003  ,  -2.207040000000000E-003
   16.8702000000000       ,   2.285950565614279E-003  ,  -2.756180000000000E-003
   16.8902000000000       ,   3.534024958710256E-003  ,  -2.745790000000000E-003
   16.9102000000000       ,   4.921652167522777E-003  ,  -1.944030000000000E-003
   16.9302000000000       ,   6.200263233551707E-003  ,  -3.563100000000000E-004
   16.9502000000000       ,   7.141603094236947E-003  ,   1.775480000000000E-003
   16.9702000000000       ,   7.609707749913694E-003  ,   4.047310000000000E-003
   16.9902000000000       ,   7.604640642508672E-003  ,   6.014250000000000E-003
   17.0102000000000       ,   7.263316506075391E-003  ,   7.324040000000000E-003
   17.0302000000000       ,   6.816662941971165E-003  ,   7.818320000000000E-003
   17.0502000000000       ,   6.516693440541207E-003  ,   7.571910000000000E-003
   17.0702000000000       ,   6.557045688202988E-003  ,   6.858800000000000E-003
   17.0902000000000       ,   7.012830737457431E-003  ,   6.058370000000000E-003
   17.1102000000000       ,   7.819419778559619E-003  ,   5.532550000000000E-003
   17.1302000000000       ,   8.797058988866933E-003  ,   5.514300000000000E-003
   17.1502000000000       ,   9.713117207455029E-003  ,   6.042450000000000E-003
   17.1702000000000       ,   1.036131208772052E-002  ,   6.961950000000000E-003
   17.1902000000000       ,   1.063156859862805E-002  ,   7.986840000000000E-003
   17.2102000000000       ,   1.054716753278146E-002  ,   8.803149999999999E-003
   17.2302000000000       ,   1.025660423386322E-002  ,   9.174520000000000E-003
   17.2502000000000       ,   9.982588953398992E-003  ,   9.020110000000000E-003
   17.2702000000000       ,   9.944941116357761E-003  ,   8.432570000000000E-003
   17.2902000000000       ,   1.028301555500034E-002  ,   7.638280000000000E-003
   17.3102000000000       ,   1.100376662879044E-002  ,   6.912540000000000E-003
   17.3302000000000       ,   1.197337983169788E-002  ,   6.480700000000000E-003
   17.3502000000000       ,   1.295620139396269E-002  ,   6.441070000000000E-003
   17.3702000000000       ,   1.368909738790742E-002  ,   6.735030000000000E-003
   17.3902000000000       ,   1.396749089514506E-002  ,   7.175500000000000E-003
   17.4102000000000       ,   1.371509102929117E-002  ,   7.523310000000000E-003
   17.4302000000000       ,   1.301419435768012E-002  ,   7.583500000000000E-003
   17.4502000000000       ,   1.208589484753022E-002  ,   7.287970000000000E-003
   17.4702000000000       ,   1.122558630141252E-002  ,   6.733500000000000E-003
   17.4902000000000       ,   1.071359604654707E-002  ,   6.159960000000000E-003
   17.5102000000000       ,   1.072896192605785E-002  ,   5.874210000000000E-003
   17.5302000000000       ,   1.129359019769093E-002  ,   6.143350000000000E-003
   17.5502000000000       ,   1.226453339468280E-002  ,   7.093090000000000E-003
   17.5702000000000       ,   1.337694544569923E-002  ,   8.646310000000001E-003
   17.5902000000000       ,   1.432427713224360E-002  ,   1.052540000000000E-002
   17.6102000000000       ,   1.485059012355422E-002  ,   1.231900000000000E-002
   17.6302000000000       ,   1.482621048799649E-002  ,   1.359720000000000E-002
   17.6502000000000       ,   1.428343415492564E-002  ,   1.403900000000000E-002
   17.6702000000000       ,   1.340181581903165E-002  ,   1.353190000000000E-002
   17.6902000000000       ,   1.244856269100165E-002  ,   1.221430000000000E-002
   17.7102000000000       ,   1.169358174367578E-002  ,   1.044300000000000E-002
   17.7302000000000       ,   1.132634520775453E-002  ,   8.697320000000000E-003
   17.7502000000000       ,   1.140060533024857E-002  ,   7.447330000000000E-003
   17.7702000000000       ,   1.182360467512918E-002  ,   7.025520000000000E-003
   17.7902000000000       ,   1.239193128698688E-002  ,   7.541190000000000E-003
   17.8102000000000       ,   1.286128910360614E-002  ,   8.860079999999999E-003
   17.8302000000000       ,   1.302696598129346E-002  ,   1.065500000000000E-002
   17.8502000000000       ,   1.278895979838480E-002  ,   1.250980000000000E-002
   17.8702000000000       ,   1.218131280015036E-002  ,   1.404080000000000E-002
   17.8902000000000       ,   1.135722528063203E-002  ,   1.500050000000000E-002
   17.9102000000000       ,   1.053595650621375E-002  ,   1.533190000000000E-002
   17.9302000000000       ,   9.929662183763564E-003  ,   1.515790000000000E-002
   17.9502000000000       ,   9.674297419999688E-003  ,   1.471600000000000E-002
   17.9702000000000       ,   9.786748021057473E-003  ,   1.426040000000000E-002
   17.9902000000000       ,   1.016127540722068E-002  ,   1.396750000000000E-002
   18.0102000000000       ,   1.060529605682052E-002  ,   1.387510000000000E-002
   18.0302000000000       ,   1.090181186464584E-002  ,   1.387570000000000E-002
   18.0502000000000       ,   1.087758592630146E-002  ,   1.376290000000000E-002
   18.0702000000000       ,   1.045497577154940E-002  ,   1.331450000000000E-002
   18.0902000000000       ,   9.671382860437753E-003  ,   1.237970000000000E-002
   18.1102000000000       ,   8.661369361119066E-003  ,   1.094600000000000E-002
   18.1302000000000       ,   7.608846693956318E-003  ,   9.151060000000001E-003
   18.1502000000000       ,   6.686254284375493E-003  ,   7.247980000000000E-003
   18.1702000000000       ,   6.001264458280330E-003  ,   5.526570000000000E-003
   18.1902000000000       ,   5.568243629291570E-003  ,   4.220970000000000E-003
   18.2102000000000       ,   5.312767537906397E-003  ,   3.433840000000000E-003
   18.2302000000000       ,   5.106066049035262E-003  ,   3.104150000000000E-003
   18.2502000000000       ,   4.816252777248240E-003  ,   3.027500000000000E-003
   18.2702000000000       ,   4.357908938278774E-003  ,   2.923830000000000E-003
   18.2902000000000       ,   3.722709412239800E-003  ,   2.529320000000000E-003
   18.3102000000000       ,   2.980782817144510E-003  ,   1.681910000000000E-003
   18.3302000000000       ,   2.252892490402066E-003  ,   3.717960000000000E-004
   18.3502000000000       ,   1.663715413394609E-003  ,  -1.259150000000000E-003
   18.3702000000000       ,   1.293010844504667E-003  ,  -2.969600000000000E-003
   18.3902000000000       ,   1.142132571937639E-003  ,  -4.502000000000000E-003
   18.4102000000000       ,   1.127981075393387E-003  ,  -5.671220000000000E-003
   18.4302000000000       ,   1.106989285171829E-003  ,  -6.426240000000000E-003
   18.4502000000000       ,   9.213501798641886E-004  ,  -6.864740000000000E-003
   18.4702000000000       ,   4.519622516630488E-004  ,  -7.194860000000000E-003
   18.4902000000000       ,  -3.398936818760633E-004  ,  -7.658410000000000E-003
   18.5102000000000       ,  -1.396501903340938E-003  ,  -8.440929999999999E-003
   18.5302000000000       ,  -2.579146685001290E-003  ,  -9.601719999999999E-003
   18.5502000000000       ,  -3.710403838093861E-003  ,  -1.104400000000000E-002
   18.5702000000000       ,  -4.629680343893943E-003  ,  -1.254600000000000E-002
   18.5902000000000       ,  -5.243926829094866E-003  ,  -1.383270000000000E-002
   18.6102000000000       ,  -5.556967580559792E-003  ,  -1.467240000000000E-002
   18.6302000000000       ,  -5.667874820687426E-003  ,  -1.496230000000000E-002
   18.6502000000000       ,  -5.738923853844396E-003  ,  -1.477290000000000E-002
   18.6702000000000       ,  -5.943550304714064E-003  ,  -1.433630000000000E-002
   18.6902000000000       ,  -6.411139675568889E-003  ,  -1.397720000000000E-002
   18.7102000000000       ,  -7.186341099247842E-003  ,  -1.401070000000000E-002
   18.7302000000000       ,  -8.215690852626521E-003  ,  -1.463710000000000E-002
   18.7502000000000       ,  -9.365338103325569E-003  ,  -1.587120000000000E-002
   18.7702000000000       ,  -1.046358807502589E-002  ,  -1.752920000000000E-002
   18.7902000000000       ,  -1.135412989381082E-002  ,  -1.928030000000000E-002
   18.8102000000000       ,  -1.194272330175488E-002  ,  -2.074950000000000E-002
   18.8302000000000       ,  -1.222269620223473E-002  ,  -2.163640000000000E-002
   18.8502000000000       ,  -1.227188519454931E-002  ,  -2.181520000000000E-002
   18.8702000000000       ,  -1.222313545242013E-002  ,  -2.137930000000000E-002
   18.8902000000000       ,  -1.221899224352317E-002  ,  -2.061590000000000E-002
   18.9102000000000       ,  -1.236598274526966E-002  ,  -1.991430000000000E-002
   18.9302000000000       ,  -1.270342857469262E-002  ,  -1.963800000000000E-002
   18.9502000000000       ,  -1.319634134917894E-002  ,  -1.999850000000000E-002
   18.9703000000000       ,  -1.375632337222737E-002  ,  -2.097480000000000E-002
   18.9902000000000       ,  -1.426382114207253E-002  ,  -2.230330000000000E-002
   19.0102000000000       ,  -1.463655649924589E-002  ,  -2.355160000000000E-002
   19.0302000000000       ,  -1.483331565664119E-002  ,  -2.424860000000000E-002
   19.0502000000000       ,  -1.487910727873621E-002  ,  -2.403870000000000E-002
   19.0703000000000       ,  -1.485027295991355E-002  ,  -2.280830000000000E-002
   19.0903000000000       ,  -1.484507296146281E-002  ,  -2.074680000000000E-002
   19.1103000000000       ,  -1.494426820482976E-002  ,  -1.831630000000000E-002
   19.1303000000000       ,  -1.518053832193359E-002  ,  -1.613720000000000E-002
   19.1502000000000       ,  -1.552276403325825E-002  ,  -1.481900000000000E-002
   19.1702000000000       ,  -1.589225387657777E-002  ,  -1.478410000000000E-002
   19.1902000000000       ,  -1.617974871753750E-002  ,  -1.613840000000000E-002
   19.2102000000000       ,  -1.628985676739430E-002  ,  -1.862520000000000E-002
   19.2303000000000       ,  -1.617280102853452E-002  ,  -2.168110000000000E-002
   19.2503000000000       ,  -1.584711998108676E-002  ,  -2.458060000000000E-002
   19.2703000000000       ,  -1.539282721457925E-002  ,  -2.662560000000000E-002
   19.2903000000000       ,  -1.492791270511300E-002  ,  -2.733420000000000E-002
   19.3102000000000       ,  -1.457195585499428E-002  ,  -2.656930000000000E-002
   19.3302000000000       ,  -1.440134341886896E-002  ,  -2.457430000000000E-002
   19.3502000000000       ,  -1.443465119553573E-002  ,  -2.190590000000000E-002
   19.3702000000000       ,  -1.461918727852062E-002  ,  -1.928220000000000E-002
   19.3903000000000       ,  -1.485171097704563E-002  ,  -1.739070000000000E-002
   19.4103000000000       ,  -1.500774194269320E-002  ,  -1.670820000000000E-002
   19.4303000000000       ,  -1.498907088486946E-002  ,  -1.738450000000000E-002
   19.4503000000000       ,  -1.475025242408331E-002  ,  -1.921470000000000E-002
   19.4703000000000       ,  -1.431304407457352E-002  ,  -2.171130000000000E-002
   19.4903000000000       ,  -1.375726407598160E-002  ,  -2.424570000000000E-002
   19.5103000000000       ,  -1.319258857102983E-002  ,  -2.622140000000000E-002
   19.5303000000000       ,  -1.272097945623543E-002  ,  -2.722400000000000E-002
   19.5503000000000       ,  -1.240241923915105E-002  ,  -2.711240000000000E-002
   19.5703000000000       ,  -1.223532616849860E-002  ,  -2.602650000000000E-002
   19.5903000000000       ,  -1.215792724230140E-002  ,  -2.431420000000000E-002
   19.6103000000000       ,  -1.206974571368383E-002  ,  -2.240630000000000E-002
   19.6303000000000       ,  -1.186563976805686E-002  ,  -2.067830000000000E-002
   19.6503000000000       ,  -1.147076695686059E-002  ,  -1.934150000000000E-002
   19.6703000000000       ,  -1.086477069062911E-002  ,  -1.839570000000000E-002
   19.6903000000000       ,  -1.008734921412993E-002  ,  -1.765320000000000E-002
   19.7103000000000       ,  -9.223798185991373E-003  ,  -1.682580000000000E-002
   19.7303000000000       ,  -8.375890927843176E-003  ,  -1.564170000000000E-002
   19.7503000000000       ,  -7.628271234140509E-003  ,  -1.395770000000000E-002
   19.7703000000000       ,  -7.021784110315192E-003  ,  -1.182710000000000E-002
   19.7903000000000       ,  -6.542503263384541E-003  ,  -9.505410000000001E-003
   19.8103000000000       ,  -6.129619970384400E-003  ,  -7.387690000000000E-003
   19.8303000000000       ,  -5.698813685435010E-003  ,  -5.897190000000000E-003
   19.8503000000000       ,  -5.172503298271278E-003  ,  -5.360400000000000E-003
   19.8703000000000       ,  -4.506260423449975E-003  ,  -5.895990000000000E-003
   19.8903000000000       ,  -3.702332052971828E-003  ,  -7.364230000000000E-003
   19.9103000000000       ,  -2.806023695679524E-003  ,  -9.380909999999999E-003
   19.9303000000000       ,  -1.886901844748726E-003  ,  -1.139860000000000E-002
   19.9503000000000       ,  -1.012177210541663E-003  ,  -1.283490000000000E-002
   19.9703000000000       ,  -2.223187518456122E-004  ,  -1.321060000000000E-002
   19.9903000000000       ,   4.820174711701022E-004  ,  -1.226760000000000E-002
   20.0103000000000       ,   1.136924544966762E-003  ,  -1.003270000000000E-002
   20.0303000000000       ,   1.797258449488109E-003  ,  -6.812380000000000E-003
   20.0503000000000       ,   2.510576074471937E-003  ,  -3.123690000000000E-003
   20.0703000000000       ,   3.293038068049549E-003  ,   4.242540000000000E-004
   20.0903000000000       ,   4.116875071674723E-003  ,   3.266240000000000E-003
   20.1103000000000       ,   4.915022690941078E-003  ,   5.004440000000000E-003
   20.1303000000000       ,   5.602339384949504E-003  ,   5.487690000000000E-003
   20.1503000000000       ,   6.106598525223253E-003  ,   4.835870000000000E-003
   20.1703000000000       ,   6.398423392110093E-003  ,   3.402900000000000E-003
   20.1903000000000       ,   6.509027384296692E-003  ,   1.691480000000000E-003
   20.2103000000000       ,   6.528282535351538E-003  ,   2.396980000000000E-004
   20.2303000000000       ,   6.582135454588493E-003  ,  -4.921260000000000E-004
   20.2503000000000       ,   6.795563010115442E-003  ,  -2.141740000000000E-004
   20.2703000000000       ,   7.252645969406196E-003  ,   1.141730000000000E-003
   20.2903000000000       ,   7.967007378920761E-003  ,   3.414250000000000E-003
   20.3103000000000       ,   8.873094739878067E-003  ,   6.258490000000000E-003
   20.3303000000000       ,   9.842351381669171E-003  ,   9.218050000000000E-003
   20.3503000000000       ,   1.072026027382706E-002  ,   1.181960000000000E-002
   20.3703000000000       ,   1.137320077587754E-002  ,   1.366520000000000E-002
   20.3903000000000       ,   1.173041727465810E-002  ,   1.450670000000000E-002
   20.4103000000000       ,   1.180746893755055E-002  ,   1.428880000000000E-002
   20.4303000000000       ,   1.170308990459556E-002  ,   1.315450000000000E-002
   20.4503000000000       ,   1.156972661597784E-002  ,   1.141390000000000E-002
   20.4703000000000       ,   1.156646981105865E-002  ,   9.480900000000000E-003
   20.4903000000000       ,   1.180891152073732E-002  ,   7.794060000000000E-003
   20.5103000000000       ,   1.233169781445219E-002  ,   6.732490000000000E-003
   20.5303000000000       ,   1.307574572243255E-002  ,   6.545520000000000E-003
   20.5503000000000       ,   1.390441269542445E-002  ,   7.308300000000000E-003
   20.5703000000000       ,   1.464378540008383E-002  ,   8.912140000000001E-003
   20.5903000000000       ,   1.513461458195010E-002  ,   1.109090000000000E-002
   20.6103000000000       ,   1.527972506738837E-002  ,   1.347790000000000E-002
   20.6303000000000       ,   1.507217114453448E-002  ,   1.568290000000000E-002
   20.6503000000000       ,   1.459552749712504E-002  ,   1.736980000000000E-002
   20.6703000000000       ,   1.399653582810231E-002  ,   1.832270000000000E-002
   20.6903000000000       ,   1.343902956388151E-002  ,   1.848270000000000E-002
   20.7103000000000       ,   1.305384872781050E-002  ,   1.795060000000000E-002
   20.7303000000000       ,   1.290050426289881E-002  ,   1.695460000000000E-002
   20.7503000000000       ,   1.295236793291247E-002  ,   1.578860000000000E-002
   20.7703000000000       ,   1.310948655322275E-002  ,   1.474120000000000E-002
   20.7903000000000       ,   1.323426035021514E-002  ,   1.402700000000000E-002
   20.8103000000000       ,   1.319804717684107E-002  ,   1.373950000000000E-002
   20.8303000000000       ,   1.292353677382756E-002  ,   1.383430000000000E-002
   20.8503000000000       ,   1.240944672254203E-002  ,   1.414700000000000E-002
   20.8703000000000       ,   1.173007898313477E-002  ,   1.443970000000000E-002
   20.8903000000000       ,   1.101052301675143E-002  ,   1.446450000000000E-002
   20.9103000000000       ,   1.038608457155938E-002  ,   1.402780000000000E-002
   20.9303000000000       ,   9.959347712581579E-003  ,   1.304010000000000E-002
   20.9503000000000       ,   9.768650235138765E-003  ,   1.153940000000000E-002
   20.9703000000000       ,   9.777664320599778E-003  ,   9.683550000000001E-003
   20.9903000000000       ,   9.888676924857818E-003  ,   7.712950000000000E-003
   21.0103000000000       ,   9.974457493707629E-003  ,   5.896030000000000E-003
   21.0303000000000       ,   9.917820069504679E-003  ,   4.467170000000000E-003
   21.0503000000000       ,   9.645964972388650E-003  ,   3.574350000000000E-003
   21.0703000000000       ,   9.148961607104015E-003  ,   3.246510000000000E-003
   21.0903000000000       ,   8.477408687645812E-003  ,   3.388990000000000E-003
   21.1103000000000       ,   7.721378180804847E-003  ,   3.805020000000000E-003
   21.1303000000000       ,   6.978806063131715E-003  ,   4.239250000000000E-003
   21.1503000000000       ,   6.324541459900632E-003  ,   4.432790000000000E-003
   21.1703000000000       ,   5.790386272990576E-003  ,   4.177250000000000E-003
   21.1903000000000       ,   5.362090804396883E-003  ,   3.358470000000000E-003
   21.2103000000000       ,   4.993036185248580E-003  ,   1.979110000000000E-003
   21.2303000000000       ,   4.628449114845641E-003  ,   1.586710000000000E-004
   21.2503000000000       ,   4.230500464964276E-003  ,  -1.889260000000000E-003
   21.2703000000000       ,   3.794701980712347E-003  ,  -3.898060000000000E-003
   21.2903000000000       ,   3.351533922088108E-003  ,  -5.596720000000000E-003
   21.3103000000000       ,   2.952897140813902E-003  ,  -6.760630000000000E-003
   21.3303000000000       ,   2.648731020574206E-003  ,  -7.252520000000000E-003
   21.3503000000000       ,   2.462904096074010E-003  ,  -7.047510000000000E-003
   21.3703000000000       ,   2.377909017772327E-003  ,  -6.237530000000000E-003
   21.3903000000000       ,   2.334808154633836E-003  ,  -5.015230000000000E-003
   21.4103000000000       ,   2.249360516479868E-003  ,  -3.639920000000000E-003
   21.4303000000000       ,   2.039269480304473E-003  ,  -2.391130000000000E-003
   21.4503000000000       ,   1.653171143813202E-003  ,  -1.520800000000000E-003
   21.4703000000000       ,   1.090920762364286E-003  ,  -1.210040000000000E-003
   21.4903000000000       ,   4.073896701191114E-004  ,  -1.541050000000000E-003
   21.5103000000000       ,  -3.024862028427348E-004  ,  -2.488710000000000E-003
   21.5303000000000       ,  -9.331359167548787E-004  ,  -3.932750000000000E-003
   21.5503000000000       ,  -1.402728818700706E-003  ,  -5.688210000000000E-003
   21.5703000000000       ,  -1.680848203396150E-003  ,  -7.546340000000000E-003
   21.5903000000000       ,  -1.799680248612404E-003  ,  -9.318699999999999E-003
   21.6103000000000       ,  -1.844252635026937E-003  ,  -1.086680000000000E-002
   21.6303000000000       ,  -1.924295921443032E-003  ,  -1.212620000000000E-002
   21.6503000000000       ,  -2.136691227125147E-003  ,  -1.310190000000000E-002
   21.6703000000000       ,  -2.531001252224113E-003  ,  -1.385010000000000E-002
   21.6903000000000       ,  -3.089968028829880E-003  ,  -1.444820000000000E-002
   21.7103000000000       ,  -3.732188504328698E-003  ,  -1.496200000000000E-002
   21.7303000000000       ,  -4.336915706346304E-003  ,  -1.542110000000000E-002
   21.7503000000000       ,  -4.783459080330388E-003  ,  -1.580890000000000E-002
   21.7703000000000       ,  -4.992482148417233E-003  ,  -1.607120000000000E-002
   21.7903000000000       ,  -4.955416378891360E-003  ,  -1.613940000000000E-002
   21.8103000000000       ,  -4.741695249910817E-003  ,  -1.596230000000000E-002
   21.8303000000000       ,  -4.480518096952629E-003  ,  -1.553550000000000E-002
   21.8503000000000       ,  -4.322142903593291E-003  ,  -1.491830000000000E-002
   21.8703000000000       ,  -4.390573224358402E-003  ,  -1.423100000000000E-002
   21.8903000000000       ,  -4.742657551939500E-003  ,  -1.363330000000000E-002
   21.9103000000000       ,  -5.346951445829931E-003  ,  -1.328570000000000E-002
   21.9303000000000       ,  -6.089658927186983E-003  ,  -1.330570000000000E-002
   21.9503000000000       ,  -6.806459895558887E-003  ,  -1.373110000000000E-002
   21.9703000000000       ,  -7.330766484008987E-003  ,  -1.450030000000000E-002
   21.9903000000000       ,  -7.543605503996288E-003  ,  -1.545850000000000E-002
   22.0103000000000       ,  -7.409646413473307E-003  ,  -1.638800000000000E-002
   22.0303000000000       ,  -6.988135902396143E-003  ,  -1.705800000000000E-002
   22.0503000000000       ,  -6.415324347042606E-003  ,  -1.727860000000000E-002
   22.0703000000000       ,  -5.863879601375677E-003  ,  -1.695190000000000E-002
   22.0903000000000       ,  -5.491931799932153E-003  ,  -1.609930000000000E-002
   22.1103000000000       ,  -5.397502641127610E-003  ,  -1.486220000000000E-002
   22.1303000000000       ,  -5.592175893789499E-003  ,  -1.347450000000000E-002
   22.1503000000000       ,  -6.001611934389420E-003  ,  -1.221380000000000E-002
   22.1703000000000       ,  -6.491946014287098E-003  ,  -1.134060000000000E-002
   22.1903000000000       ,  -6.913010969521216E-003  ,  -1.104200000000000E-002
   22.2103000000000       ,  -7.144282637238257E-003  ,  -1.139180000000000E-002
   22.2303000000000       ,  -7.129030799511625E-003  ,  -1.233440000000000E-002
   22.2503000000000       ,  -6.886417691843794E-003  ,  -1.369650000000000E-002
   22.2703000000000       ,  -6.498746251825704E-003  ,  -1.522170000000000E-002
   22.2903000000000       ,  -6.079225990706931E-003  ,  -1.661970000000000E-002
   22.3103000000000       ,  -5.731808948682329E-003  ,  -1.762040000000000E-002
   22.3303000000000       ,  -5.516858680928768E-003  ,  -1.802030000000000E-002
   22.3503000000000       ,  -5.434000298990741E-003  ,  -1.771650000000000E-002
   22.3703000000000       ,  -5.427348502097566E-003  ,  -1.672110000000000E-002
   22.3903000000000       ,  -5.410540843485514E-003  ,  -1.515760000000000E-002
   22.4103000000000       ,  -5.302244938353070E-003  ,  -1.324110000000000E-002
   22.4303000000000       ,  -5.059322982361829E-003  ,  -1.124580000000000E-002
   22.4503000000000       ,  -4.695768420471121E-003  ,  -9.464409999999999E-003
   22.4703000000000       ,  -4.280529755061226E-003  ,  -8.168650000000000E-003
   22.4903000000000       ,  -3.914691280645282E-003  ,  -7.561950000000000E-003
   22.5103000000000       ,  -3.695690427293969E-003  ,  -7.749110000000000E-003
   22.5303000000000       ,  -3.680870952113415E-003  ,  -8.711320000000000E-003
   22.5503000000000       ,  -3.863127582596613E-003  ,  -1.029940000000000E-002
   22.5703000000000       ,  -4.167515685059754E-003  ,  -1.224830000000000E-002
   22.5903000000000       ,  -4.470759550556630E-003  ,  -1.421130000000000E-002
   22.6103000000000       ,  -4.637903998037572E-003  ,  -1.581460000000000E-002
   22.6303000000000       ,  -4.564484820516198E-003  ,  -1.672280000000000E-002
   22.6503000000000       ,  -4.210517528558325E-003  ,  -1.670270000000000E-002
   22.6703000000000       ,  -3.615042159407568E-003  ,  -1.567290000000000E-002
   22.6903000000000       ,  -2.886142337067552E-003  ,  -1.372570000000000E-002
   22.7103000000000       ,  -2.169266617208481E-003  ,  -1.111390000000000E-002
   22.7303000000000       ,  -1.603729562758385E-003  ,  -8.200330000000000E-003
   22.7503000000000       ,  -1.281145211775006E-003  ,  -5.384070000000000E-003
   22.7703000000000       ,  -1.218970391191220E-003  ,  -3.014130000000000E-003
   22.7903000000000       ,  -1.357489824461798E-003  ,  -1.315350000000000E-003
   22.8103000000000       ,  -1.581035009888340E-003  ,  -3.445370000000000E-004
   22.8303000000000       ,  -1.756447406918280E-003  ,   1.083440000000000E-005
   22.8503000000000       ,  -1.776299405493292E-003  ,  -1.115830000000000E-005
   22.8703000000000       ,  -1.592947647906182E-003  ,  -1.235320000000000E-004
   22.8903000000000       ,  -1.232559199519132E-003  ,  -8.016940000000000E-005
   22.9103000000000       ,  -7.848030678541283E-004  ,   2.464960000000000E-004
   22.9303000000000       ,  -3.717942378163743E-004  ,   8.239230000000000E-004
   22.9503000000000       ,  -1.065516643216134E-004  ,   1.466410000000000E-003
   22.9703000000000       ,  -5.453886968448819E-005  ,   1.890950000000000E-003
   22.9903000000000       ,  -2.107586778297279E-004  ,   1.806770000000000E-003
   23.0103000000000       ,  -4.997696941660101E-004  ,   1.012710000000000E-003
   23.0303000000000       ,  -7.985691426936180E-004  ,  -5.268860000000000E-004
   23.0503000000000       ,  -9.749605353491017E-004  ,  -2.652130000000000E-003
   23.0703000000000       ,  -9.291481593214698E-004  ,  -5.035210000000000E-003
   23.0903000000000       ,  -6.254031356166726E-004  ,  -7.261580000000000E-003
   23.1103000000000       ,  -1.039524830707581E-004  ,  -8.940129999999999E-003
   23.1303000000000       ,   5.303780029793446E-004  ,  -9.814490000000000E-003
   23.1503000000000       ,   1.138881664950989E-003  ,  -9.838950000000001E-003
   23.1703000000000       ,   1.589202382647719E-003  ,  -9.195270000000000E-003
   23.1903000000000       ,   1.792531019419110E-003  ,  -8.242430000000000E-003
   23.2103000000000       ,   1.726554208637225E-003  ,  -7.411240000000000E-003
   23.2303000000000       ,   1.437774385341311E-003  ,  -7.073050000000000E-003
   23.2503000000000       ,   1.023497277784240E-003  ,  -7.421060000000000E-003
   23.2703000000000       ,   6.001102011684636E-004  ,  -8.401590000000000E-003
   23.2903000000000       ,   2.682368730867089E-004  ,  -9.717689999999999E-003
   23.3103000000000       ,   8.576784311188980E-005  ,  -1.090840000000000E-002
   23.3303000000000       ,   5.663649099680942E-005  ,  -1.148310000000000E-002
   23.3503000000000       ,   1.376970755985326E-004  ,  -1.107240000000000E-002
   23.3703000000000       ,   2.600579046321399E-004  ,  -9.553420000000000E-003
   23.3904000000000       ,   3.570493086095833E-004  ,  -7.105580000000000E-003
   23.4104000000000       ,   3.866982832556956E-004  ,  -4.181840000000000E-003
   23.4304000000000       ,   3.476599751455602E-004  ,  -1.397090000000000E-003
   23.4504000000000       ,   2.742970262723374E-004  ,   6.370710000000000E-004
   23.4703000000000       ,   2.214493449386521E-004  ,   1.481350000000000E-003
   23.4903000000000       ,   2.404163606681262E-004  ,   9.968170000000001E-004
   23.5103000000000       ,   3.593557136873054E-004  ,  -6.105890000000000E-004
   23.5303000000000       ,   5.692829187531872E-004  ,  -2.844680000000000E-003
   23.5504000000000       ,   8.267920959605657E-004  ,  -5.057080000000000E-003
   23.5704000000000       ,   1.062798483332787E-003  ,  -6.633670000000000E-003
   23.5904000000000       ,   1.213079613551434E-003  ,  -7.173550000000000E-003
   23.6104000000000       ,   1.235598336938962E-003  ,  -6.608400000000000E-003
   23.6303000000000       ,   1.127566051030366E-003  ,  -5.224910000000000E-003
   23.6503000000000       ,   9.248118135695120E-004  ,  -3.582500000000000E-003
   23.6703000000000       ,   6.942751480080307E-004  ,  -2.347090000000000E-003
   23.6903000000000       ,   5.116373899632765E-004  ,  -2.088350000000000E-003
   23.7103000000000       ,   4.380225527771475E-004  ,  -3.101080000000000E-003
   23.7304000000000       ,   5.021275430927984E-004  ,  -5.301550000000000E-003
   23.7504000000000       ,   6.905295051613508E-004  ,  -8.233160000000000E-003
   23.7704000000000       ,   9.552577514029268E-004  ,  -1.118220000000000E-002
   23.7904000000000       ,   1.229687727336133E-003  ,  -1.336450000000000E-002
   23.8104000000000       ,   1.450013056019355E-003  ,  -1.415060000000000E-002
   23.8304000000000       ,   1.574591997275094E-003  ,  -1.323530000000000E-002
   23.8504000000000       ,   1.594910634352771E-003  ,  -1.072680000000000E-002
   23.8704000000000       ,   1.535003468542712E-003  ,  -7.118790000000000E-003
   23.8904000000000       ,   1.440188280655363E-003  ,  -3.154660000000000E-003
   23.9104000000000       ,   1.359534121723798E-003  ,   3.717030000000000E-004
   23.9304000000000       ,   1.328385376455884E-003  ,   2.826000000000000E-003
   23.9504000000000       ,   1.356915888142697E-003  ,   3.889200000000000E-003
   23.9704000000000       ,   1.428288840240515E-003  ,   3.616600000000000E-003
   23.9904000000000       ,   1.506461487641460E-003  ,   2.384300000000000E-003
   24.0104000000000       ,   1.550281157675458E-003  ,   7.446680000000000E-004
   24.0304000000000       ,   1.528464393677160E-003  ,  -7.640670000000000E-004
   24.0504000000000       ,   1.430021214877659E-003  ,  -1.793270000000000E-003
   24.0704000000000       ,   1.266626862100013E-003  ,  -2.287640000000000E-003
   24.0904000000000       ,   1.066591894379632E-003  ,  -2.487620000000000E-003
   24.1104000000000       ,   8.632527764549065E-004  ,  -2.828320000000000E-003
   24.1304000000000       ,   6.826239360697409E-004  ,  -3.768850000000000E-003
   24.1504000000000       ,   5.352802096374439E-004  ,  -5.607330000000000E-003
   24.1704000000000       ,   4.156416793258519E-004  ,  -8.342759999999999E-003
   24.1904000000000       ,   3.087947152637051E-004  ,  -1.163070000000000E-002
   24.2104000000000       ,   2.018575035144656E-004  ,  -1.485460000000000E-002
   24.2304000000000       ,   9.488943743311331E-005  ,  -1.728290000000000E-002
   24.2504000000000       ,   6.261494864064284E-006  ,  -1.829300000000000E-002
   24.2704000000000       ,  -3.064310584926188E-005  ,  -1.756290000000000E-002
   24.2904000000000       ,   2.080403048187695E-005  ,  -1.519320000000000E-002
   24.3104000000000       ,   1.839571511414341E-004  ,  -1.171120000000000E-002
   24.3304000000000       ,   4.537086668963655E-004  ,  -7.950010000000000E-003
   24.3504000000000       ,   7.889678151865539E-004  ,  -4.838660000000000E-003
   24.3704000000000       ,   1.117023315228489E-003  ,  -3.156520000000000E-003
   24.3904000000000       ,   1.350119405604470E-003  ,  -3.324870000000000E-003
   24.4104000000000       ,   1.410187130828687E-003  ,  -5.295550000000000E-003
   24.4304000000000       ,   1.254315293999208E-003  ,  -8.567969999999999E-003
   24.4504000000000       ,   8.924791794112518E-004  ,  -1.233000000000000E-002
   24.4704000000000       ,   3.908084947701889E-004  ,  -1.568190000000000E-002
   24.4904000000000       ,  -1.421377689245111E-004  ,  -1.787990000000000E-002
   24.5104000000000       ,  -5.832710613682180E-004  ,  -1.852630000000000E-002
   24.5304000000000       ,  -8.294347898604907E-004  ,  -1.765890000000000E-002
   24.5504000000000       ,  -8.281994695977764E-004  ,  -1.571250000000000E-002
   24.5704000000000       ,  -5.953017356720193E-004  ,  -1.336950000000000E-002
   24.5904000000000       ,  -2.127060342486175E-004  ,  -1.134890000000000E-002
   24.6104000000000       ,   1.929842755886999E-004  ,  -1.019510000000000E-002
   24.6304000000000       ,   4.859790518435328E-004  ,  -1.013100000000000E-002
   24.6504000000000       ,   5.603812056911028E-004  ,  -1.101610000000000E-002
   24.6704000000000       ,   3.712829156974421E-004  ,  -1.241520000000000E-002
   24.6904000000000       ,  -5.152758500550172E-005  ,  -1.375860000000000E-002
   24.7104000000000       ,  -6.114943528392669E-004  ,  -1.453230000000000E-002
   24.7304000000000       ,  -1.172568461684577E-003  ,  -1.444390000000000E-002
   24.7504000000000       ,  -1.597670088037631E-003  ,  -1.350910000000000E-002
   24.7704000000000       ,  -1.786819294542468E-003  ,  -1.203610000000000E-002
   24.7904000000000       ,  -1.703627440460250E-003  ,  -1.051370000000000E-002
   24.8104000000000       ,  -1.382549835878678E-003  ,  -9.440799999999999E-003
   24.8304000000000       ,  -9.153227265285050E-004  ,  -9.154249999999999E-003
   24.8504000000000       ,  -4.214268812307440E-004  ,  -9.708740000000000E-003
   24.8704000000000       ,  -1.220336438713661E-005  ,  -1.084880000000000E-002
   24.8904000000000       ,   2.400990826311499E-004  ,  -1.208100000000000E-002
   24.9104000000000       ,   3.190172309282789E-004  ,  -1.282420000000000E-002
   24.9304000000000       ,   2.618478857235101E-004  ,  -1.259160000000000E-002
   24.9504000000000       ,   1.406094214014377E-004  ,  -1.114620000000000E-002
   24.9704000000000       ,   3.313889997596516E-005  ,  -8.583700000000000E-003
