 Q (1/Ang),S-S  ,S-F  ,F-F  
   0.71000 ,    -0.146497580887654E+02 ,    -0.168776265777078E+01 ,    -0.163209676821229E+01 , 
   0.73000 ,    -0.124248817764783E+02 ,    -0.911950549421127E+00 ,    -0.148126134622560E+01 , 
   0.75000 ,    -0.841241279407257E+01 ,     0.198437951807084E+00 ,    -0.118814264806777E+01 , 
   0.77000 ,    -0.393501333778732E+01 ,     0.127708032564757E+01 ,    -0.848368617675020E+00 , 
   0.79000 ,    -0.444224210179296E+00 ,     0.197530588375131E+01 ,    -0.571432513166964E+00 , 
   0.81000 ,     0.943327288288417E+00 ,     0.207335254570401E+01 ,    -0.445700071296285E+00 , 
   0.83000 ,    -0.201575574523055E+00 ,     0.154856045279965E+01 ,    -0.510387056163091E+00 , 
   0.85000 ,    -0.348907332576059E+01 ,     0.579825955515730E+00 ,    -0.743257446667267E+00 , 
   0.87000 ,    -0.783913683932202E+01 ,    -0.512044639393300E+00 ,    -0.106784934506325E+01 , 
   0.89000 ,    -0.118291707121548E+02 ,    -0.136839240276867E+01 ,    -0.137792758370919E+01 , 
   0.91000 ,    -0.141502116729890E+02 ,    -0.170788031519528E+01 ,    -0.157147264348506E+01 , 
   0.93000 ,    -0.140277717280739E+02 ,    -0.141641494828432E+01 ,    -0.158350806329143E+01 , 
   0.95000 ,    -0.114742896334103E+02 ,    -0.583682553148467E+00 ,    -0.140737817590922E+01 , 
   0.97000 ,    -0.729246750385972E+01 ,     0.524972835809768E+00 ,    -0.109763440658813E+01 , 
   0.99000 ,    -0.282640827016441E+01 ,     0.155240354968533E+01 ,    -0.753395932592064E+00 , 
   1.01000 ,     0.463451691744919E+00 ,     0.216301387969382E+01 ,    -0.487171545917880E+00 , 
   1.03000 ,     0.146952411581819E+01 ,     0.215024600770558E+01 ,    -0.388773973883879E+00 , 
   1.05000 ,    -0.197335692135360E+00 ,     0.150458091134879E+01 ,    -0.495670001283656E+00 , 
   1.07000 ,    -0.406343127650520E+01 ,     0.420492309982638E+00 ,    -0.779317681032596E+00 , 
   1.09000 ,    -0.891959701061772E+01 ,    -0.760561124725281E+00 ,    -0.115224247352110E+01 , 
   1.11000 ,    -0.131870621171076E+02 ,    -0.165443801642598E+01 ,    -0.149422426164672E+01 , 
   1.13000 ,    -0.154133774818832E+02 ,    -0.195462436986580E+01 ,    -0.168994131049515E+01 , 
   1.15000 ,    -0.147466947263299E+02 ,    -0.153198455013036E+01 ,    -0.166660547869317E+01 , 
   1.17000 ,    -0.112390660086475E+02 ,    -0.483018716071224E+00 ,    -0.141974431318633E+01 , 
   1.19000 ,    -0.587760527543424E+01 ,     0.889424160093993E+00 ,    -0.101853769967211E+01 , 
   1.21000 ,    -0.322598355174068E+00 ,     0.215926573018266E+01 ,    -0.588099030051886E+00 , 
   1.23000 ,     0.357963185658403E+01 ,     0.290156780660594E+01 ,    -0.273058201323580E+00 , 
   1.25000 ,     0.437062546458683E+01 ,     0.282306786618504E+01 ,    -0.192677423929247E+00 , 
   1.27000 ,     0.147087575849537E+01 ,     0.186126512274955E+01 ,    -0.400716877632124E+00 , 
   1.29000 ,    -0.456291420013314E+01 ,     0.222600563803515E+00 ,    -0.862398169452666E+00 , 
   1.31000 ,    -0.121017450399808E+02 ,    -0.165320039454071E+01 ,    -0.145625000817393E+01 , 
   1.33000 ,    -0.188258193978893E+02 ,    -0.319531868433711E+01 ,    -0.200162104091630E+01 , 
   1.35000 ,    -0.223280142706995E+02 ,    -0.384495117672166E+01 ,    -0.230520901326658E+01 , 
   1.37000 ,    -0.207773280480583E+02 ,    -0.320235597177901E+01 ,    -0.221424407011973E+01 , 
   1.39000 ,    -0.134590740196116E+02 ,    -0.113944619596221E+01 ,    -0.166166609985378E+01 , 
   1.41000 ,    -0.103909618210283E+01 ,     0.215164900778639E+01 ,    -0.690469772335546E+00 , 
   1.43000 ,     0.145268013780961E+02 ,     0.618714118249973E+01 ,     0.550113323016335E+00 , 
   1.45000 ,     0.304205029248885E+02 ,     0.102906683592356E+02 ,     0.183629613534277E+01 , 
   1.47000 ,     0.436167374265771E+02 ,     0.137386931032288E+02 ,     0.292136493152886E+01 , 
   1.49000 ,     0.515947867644104E+02 ,     0.159169199639116E+02 ,     0.359388179076549E+01 , 
   1.51000 ,     0.529218432927622E+02 ,     0.164505404397590E+02 ,     0.372731760468085E+01 , 
   1.53000 ,     0.475599357502882E+02 ,     0.152785270036402E+02 ,     0.330836383482229E+01 , 
   1.55000 ,     0.368248453430716E+02 ,     0.126566570894144E+02 ,     0.243701483336428E+01 , 
   1.57000 ,     0.230195196120892E+02 ,     0.909150162583520E+01 ,     0.129913269686108E+01 , 
   1.59000 ,     0.884958317198370E+01 ,     0.522374102712180E+01 ,     0.119454163451521E+00 , 
   1.61000 ,    -0.321870898393038E+01 ,     0.168998096509358E+01 ,    -0.892126415713148E+00 , 
   1.63000 ,    -0.114908442792661E+02 ,    -0.100458541735424E+01 ,    -0.158694514561838E+01 , 
   1.65000 ,    -0.153385759044602E+02 ,    -0.257504509120375E+01 ,    -0.190522642042715E+01 , 
   1.67000 ,    -0.152004555725625E+02 ,    -0.299045242734237E+01 ,    -0.187924512346693E+01 , 
   1.69000 ,    -0.123154165741843E+02 ,    -0.244963491786528E+01 ,    -0.161314763887693E+01 , 
   1.71000 ,    -0.828671275155183E+01 ,    -0.130991755130383E+01 ,    -0.124679100220823E+01 , 
   1.73000 ,    -0.461163989149111E+01 ,     0.106169214398562E-01 ,    -0.914739073859212E+00 , 
   1.75000 ,    -0.230946440366564E+01 ,     0.113259252305826E+01 ,    -0.711971254622082E+00 , 
   1.77000 ,    -0.173932308419494E+01 ,     0.179382447694794E+01 ,    -0.674989584167850E+00 , 
   1.79000 ,    -0.263586864328661E+01 ,     0.189125746774632E+01 ,    -0.781879457700245E+00 , 
   1.81000 ,    -0.432356845721318E+01 ,     0.148086969813254E+01 ,    -0.969118690421352E+00 , 
   1.83000 ,    -0.602098982124740E+01 ,     0.740420532807325E+00 ,    -0.115826642936485E+01 , 
   1.85000 ,    -0.712795290301302E+01 ,    -0.918875050502399E-01 ,    -0.128340296790508E+01 , 
   1.87000 ,    -0.740468464832816E+01 ,    -0.785452661952120E+00 ,    -0.131084738838037E+01 , 
   1.89000 ,    -0.699576760387266E+01 ,    -0.117485786334100E+01 ,    -0.124585737185804E+01 , 
   1.91000 ,    -0.630730407927269E+01 ,    -0.119409124105132E+01 ,    -0.112557524949088E+01 , 
   1.93000 ,    -0.579486294333460E+01 ,    -0.881442571777810E+00 ,    -0.100192680315760E+01 , 
   1.95000 ,    -0.574689351154595E+01 ,    -0.356870589983018E+00 ,    -0.921123244213608E+00 , 
   1.97000 ,    -0.614552256536561E+01 ,     0.219693363037957E+00 ,    -0.907022348868689E+00 , 
   1.99000 ,    -0.665607080184588E+01 ,     0.696554295942994E+00 ,    -0.953811634675108E+00 , 
   2.01000 ,    -0.674927783366510E+01 ,     0.971719153064887E+00 ,    -0.102998978803862E+01 , 
   2.03000 ,    -0.591234453970963E+01 ,     0.101700038779386E+01 ,    -0.109165861756511E+01 , 
   2.05000 ,    -0.387256620850303E+01 ,     0.879302679905612E+00 ,    -0.110001741712666E+01 , 
   2.07000 ,    -0.751266673969127E+00 ,     0.659954780490285E+00 ,    -0.103667320195178E+01 , 
   2.09000 ,     0.291207201564995E+01 ,     0.478817705817184E+00 ,    -0.911308440047039E+00 , 
   2.11000 ,     0.628248830606499E+01 ,     0.433865634396393E+00 ,    -0.759013266762140E+00 , 
   2.13000 ,     0.846621581952857E+01 ,     0.568020432844067E+00 ,    -0.628226371666528E+00 , 
   2.15000 ,     0.878846603152603E+01 ,     0.852958574348812E+00 ,    -0.563503365843450E+00 , 
   2.17000 ,     0.702248478995101E+01 ,     0.119491668906885E+01 ,    -0.589147643255448E+00 , 
   2.19000 ,     0.349222616624106E+01 ,     0.146138959925665E+01 ,    -0.699495545677504E+00 , 
   2.21000 ,    -0.991077288194145E+00 ,     0.152163290436646E+01 ,    -0.859430113157780E+00 , 
   2.23000 ,    -0.534618860000029E+01 ,     0.128965568040472E+01 ,    -0.101524391215712E+01 , 
   2.25000 ,    -0.853109271380881E+01 ,     0.757125457578927E+00 ,    -0.111242799411880E+01 , 
   2.27000 ,    -0.985090111504449E+01 ,     0.578317585331922E-02 ,    -0.111451080408049E+01 , 
   2.29000 ,    -0.916840295712631E+01 ,    -0.805842487303513E+00 ,    -0.101653626202652E+01 , 
   2.31000 ,    -0.694860933556873E+01 ,    -0.147968591708945E+01 ,    -0.848360835739842E+00 , 
   2.33000 ,    -0.411822853549601E+01 ,    -0.183073636726440E+01 ,    -0.666180000535321E+00 , 
   2.35000 ,    -0.177782562456716E+01 ,    -0.174141900057728E+01 ,    -0.534540628017793E+00 , 
   2.37000 ,    -0.850992174039408E+00 ,    -0.120272576949145E+01 ,    -0.504319950993508E+00 , 
   2.39000 ,    -0.177661908634225E+01 ,    -0.329628972049949E+00 ,    -0.593698385922220E+00 , 
   2.41000 ,    -0.434019030836974E+01 ,     0.655522570481498E+00 ,    -0.778488395185656E+00 , 
   2.43000 ,    -0.770044408363345E+01 ,     0.146964980527953E+01 ,    -0.995466586570927E+00 , 
   2.45000 ,    -0.106103112889462E+02 ,     0.183542984110626E+01 ,    -0.115840468252161E+01 , 
   2.47000 ,    -0.117728033433547E+02 ,     0.155149999331245E+01 ,    -0.118252120104369E+01 , 
   2.49000 ,    -0.102309454973163E+02 ,     0.548382348896351E+00 ,    -0.101031750628382E+01 , 
   2.51000 ,    -0.567852085309320E+01 ,    -0.108499476444479E+01 ,    -0.631094277510855E+00 , 
   2.53000 ,     0.140077820501810E+01 ,    -0.311225930167083E+01 ,    -0.881052550279728E-01 , 
   2.55000 ,     0.981013464614599E+01 ,    -0.519666635885323E+01 ,     0.529181636376805E+00 , 
   2.57000 ,     0.179153824342629E+02 ,    -0.697351848032297E+01 ,     0.110592545286128E+01 , 
   2.59000 ,     0.240461890263328E+02 ,    -0.813041436519536E+01 ,     0.153023295193120E+01 , 
   2.61000 ,     0.269135095497020E+02 ,    -0.847555849344455E+01 ,     0.172113973411176E+01 , 
   2.63000 ,     0.259298701380741E+02 ,    -0.797732361523713E+01 ,     0.164852444102979E+01 , 
   2.65000 ,     0.213469205722052E+02 ,    -0.676568492712478E+01 ,     0.133956940396832E+01 , 
   2.67000 ,     0.141763454238311E+02 ,    -0.509605095699016E+01 ,     0.870257810975640E+00 , 
   2.69000 ,     0.592045697908271E+01 ,    -0.328570480020771E+01 ,     0.344645885158427E+00 , 
   2.71000 ,    -0.180976447630181E+01 ,    -0.163988963149543E+01 ,    -0.131989001598361E+00 , 
   2.73000 ,    -0.768321772171367E+01 ,    -0.386673279105938E+00 ,    -0.478517281449578E+00 , 
   2.75000 ,    -0.109402677310782E+02 ,     0.363411095295754E+00 ,    -0.654982027046134E+00 , 
   2.77000 ,    -0.115151910062920E+02 ,     0.624363102496859E+00 ,    -0.667129375069187E+00 , 
   2.79000 ,    -0.996763561997675E+01 ,     0.509283270808381E+00 ,    -0.558103158022406E+00 , 
   2.81000 ,    -0.725544712047118E+01 ,     0.182319026903556E+00 ,    -0.390698539944782E+00 , 
   2.83000 ,    -0.442358269210434E+01 ,    -0.196485440371847E+00 ,    -0.226120973155879E+00 , 
   2.85000 ,    -0.230273944128038E+01 ,    -0.516908309938960E+00 ,    -0.105846333474291E+00 , 
   2.87000 ,    -0.130240438271569E+01 ,    -0.742177370790705E+00 ,    -0.418093770430800E-01 , 
   2.89000 ,    -0.135022148779069E+01 ,    -0.905289664338391E+00 ,    -0.172624016274528E-01 , 
   2.91000 ,    -0.198358723434107E+01 ,    -0.108150411748406E+01 ,     0.280920639743683E-02 , 
   2.93000 ,    -0.255431156762966E+01 ,    -0.134777647259817E+01 ,     0.557663841818215E-01 , 
   2.95000 ,    -0.247616635386587E+01 ,    -0.174360158504391E+01 ,     0.165476951000947E+00 , 
   2.97000 ,    -0.143657254621087E+01 ,    -0.224677579953451E+01 ,     0.331852872214992E+00 , 
   2.99000 ,     0.491089108472178E+00 ,    -0.277237689932435E+01 ,     0.529105304142033E+00 , 
   3.01000 ,     0.286475743367887E+01 ,    -0.319547638681215E+01 ,     0.713114399701209E+00 , 
   3.03000 ,     0.501019862202564E+01 ,    -0.339022333865252E+01 ,     0.835338247741899E+00 , 
   3.05000 ,     0.623093440600818E+01 ,    -0.327245678804017E+01 ,     0.858623206665926E+00 , 
   3.07000 ,     0.602571135976721E+01 ,    -0.283164213733814E+01 ,     0.769750164065015E+00 , 
   3.09000 ,     0.424808899208201E+01 ,    -0.214112133439221E+01 ,     0.584680640872588E+00 , 
   3.11000 ,     0.116249891048238E+01 ,    -0.134242421584899E+01 ,     0.344850897874891E+00 , 
   3.13000 ,    -0.261665605132016E+01 ,    -0.607597842845189E+00 ,     0.105715412375665E+00 , 
   3.15000 ,    -0.628181939040188E+01 ,    -0.905958367240259E-01 ,    -0.788484492727101E-01 , 
   3.17000 ,    -0.903751052775813E+01 ,     0.117508946211850E+00 ,    -0.171442442534552E+00 , 
   3.19000 ,    -0.102953018170784E+02 ,     0.155720697485317E-01 ,    -0.160846443408884E+00 , 
   3.21000 ,    -0.980632559498384E+01 ,    -0.307026254282956E+00 ,    -0.637275123623470E-01 , 
   3.23000 ,    -0.770008839676610E+01 ,    -0.696954782600480E+00 ,     0.818836998950297E-01 , 
   3.25000 ,    -0.442674243064912E+01 ,    -0.983059394702840E+00 ,     0.229047524158191E+00 , 
   3.27000 ,    -0.626859243416098E+00 ,    -0.102833115191709E+01 ,     0.336252719261286E+00 , 
   3.29000 ,     0.302959813693181E+01 ,    -0.772039905234106E+00 ,     0.379164481849964E+00 , 
   3.31000 ,     0.598940741718775E+01 ,    -0.249181708535700E+00 ,     0.356301234645257E+00 , 
   3.33000 ,     0.791123219617704E+01 ,     0.418832381791415E+00 ,     0.287207232439358E+00 , 
   3.35000 ,     0.869275070898916E+01 ,     0.105963040760310E+01 ,     0.204114771179562E+00 , 
   3.37000 ,     0.843458423905554E+01 ,     0.150091033583235E+01 ,     0.140114237082013E+00 , 
   3.39000 ,     0.736352776625253E+01 ,     0.162170334624661E+01 ,     0.117842087602713E+00 , 
   3.41000 ,     0.574607978444228E+01 ,     0.138839442492582E+01 ,     0.142371481558594E+00 , 
   3.43000 ,     0.382087417763484E+01 ,     0.864600776349103E+00 ,     0.200489887089095E+00 , 
   3.45000 ,     0.176725222111671E+01 ,     0.191912131398088E+00 ,     0.266385452360231E+00 , 
   3.47000 ,    -0.288478707290815E+00 ,    -0.452670072657644E+00 ,     0.311650378501677E+00 , 
   3.49000 ,    -0.224189757533760E+01 ,    -0.909682850873577E+00 ,     0.316123416868252E+00 , 
   3.51000 ,    -0.397544104891777E+01 ,    -0.108446876108666E+01 ,     0.275865568970914E+00 , 
   3.53000 ,    -0.534018382154988E+01 ,    -0.974407662317091E+00 ,     0.205544600792144E+00 , 
   3.55000 ,    -0.616691525242440E+01 ,    -0.667843738889692E+00 ,     0.134359391786301E+00 , 
   3.57000 ,    -0.630620601810419E+01 ,    -0.315039228562530E+00 ,     0.967563604780134E-01 , 
   3.59000 ,    -0.568449151685843E+01 ,    -0.799956570962534E-01 ,     0.120895322813136E+00 , 
   3.61000 ,    -0.435516792967731E+01 ,    -0.878209072456907E-01 ,     0.218572793153258E+00 , 
   3.63000 ,    -0.252311677154875E+01 ,    -0.383718027367613E+00 ,     0.379879380612222E+00 , 
   3.65000 ,    -0.528195163092401E+00 ,    -0.916207645158595E+00 ,     0.574403316324826E+00 , 
   3.67000 ,     0.121426220951988E+01 ,    -0.154991877680163E+01 ,     0.758764928279377E+00 , 
   3.69000 ,     0.230403965416216E+01 ,    -0.210438931046837E+01 ,     0.888315425705268E+00 , 
   3.71000 ,     0.245510639293412E+01 ,    -0.240748404252140E+01 ,     0.929560711444896E+00 , 
   3.73000 ,     0.157629489617013E+01 ,    -0.234761206551400E+01 ,     0.869657932317896E+00 , 
   3.75000 ,    -0.189642040949593E+00 ,    -0.190921992009738E+01 ,     0.720225005218412E+00 , 
   3.77000 ,    -0.248142684037709E+01 ,    -0.118094424910384E+01 ,     0.514407020739768E+00 , 
   3.79000 ,    -0.478782054119278E+01 ,    -0.333842143643427E+00 ,     0.298123951815025E+00 , 
   3.81000 ,    -0.655429094088403E+01 ,     0.424126675381972E+00 ,     0.118078945384928E+00 , 
   3.83000 ,    -0.730307211120464E+01 ,     0.904310898487339E+00 ,     0.995186904217945E-02 , 
   3.85000 ,    -0.673882046153539E+01 ,     0.988221330552658E+00 ,    -0.998259884095599E-02 , 
   3.87000 ,    -0.481604296527398E+01 ,     0.658697946485315E+00 ,     0.523092293446140E-01 , 
   3.89000 ,    -0.175403992980356E+01 ,     0.292203542807862E-02 ,     0.171776465948024E+00 , 
   3.91000 ,     0.200254257531931E+01 ,    -0.812985259385569E+00 ,     0.312169154580667E+00 , 
   3.93000 ,     0.586756570823910E+01 ,    -0.158992982321005E+01 ,     0.436152965300203E+00 , 
   3.95000 ,     0.922299715007108E+01 ,    -0.214889445514975E+01 ,     0.514723884388923E+00 , 
   3.97000 ,     0.115317279920874E+02 ,    -0.237601404997394E+01 ,     0.533442991518927E+00 , 
   3.99000 ,     0.124322056080593E+02 ,    -0.224745120497576E+01 ,     0.494140457590525E+00 , 
   4.01000 ,     0.117986073426828E+02 ,    -0.182812651366615E+01 ,     0.412156113753847E+00 , 
   4.03000 ,     0.975772761542645E+01 ,    -0.124613002239371E+01 ,     0.310442287633316E+00 , 
   4.05000 ,     0.666175262763470E+01 ,    -0.651569051243480E+00 ,     0.212588892935748E+00 , 
   4.07000 ,     0.302325583632324E+01 ,    -0.172679862783689E+00 ,     0.136869114127780E+00 , 
   4.09000 ,    -0.575761522451929E+00 ,     0.117851793428477E+00 ,     0.928063265407357E-01 , 
   4.11000 ,    -0.358546011132605E+01 ,     0.217136611610237E+00 ,     0.807836612255291E-01 , 
   4.13000 ,    -0.558360328365158E+01 ,     0.183968638814655E+00 ,     0.942089475581964E-01 , 
   4.15000 ,    -0.634869135611950E+01 ,     0.112317974118749E+00 ,     0.123037346262249E+00 , 
   4.17000 ,    -0.589743656154872E+01 ,     0.957801544254368E-01 ,     0.157239702393014E+00 , 
   4.19000 ,    -0.447830127174655E+01 ,     0.194646257903653E+00 ,     0.189099359172229E+00 , 
   4.21000 ,    -0.251997909841257E+01 ,     0.415912078841056E+00 ,     0.213862103806851E+00 , 
   4.23000 ,    -0.542195574607960E+00 ,     0.712082605676322E+00 ,     0.228985398157233E+00 , 
   4.25000 ,     0.955378356104037E+00 ,     0.998519804502540E+00 ,     0.232761176413764E+00 , 
   4.27000 ,     0.160391747643950E+01 ,     0.118325068413028E+01 ,     0.223239735958382E+00 , 
   4.29000 ,     0.125140902811076E+01 ,     0.119937739345072E+01 ,     0.198129995518982E+00 , 
   4.31000 ,     0.239383864645466E-02 ,     0.102960993668879E+01 ,     0.155817439968495E+00 , 
   4.33000 ,    -0.180110607588380E+01 ,     0.715079789582069E+00 ,     0.970519712416860E-01 , 
   4.35000 ,    -0.365694027130973E+01 ,     0.345598165047171E+00 ,     0.264561402484856E-01 , 
   4.37000 ,    -0.502337482395366E+01 ,     0.343084685753170E-01 ,    -0.470421494430591E-01 , 
   4.39000 ,    -0.545551262496180E+01 ,    -0.115533619394643E+00 ,    -0.111407881913663E+00 , 
   4.41000 ,    -0.472401091354881E+01 ,    -0.415685139995347E-01 ,    -0.154273154025536E+00 , 
   4.43000 ,    -0.288462206439228E+01 ,     0.258213548439980E+00 ,    -0.166575970228206E+00 , 
   4.45000 ,    -0.277821139203598E+00 ,     0.723376436862915E+00 ,    -0.145899837412891E+00 , 
   4.47000 ,     0.254503878014606E+01 ,     0.124688955198949E+01 ,    -0.982879767138297E-01 , 
   4.49000 ,     0.495324526231962E+01 ,     0.170422729507720E+01 ,    -0.376858639072693E-01 , 
   4.51000 ,     0.639384095384485E+01 ,     0.198722595637866E+01 ,     0.171162249351839E-01 , 
   4.53000 ,     0.653383242186420E+01 ,     0.203299574264176E+01 ,     0.473423756201911E-01 , 
   4.55000 ,     0.534927721861240E+01 ,     0.183983541428200E+01 ,     0.395372018762785E-01 , 
   4.57000 ,     0.313597196112471E+01 ,     0.146603409094163E+01 ,    -0.102883145114636E-01 , 
   4.59000 ,     0.436929091509547E+00 ,     0.101244045924287E+01 ,    -0.950205321492696E-01 , 
   4.61000 ,    -0.209563520200365E+01 ,     0.594239440826697E+00 ,    -0.197956783409499E+00 , 
   4.63000 ,    -0.386777367904638E+01 ,     0.310193048872587E+00 ,    -0.297161549461388E+00 , 
   4.65000 ,    -0.449596704904365E+01 ,     0.217934074608573E+00 ,    -0.371468546251926E+00 , 
   4.67000 ,    -0.390276690665253E+01 ,     0.321766730785698E+00 ,    -0.406388422693430E+00 , 
   4.69000 ,    -0.232989490692769E+01 ,     0.575565561762443E+00 ,    -0.398166194053906E+00 , 
   4.71000 ,    -0.265459853705914E+00 ,     0.898978765925381E+00 ,    -0.354761694930956E+00 , 
   4.73000 ,     0.169419491603145E+01 ,     0.120152967391986E+01 ,    -0.293443090951846E+00 , 
   4.75000 ,     0.300929638266002E+01 ,     0.140736854819526E+01 ,    -0.235705352340767E+00 , 
   4.77000 ,     0.334209274154883E+01 ,     0.147377915398253E+01 ,    -0.201034150113634E+00 , 
   4.79000 ,     0.264273234240843E+01 ,     0.139884647266532E+01 ,    -0.201378031143882E+00 , 
   4.81000 ,     0.115259143948109E+01 ,     0.121714325633797E+01 ,    -0.237961408563178E+00 , 
   4.83000 ,    -0.674212533740433E+00 ,     0.985808019764255E+00 ,    -0.301341528565422E+00 , 
   4.85000 ,    -0.230707240261014E+01 ,     0.765933707368824E+00 ,    -0.374614233109702E+00 , 
   4.87000 ,    -0.329271349074032E+01 ,     0.605089830449385E+00 ,    -0.438718906260085E+00 , 
   4.89000 ,    -0.338206986513074E+01 ,     0.525920969392556E+00 ,    -0.478178519827347E+00 , 
   4.91000 ,    -0.259435732301770E+01 ,     0.523501279557178E+00 ,    -0.485521934348526E+00 , 
   4.93000 ,    -0.120145931478596E+01 ,     0.571261830330973E+00 ,    -0.463090575371978E+00 , 
   4.95000 ,     0.360663191800483E+00 ,     0.632750636288886E+00 ,    -0.421777167171357E+00 , 
   4.97000 ,     0.162561905750595E+01 ,     0.674979630352463E+00 ,    -0.377207220174917E+00 , 
   4.99000 ,     0.223477978191331E+01 ,     0.679030064654423E+00 ,    -0.344649834875510E+00 , 
   5.01000 ,     0.203912436841067E+01 ,     0.644839247328750E+00 ,    -0.334294201778133E+00 , 
   5.03000 ,     0.113558762841902E+01 ,     0.589188192845762E+00 ,    -0.348353254951313E+00 , 
   5.05000 ,    -0.171066405163103E+00 ,     0.538140403462995E+00 ,    -0.380826201503393E+00 , 
   5.07000 ,    -0.146739377128162E+01 ,     0.516846748030120E+00 ,    -0.419879644948835E+00 , 
   5.09000 ,    -0.236004726205592E+01 ,     0.540255965667282E+00 ,    -0.451976857489380E+00 , 
   5.11000 ,    -0.259462340004196E+01 ,     0.607736024029892E+00 ,    -0.466359669481298E+00 , 
   5.13000 ,    -0.212891045410311E+01 ,     0.703166942269277E+00 ,    -0.458426074349461E+00 , 
   5.15000 ,    -0.113941080232836E+01 ,     0.800224032589572E+00 ,    -0.430954775796621E+00 , 
   5.17000 ,     0.393709334566089E-01 ,     0.870932718927598E+00 ,    -0.392860423820264E+00 , 
   5.19000 ,     0.102301763025736E+01 ,     0.894638704875385E+00 ,    -0.355974683232977E+00 , 
   5.21000 ,     0.149883599355192E+01 ,     0.864546115078716E+00 ,    -0.330974285069868E+00 , 
   5.23000 ,     0.132371704011414E+01 ,     0.789867840394315E+00 ,    -0.323820570412575E+00 , 
   5.25000 ,     0.568741891453557E+00 ,     0.693075098773617E+00 ,    -0.333867568606256E+00 , 
   5.27000 ,    -0.502354872421547E+00 ,     0.603248733732609E+00 ,    -0.354217078237345E+00 , 
   5.29000 ,    -0.151358837056711E+01 ,     0.547655611824410E+00 ,    -0.374147622491704E+00 , 
   5.31000 ,    -0.209112553979648E+01 ,     0.544086252559582E+00 ,    -0.382768756498721E+00 , 
   5.33000 ,    -0.197703522584364E+01 ,     0.596119850840281E+00 ,    -0.372671154558714E+00 , 
   5.35000 ,    -0.110852562822729E+01 ,     0.692498730083851E+00 ,    -0.342373074104792E+00 , 
   5.37000 ,     0.360309817350605E+00 ,     0.810537003798765E+00 ,    -0.296785193303718E+00 , 
   5.39000 ,     0.209974918536515E+01 ,     0.922352934206119E+00 ,    -0.245581391319459E+00 , 
   5.41000 ,     0.369555052593861E+01 ,     0.100202524858122E+01 ,    -0.200049613873406E+00 , 
   5.43000 ,     0.476250583397608E+01 ,     0.103169119088010E+01 ,    -0.169479853066234E+00 , 
   5.45000 ,     0.504729975961182E+01 ,     0.100509198966652E+01 ,    -0.158272632081992E+00 , 
   5.47000 ,     0.449174952887648E+01 ,     0.927926750655454E+00 ,    -0.164688467235295E+00 , 
   5.49000 ,     0.324007237085731E+01 ,     0.815308081678729E+00 ,    -0.181601813758395E+00 , 
   5.51000 ,     0.159070252434502E+01 ,     0.687342394621650E+00 ,    -0.198961100449500E+00 , 
   5.53000 ,    -0.908260952832016E-01 ,     0.564200536795329E+00 ,    -0.207108580428886E+00 , 
   5.55000 ,    -0.147102356983532E+01 ,     0.461956594212685E+00 ,    -0.199856321111643E+00 , 
   5.57000 ,    -0.233075956435637E+01 ,     0.390047106808234E+00 ,    -0.176324861332248E+00 , 
   5.59000 ,    -0.260857526122853E+01 ,     0.350621257622826E+00 ,    -0.140983703076142E+00 , 
   5.61000 ,    -0.239569125170924E+01 ,     0.339515385673991E+00 ,    -0.101938012659957E+00 , 
   5.63000 ,    -0.188829353731868E+01 ,     0.348244445307314E+00 ,    -0.680806934933489E-01 , 
   5.65000 ,    -0.131497351959671E+01 ,     0.366319910890448E+00 ,    -0.460851243270137E-01 , 
   5.67000 ,    -0.863320911061287E+00 ,     0.383342383035864E+00 ,    -0.382393941742539E-01 , 
   5.69000 ,    -0.628103501964249E+00 ,     0.390573584037678E+00 ,    -0.418172960934147E-01 , 
   5.71000 ,    -0.595131453697545E+00 ,     0.381942636920552E+00 ,    -0.501533065739316E-01 , 
   5.73000 ,    -0.662749889682963E+00 ,     0.354591410873591E+00 ,    -0.550179101760964E-01 , 
   5.75000 ,    -0.690912806711069E+00 ,     0.309081015138611E+00 ,    -0.494658146722873E-01 , 
   5.77000 ,    -0.559688492064803E+00 ,     0.249300060277981E+00 ,    -0.301900971252591E-01 , 
   5.79000 ,    -0.217154280324255E+00 ,     0.182012334398996E+00 ,     0.139949903527857E-02 , 
   5.81000 ,     0.298780718994069E+00 ,     0.115938983008894E+00 ,     0.397139540902856E-01 , 
   5.83000 ,     0.870814271181268E+00 ,     0.603362002012746E-01 ,     0.769308512610888E-01 , 
   5.85000 ,     0.134034876862618E+01 ,     0.231952323471372E-01 ,     0.105673093243160E+00 , 
   5.87000 ,     0.155983408511396E+01 ,     0.939363329179892E-02 ,     0.121509271688103E+00 , 
   5.89000 ,     0.144181928008166E+01 ,     0.192721386271204E-01 ,     0.124436355884198E+00 , 
   5.91000 ,     0.988844181211237E+00 ,     0.481166433118909E-01 ,     0.118855933362347E+00 , 
   5.93000 ,     0.294973550309584E+00 ,     0.868526085505540E-01 ,     0.112063944261893E+00 , 
   5.95000 ,    -0.480885482555215E+00 ,     0.123940049457706E+00 ,     0.111769613984908E+00 , 
   5.96999 ,    -0.116053028685315E+01 ,     0.148076519856709E+00 ,     0.123468593531542E+00 , 
   5.99000 ,    -0.159814244040996E+01 ,     0.151071794904786E+00 ,     0.148607827850015E+00 , 
   6.00999 ,    -0.171650051063978E+01 ,     0.129954800623326E+00 ,     0.183949290180614E+00 , 
   6.03000 ,    -0.152627915809962E+01 ,     0.877814334408197E-01 ,     0.222759512465616E+00 , 
   6.05000 ,    -0.111492083005073E+01 ,     0.329175046568110E-01 ,     0.256759800510941E+00 , 
   6.06999 ,    -0.615159198527681E+00 ,    -0.234233409259296E-01 ,     0.278972425519510E+00 , 
   6.09000 ,    -0.161317989185279E+00 ,    -0.704179793335719E-01 ,     0.285907517764642E+00 , 
   6.10999 ,     0.147632537605330E+00 ,    -0.100490197861704E+00 ,     0.278626381626484E+00 , 
   6.13000 ,     0.275535150614554E+00 ,    -0.111739320899254E+00 ,     0.262410822585265E+00 , 
   6.14999 ,     0.249555593912837E+00 ,    -0.108159793167861E+00 ,     0.245079896364208E+00 , 
   6.17000 ,     0.143282520794723E+00 ,    -0.983832352559562E-01 ,     0.234403870492956E+00 , 
   6.18999 ,     0.451417226866251E-01 ,    -0.928895978430189E-01 ,     0.235760314180577E+00 , 
   6.21000 ,     0.243334439700362E-01 ,    -0.100632866566860E+00 ,     0.250455128314532E+00 , 
   6.22999 ,     0.106928967704712E+00 ,    -0.126178807811642E+00 ,     0.275423570718674E+00 , 
   6.25000 ,     0.268329433470123E+00 ,    -0.168299036240213E+00 ,     0.304449223597628E+00 , 
   6.26999 ,     0.443800767051393E+00 ,    -0.220141682852305E+00 ,     0.330111288004858E+00 , 
   6.29000 ,     0.554572537502495E+00 ,    -0.271663493248307E+00 ,     0.346398480347517E+00 , 
   6.30999 ,     0.536806481339758E+00 ,    -0.312483630746651E+00 ,     0.350449643014289E+00 , 
   6.33000 ,     0.366782910162960E+00 ,    -0.335561942708206E+00 ,     0.343484233583839E+00 , 
   6.34999 ,     0.720356516205286E-01 ,    -0.339255460752088E+00 ,     0.330233923948233E+00 , 
   6.37000 ,    -0.276154770771015E+00 ,    -0.328133536582297E+00 ,     0.317239150663377E+00 , 
   6.38999 ,    -0.581885239824750E+00 ,    -0.311630785647064E+00 ,     0.310691747495525E+00 , 
   6.41000 ,    -0.755983239926971E+00 ,    -0.301153795675487E+00 ,     0.314300855920321E+00 , 
   6.42999 ,    -0.741364716853791E+00 ,    -0.306641304748270E+00 ,     0.328116608999517E+00 , 
   6.45000 ,    -0.531359657720301E+00 ,    -0.333417548081592E+00 ,     0.348568959978606E+00 , 
   6.46999 ,    -0.171703999259879E+00 ,    -0.380397251987984E+00 ,     0.369574278703095E+00 , 
   6.49000 ,     0.254535444938227E+00 ,    -0.440485760524965E+00 ,     0.384647255246134E+00 , 
   6.50999 ,     0.648760621534830E+00 ,    -0.502290365321134E+00 ,     0.388850993969533E+00 , 
   6.53000 ,     0.926983112509861E+00 ,    -0.553843091267386E+00 ,     0.380419536188314E+00 , 
   6.55000 ,     0.103876871743925E+01 ,    -0.585695001808684E+00 ,     0.361200649754078E+00 , 
   6.56999 ,     0.979358064619300E+00 ,    -0.593927714797237E+00 ,     0.335978529139948E+00 , 
   6.59000 ,     0.784825139646009E+00 ,    -0.581049890535601E+00 ,     0.310813292482502E+00 , 
   6.60999 ,     0.517983706845590E+00 ,    -0.555176090493058E+00 ,     0.291214386197072E+00 , 
   6.63000 ,     0.246153569777971E+00 ,    -0.527422549605002E+00 ,     0.280290147998830E+00 , 
   6.64999 ,     0.233965573400956E-01 ,    -0.508701392720334E+00 ,     0.278028147524322E+00 , 
   6.67000 ,    -0.123763743593132E+00 ,    -0.506363451284703E+00 ,     0.281412435898974E+00 , 
   6.68999 ,    -0.196693429867354E+00 ,    -0.522260565121806E+00 ,     0.285617315742781E+00 , 
   6.71000 ,    -0.218118664490011E+00 ,    -0.552393111933941E+00 ,     0.285713501864019E+00 , 
   6.72999 ,    -0.217852133907596E+00 ,    -0.588221370757930E+00 ,     0.278311888994173E+00 , 
   6.75000 ,    -0.219115028116230E+00 ,    -0.619570521199735E+00 ,     0.262613302335841E+00 , 
   6.76999 ,    -0.229236863600081E+00 ,    -0.637519772728449E+00 ,     0.240612341158450E+00 , 
   6.79000 ,    -0.238313976071477E+00 ,    -0.637222681997693E+00 ,     0.216186335410189E+00 , 
   6.80999 ,    -0.225572507007472E+00 ,    -0.619115530088258E+00 ,     0.193826182666388E+00 , 
   6.83000 ,    -0.170616865524374E+00 ,    -0.588625910336214E+00 ,     0.176903010714049E+00 , 
   6.84999 ,    -0.651024714886798E-01 ,    -0.554540287212448E+00 ,     0.166677791829817E+00 , 
   6.87000 ,     0.806494800915822E-01 ,    -0.526172894982953E+00 ,     0.161801911225302E+00 , 
   6.88999 ,     0.237081248267291E+00 ,    -0.510919445302410E+00 ,     0.158925790521977E+00 , 
   6.91000 ,     0.364162245779824E+00 ,    -0.512127449493240E+00 ,     0.153858165556848E+00 , 
   6.92999 ,     0.422975786459130E+00 ,    -0.528535105796425E+00 ,     0.143084099778140E+00 , 
   6.95000 ,     0.389757514708379E+00 ,    -0.554989633728413E+00 ,     0.124940580971614E+00 , 
   6.96999 ,     0.264596234083370E+00 ,    -0.584126965459151E+00 ,     0.100281611756101E+00 , 
   6.99000 ,     0.728306095906253E-01 ,    -0.608803183669937E+00 ,     0.720650215085933E-01 , 
   7.00999 ,    -0.140572023301597E+00 ,    -0.623903286096986E+00 ,     0.445270699304920E-01 , 
   7.02999 ,    -0.324942023118638E+00 ,    -0.627703762661159E+00 ,     0.215909494582920E-01 , 
   7.04999 ,    -0.437558844205360E+00 ,    -0.621835922171549E+00 ,     0.571849249932905E-02 , 
   7.06999 ,    -0.456253617635957E+00 ,    -0.610387415286880E+00 ,    -0.293462517840126E-02 , 
   7.08999 ,    -0.384892425963816E+00 ,    -0.598300614522871E+00 ,    -0.649846924335292E-02 , 
   7.10999 ,    -0.250867634274662E+00 ,    -0.589693634434592E+00 ,    -0.862043754173959E-02 , 
   7.12999 ,    -0.955763575818911E-01 ,    -0.586626933978747E+00 ,    -0.132085414245111E-01 , 
   7.14999 ,     0.387639301906531E-01 ,    -0.588661112576766E+00 ,    -0.231199690672360E-01 , 
   7.16999 ,     0.121535917655047E+00 ,    -0.593269302955210E+00 ,    -0.392386213626788E-01 , 
   7.18999 ,     0.141400437203835E+00 ,    -0.596888115853357E+00 ,    -0.602450573171512E-01 , 
   7.20999 ,     0.107033120271699E+00 ,    -0.596204203244612E+00 ,    -0.831416507408391E-01 , 
   7.22999 ,     0.411869969951553E-01 ,    -0.589232787417892E+00 ,    -0.104337857867107E+00 , 
   7.24999 ,    -0.293673823378738E-01 ,    -0.575852253325499E+00 ,    -0.120913009220117E+00 , 
   7.26999 ,    -0.841572961039114E-01 ,    -0.557668641956537E+00 ,    -0.131619533593762E+00 , 
   7.28999 ,    -0.115800853298135E+00 ,    -0.537318723642021E+00 ,    -0.137284661300949E+00 , 
   7.30999 ,    -0.130932370603230E+00 ,    -0.517500266141893E+00 ,    -0.140479193419347E+00 , 
   7.32999 ,    -0.145160241117154E+00 ,    -0.500086748553923E+00 ,    -0.144574947511934E+00 , 
   7.34999 ,    -0.174205660199396E+00 ,    -0.485625674593277E+00 ,    -0.152521537342444E+00 , 
   7.36999 ,    -0.224816907121270E+00 ,    -0.473363049991513E+00 ,    -0.165767593285593E+00 , 
   7.38999 ,    -0.289179708153646E+00 ,    -0.461741381836732E+00 ,    -0.183700290510482E+00 , 
   7.40999 ,    -0.345297566913308E+00 ,    -0.449154225648325E+00 ,    -0.203798649566788E+00 , 
   7.42999 ,    -0.363629856848333E+00 ,    -0.434661873615906E+00 ,    -0.222451898537516E+00 , 
   7.44999 ,    -0.317918404517844E+00 ,    -0.418402838599292E+00 ,    -0.236167364233636E+00 , 
   7.46999 ,    -0.196443497857450E+00 ,    -0.401558426616702E+00 ,    -0.242759524353491E+00 , 
   7.48999 ,    -0.954509755165175E-02 ,    -0.385895774707044E+00 ,    -0.242117377873382E+00 , 
   7.50999 ,     0.209695095751954E+00 ,    -0.373067503036344E+00 ,    -0.236288634166304E+00 , 
   7.52999 ,     0.412514286065098E+00 ,    -0.363930658631987E+00 ,    -0.228848173691872E+00 , 
   7.54999 ,     0.547558003695341E+00 ,    -0.358136675225245E+00 ,    -0.223757498429470E+00 , 
   7.56999 ,     0.576132798567907E+00 ,    -0.354144447890795E+00 ,    -0.224091267640892E+00 , 
   7.58999 ,     0.484814780898643E+00 ,    -0.349657561357868E+00 ,    -0.231050304256679E+00 , 
   7.60999 ,     0.291226065938581E+00 ,    -0.342338005906222E+00 ,    -0.243584063252722E+00 , 
   7.62999 ,     0.408085169870188E-01 ,    -0.330553682984218E+00 ,    -0.258742638314074E+00 , 
   7.64999 ,    -0.204791211137579E+00 ,    -0.313907003985721E+00 ,    -0.272637336428323E+00 , 
   7.66999 ,    -0.384452815884362E+00 ,    -0.293368265005253E+00 ,    -0.281690099376863E+00 , 
   7.68999 ,    -0.454488275644982E+00 ,    -0.270972094770227E+00 ,    -0.283761100202497E+00 , 
   7.70999 ,    -0.400651580266845E+00 ,    -0.249181038127499E+00 ,    -0.278789594801530E+00 , 
   7.72999 ,    -0.241645514253376E+00 ,    -0.230127846153415E+00 ,    -0.268748659488065E+00 , 
   7.74999 ,    -0.231171593225021E-01 ,    -0.214982386156149E+00 ,    -0.256943276102362E+00 , 
   7.76999 ,     0.195958064799527E+00 ,    -0.203641147856764E+00 ,    -0.246896542597561E+00 , 
   7.78999 ,     0.360307418372725E+00 ,    -0.194825934757112E+00 ,    -0.241199379319431E+00 , 
   7.80999 ,     0.433645499289182E+00 ,    -0.186542863852449E+00 ,    -0.240703003697988E+00 , 
   7.82999 ,     0.407705727948650E+00 ,    -0.176739099248708E+00 ,    -0.244311516855071E+00 , 
   7.84999 ,     0.302553837038439E+00 ,    -0.163939437170522E+00 ,    -0.249426958415994E+00 , 
   7.86999 ,     0.158476732436837E+00 ,    -0.147663404106908E+00 ,    -0.252880928583867E+00 , 
   7.88999 ,     0.223269204054253E-01 ,    -0.128505973241861E+00 ,    -0.252028427560212E+00 , 
   7.90999 ,    -0.671963381200113E-01 ,    -0.107880529662381E+00 ,    -0.245632801011062E+00 , 
   7.92999 ,    -0.907133206334904E-01 ,    -0.875310787706191E-01 ,    -0.234249242079241E+00 , 
   7.94999 ,    -0.524917840833475E-01 ,    -0.689863423428944E-01 ,    -0.219989586723791E+00 , 
   7.96999 ,     0.230268119033276E-01 ,    -0.531322998943975E-01 ,    -0.205762543221142E+00 , 
   7.98999 ,     0.100930146801230E+00 ,    -0.400250051442479E-01 ,    -0.194259227853827E+00 , 
   8.00999 ,     0.148269687324791E+00 ,    -0.289750413916470E-01 ,    -0.187035256174731E+00 , 
   8.02999 ,     0.145018321205969E+00 ,    -0.188424299655978E-01 ,    -0.184001651425664E+00 , 
   8.04999 ,     0.900316332097332E-01 ,    -0.841823564879481E-02 ,    -0.183492451084531E+00 , 
   8.07000 ,     0.259016505176703E-03 ,     0.325041186665894E-02 ,    -0.182876687507919E+00 , 
   8.09000 ,    -0.958982767374218E-01 ,     0.166558965935852E-01 ,    -0.179499998655397E+00 , 
   8.11000 ,    -0.169215539420999E+00 ,     0.318671329676848E-01 ,    -0.171625539905499E+00 , 
   8.13000 ,    -0.199615739264527E+00 ,     0.486513563258840E-01 ,    -0.159049413178576E+00 , 
   8.15000 ,    -0.182698640047852E+00 ,     0.666748992925262E-01 ,    -0.143181275956061E+00 , 
   8.17000 ,    -0.130479838184138E+00 ,     0.856512989016179E-01 ,    -0.126563646765314E+00 , 
   8.19000 ,    -0.663235238868956E-01 ,     0.105377286869904E+00 ,    -0.111996154923510E+00 , 
   8.21000 ,    -0.160175957707978E-01 ,     0.125651429027247E+00 ,    -0.101565723613110E+00 , 
   8.23000 ,     0.177306378406468E-02 ,     0.146130408453101E+00 ,    -0.959153114836257E-01 , 
   8.25000 ,    -0.177104664151535E-01 ,     0.166213311461919E+00 ,    -0.940022548912804E-01 , 
   8.27000 ,    -0.636709610003719E-01 ,     0.185039376262570E+00 ,    -0.934306672225664E-01 , 
   8.29000 ,    -0.113789331333440E+00 ,     0.201640176339624E+00 ,    -0.912475479995053E-01 , 
   8.31000 ,    -0.142508047461206E+00 ,     0.215219845960209E+00 ,    -0.849352199663959E-01 , 
   8.33000 ,    -0.130650929858839E+00 ,     0.225473312559231E+00 ,    -0.732663154729071E-01 , 
   8.35000 ,    -0.729971670326444E-01 ,     0.232819043284036E+00 ,    -0.567337864840307E-01 , 
   8.37000 ,     0.188817061873887E-01 ,     0.238435649649623E+00 ,    -0.374112557353123E-01 , 
   8.39000 ,     0.119603079414851E+00 ,     0.244049959354105E+00 ,    -0.182899816488485E-01 , 
   8.41000 ,     0.197873721156683E+00 ,     0.251509528894038E+00 ,    -0.231340274704706E-02 , 
   8.43000 ,     0.226729294385889E+00 ,     0.262255227878424E+00 ,     0.856985892574245E-02 , 
   8.45000 ,     0.192715433246286E+00 ,     0.276858645961130E+00 ,     0.140215556609190E-01 , 
   8.47000 ,     0.100930890576035E+00 ,     0.294784059584131E+00 ,     0.153972998327613E-01 , 
   8.49001 ,    -0.258690241255531E-01 ,     0.314483131311750E+00 ,     0.152758284127825E-01 , 
   8.51000 ,    -0.153456376242803E+00 ,     0.333750733175051E+00 ,     0.165956384442268E-01 , 
   8.53000 ,    -0.246956811225615E+00 ,     0.350441730569038E+00 ,     0.216907931409943E-01 , 
   8.55001 ,    -0.280754504291986E+00 ,     0.363020686123406E+00 ,     0.315502290393295E-01 , 
   8.57001 ,    -0.246421360970295E+00 ,     0.371054911117303E+00 ,     0.455112156790937E-01 , 
   8.59001 ,    -0.155049575914300E+00 ,     0.375374810499224E+00 ,     0.615527624318626E-01 , 
   8.61001 ,    -0.334353239452348E-01 ,     0.377790657741750E+00 ,     0.769903619065114E-01 , 
   8.63001 ,     0.843315176751261E-01 ,     0.380527643615718E+00 ,     0.893924263937156E-01 , 
   8.65001 ,     0.167300232160625E+00 ,     0.385512344126255E+00 ,     0.973827051284599E-01 , 
   8.67001 ,     0.196760148891317E+00 ,     0.393744668786667E+00 ,     0.101063561590937E+00 , 
   8.69001 ,     0.171194152269389E+00 ,     0.404959826942090E+00 ,     0.101923873317981E+00 , 
   8.71001 ,     0.105669280011275E+00 ,     0.417695097971980E+00 ,     0.102272542686349E+00 , 
   8.73001 ,     0.260684923766888E-01 ,     0.429746805083836E+00 ,     0.104400012977040E+00 , 
   8.75001 ,    -0.397937620784736E-01 ,     0.438875668055036E+00 ,     0.109761133851554E+00 , 
   8.77001 ,    -0.711997580825105E-01 ,     0.443535577844677E+00 ,     0.118462807371434E+00 , 
   8.79001 ,    -0.607900970063780E-01 ,     0.443389898672846E+00 ,     0.129233034743449E+00 , 
   8.81001 ,    -0.161535567660557E-01 ,     0.439445364893469E+00 ,     0.139881097173897E+00 , 
   8.83001 ,     0.435678101017415E-01 ,     0.433755895190071E+00 ,     0.148088718431422E+00 , 
   8.85001 ,     0.947312719615060E-01 ,     0.428787773033072E+00 ,     0.152257112435502E+00 , 
   8.87001 ,     0.117428146334045E+00 ,     0.426648228683587E+00 ,     0.152114005673552E+00 , 
   8.89001 ,     0.102130172687705E+00 ,     0.428425055757202E+00 ,     0.148865253280245E+00 , 
   8.91001 ,     0.526055117969294E-01 ,     0.433850134122346E+00 ,     0.144830372136713E+00 , 
   8.93001 ,    -0.157232126161679E-01 ,     0.441395543812293E+00 ,     0.142677850595220E+00 , 
   8.95002 ,    -0.812919083468514E-01 ,     0.448774368863273E+00 ,     0.144516737431534E+00 , 
   8.97002 ,    -0.123625473247539E+00 ,     0.453664021412643E+00 ,     0.151141885687460E+00 , 
   8.99002 ,    -0.130265300318231E+00 ,     0.454470376383523E+00 ,     0.161709593967631E+00 , 
   9.01002 ,    -0.100473468923616E+00 ,     0.450815209904387E+00 ,     0.173946907750194E+00 , 
   9.03002 ,    -0.450757053786276E-01 ,     0.443647222769856E+00 ,     0.184840763857925E+00 , 
   9.05002 ,     0.175570729083330E-01 ,     0.434921801976100E+00 ,     0.191586011837912E+00 , 
   9.07002 ,     0.678620819359539E-01 ,     0.426961603528148E+00 ,     0.192482805435552E+00 , 
   9.09002 ,     0.915517841859841E-01 ,     0.421708687227652E+00 ,     0.187487753294645E+00 , 
   9.11002 ,     0.840177505996719E-01 ,     0.420111854373953E+00 ,     0.178235143212079E+00 , 
   9.13002 ,     0.512728997314647E-01 ,     0.421845793990032E+00 ,     0.167517909452125E+00 , 
   9.15002 ,     0.726030407911601E-02 ,     0.425447712601995E+00 ,     0.158395494127111E+00 , 
   9.17002 ,    -0.313993051360579E-01 ,     0.428819332472997E+00 ,     0.153218615747104E+00 , 
   9.19002 ,    -0.513123382555873E-01 ,     0.429923116469856E+00 ,     0.152888524652879E+00 , 
   9.21002 ,    -0.468048454556309E-01 ,     0.427440394857291E+00 ,     0.156591467806344E+00 , 
   9.23002 ,    -0.214978653320575E-01 ,     0.421175370649686E+00 ,     0.162093204059239E+00 , 
   9.25002 ,     0.134760339578630E-01 ,     0.412076582624254E+00 ,     0.166494957726743E+00 , 
   9.27002 ,     0.438699245970610E-01 ,     0.401876524315659E+00 ,     0.167201596897937E+00 , 
   9.29002 ,     0.576918225555840E-01 ,     0.392477417434309E+00 ,     0.162784478656410E+00 , 
   9.31002 ,     0.496031578578296E-01 ,     0.385294231380879E+00 ,     0.153457437888409E+00 , 
   9.33002 ,     0.227899894394832E-01 ,     0.380777591561882E+00 ,     0.141012474754616E+00 , 
   9.35002 ,    -0.123224518646466E-01 ,     0.378275961863233E+00 ,     0.128239271594042E+00 , 
   9.37003 ,    -0.420180978115794E-01 ,     0.376278994394056E+00 ,     0.118017104316071E+00 , 
   9.39002 ,    -0.543755419835057E-01 ,     0.372963379225901E+00 ,     0.112404550782820E+00 , 
   9.41003 ,    -0.438502676243858E-01 ,     0.366825665694874E+00 ,     0.111945579008672E+00 , 
   9.43003 ,    -0.133926017804539E-01 ,     0.357241955038931E+00 ,     0.115540785975144E+00 , 
   9.45003 ,     0.264245891731052E-01 ,     0.344679405894707E+00 ,     0.120795949069077E+00 , 
   9.47003 ,     0.610956600220982E-01 ,     0.330561704787485E+00 ,     0.124809623803478E+00 , 
   9.49003 ,     0.773640158209373E-01 ,     0.316787109249553E+00 ,     0.125104464552392E+00 , 
   9.51003 ,     0.680614933463455E-01 ,     0.305076129722095E+00 ,     0.120408368597510E+00 , 
   9.53003 ,     0.348697435064281E-01 ,     0.296367805754861E+00 ,     0.111033234149726E+00 , 
   9.55003 ,    -0.120153704380411E-01 ,     0.290471519451823E+00 ,     0.987354317688963E-01 , 
   9.57003 ,    -0.572545077928389E-01 ,     0.286097198453612E+00 ,     0.861128256115982E-01 , 
   9.59003 ,    -0.856385384275590E-01 ,     0.281260706188674E+00 ,     0.757433795130162E-01 , 
   9.61003 ,    -0.874466238210839E-01 ,     0.273935127555235E+00 ,     0.693510924314378E-01 , 
   9.63003 ,    -0.620100433069596E-01 ,     0.262734599809978E+00 ,     0.672707997313761E-01 , 
   9.65003 ,    -0.181963530779993E-01 ,     0.247403532040930E+00 ,     0.683803985419951E-01 , 
   9.67003 ,     0.284235797898027E-01 ,     0.228945497386139E+00 ,     0.705125657103338E-01 , 
   9.69003 ,     0.608175158461208E-01 ,     0.209342862627825E+00 ,     0.712003708704174E-01 , 
   9.71003 ,     0.663850796869943E-01 ,     0.190952094900329E+00 ,     0.685042521903308E-01 , 
   9.73003 ,     0.414867749744539E-01 ,     0.175766689071709E+00 ,     0.616459814955655E-01 , 
   9.75003 ,    -0.697732692541895E-02 ,     0.164784589427457E+00 ,     0.512442420816899E-01 , 
   9.77003 ,    -0.635471170447382E-01 ,     0.157684964310779E+00 ,     0.390819447360927E-01 , 
   9.79003 ,    -0.109147999784936E+00 ,     0.152920542281940E+00 ,     0.274915180474809E-01 , 
   9.81003 ,    -0.127393736921874E+00 ,     0.148198488505056E+00 ,     0.185691811782167E-01 , 
   9.83004 ,    -0.110134211177014E+00 ,     0.141193853862370E+00 ,     0.134803758642174E-01 , 
   9.85004 ,    -0.604588043943499E-01 ,     0.130292541234678E+00 ,     0.120954639962770E-01 , 
   9.87004 ,     0.806067934031441E-02 ,     0.115079302940960E+00 ,     0.130412744328323E-01 , 
   9.89004 ,     0.755329193790970E-01 ,     0.964782315800507E-01 ,     0.141892451520157E-01 , 
   9.91004 ,     0.122063531818245E+00 ,     0.764627215943911E-01 ,     0.133716657400941E-01 , 
   9.93004 ,     0.134152364393444E+00 ,     0.574462706937738E-01 ,     0.910289513587426E-02 , 
   9.95004 ,     0.109067590502083E+00 ,     0.415456999611673E-01 ,     0.106328343905524E-02 , 
   9.97004 ,     0.557471636784525E-01 ,     0.299479415949063E-01 ,    -0.980988155067454E-02 , 
   9.99004 ,    -0.808357747774598E-02 ,     0.225743560343487E-01 ,    -0.216469677008742E-01 , 
  10.01000 ,    -0.615596165874719E-01 ,     0.181458907560476E-01 ,    -0.322519234116318E-01 , 
  10.03000 ,    -0.877876881882625E-01 ,     0.145762183046353E-01 ,    -0.398965540350000E-01 , 
  10.05000 ,    -0.786354669008423E-01 ,     0.965989867570790E-02 ,    -0.437498815678690E-01 , 
  10.07000 ,    -0.377164804869859E-01 ,     0.169075468232979E-02 ,    -0.442024411521163E-01 , 
  10.09000 ,     0.210496913183262E-01 ,    -0.100609576102307E-01 ,    -0.426753547930351E-01 , 
  10.11000 ,     0.780997108463083E-01 ,    -0.252073246957896E-01 ,    -0.411191199022721E-01 , 
  10.13000 ,     0.114679151929222E+00 ,    -0.424519677008875E-01 ,    -0.413545930124153E-01 , 
  10.15000 ,     0.118949409728627E+00 ,    -0.600621588891271E-01 ,    -0.444801782784495E-01 , 
  10.17000 ,     0.897425288175739E-01 ,    -0.764362764280157E-01 ,    -0.505415316777145E-01 , 
  10.19000 ,     0.367509678449828E-01 ,    -0.905770645185429E-01 ,    -0.585671303400063E-01 , 
  10.21000 ,    -0.228702761059013E-01 ,    -0.102322538241254E+00 ,    -0.669473366784107E-01 , 
  10.23000 ,    -0.703216658881226E-01 ,    -0.112275133484163E+00 ,    -0.740190394331798E-01 , 
  10.25000 ,    -0.914355024016934E-01 ,    -0.121474626989367E+00 ,    -0.786513313652266E-01 , 
  10.27000 ,    -0.813126675175406E-01 ,    -0.130945683350082E+00 ,    -0.806315894888004E-01 , 
  10.29010 ,    -0.455655101651657E-01 ,    -0.141342496851283E+00 ,    -0.807211937938320E-01 , 
  10.31010 ,     0.987279869532440E-03 ,    -0.152515411214155E+00 ,    -0.803806217541290E-01 , 
  10.33000 ,     0.404192257526129E-01 ,    -0.163811052360591E+00 ,    -0.812247180199668E-01 , 
  10.35000 ,     0.580111188550972E-01 ,    -0.174387906051105E+00 ,    -0.844623041688849E-01 , 
  10.37010 ,     0.461836057339207E-01 ,    -0.183375073690128E+00 ,    -0.904864325089072E-01 , 
  10.39010 ,     0.839209270239911E-02 ,    -0.190328734504294E+00 ,    -0.985968996052268E-01 , 
  10.41010 ,    -0.425358997158149E-01 ,    -0.195665893023507E+00 ,    -0.107384774911895E+00 , 
  10.43000 ,    -0.884386085827224E-01 ,    -0.200403439697276E+00 ,    -0.115062983476378E+00 , 
  10.45000 ,    -0.112801473540049E+00 ,    -0.205993664131828E+00 ,    -0.120216470083853E+00 , 
  10.47010 ,    -0.104965833275506E+00 ,    -0.213771713502771E+00 ,    -0.122048818287035E+00 , 
  10.49010 ,    -0.652076919834357E-01 ,    -0.224404439675421E+00 ,    -0.120773020072427E+00 , 
  10.51000 ,    -0.478703359292018E-02 ,    -0.237703874719005E+00 ,    -0.117544920003084E+00 , 
  10.53000 ,     0.587799778033265E-01 ,    -0.252734483584031E+00 ,    -0.113940409791821E+00 , 
  10.55010 ,     0.105662228883132E+00 ,    -0.267768505598308E+00 ,    -0.111527550411597E+00 , 
  10.57010 ,     0.120458093319637E+00 ,    -0.280734119395480E+00 ,    -0.111322645527916E+00 , 
  10.59000 ,     0.985226877289943E-01 ,    -0.290153983622719E+00 ,    -0.113393253559762E+00 , 
  10.61000 ,     0.459207814888166E-01 ,    -0.295472863952752E+00 ,    -0.116974845226044E+00 , 
  10.63010 ,    -0.218372698453163E-01 ,    -0.297062996271639E+00 ,    -0.120707189502653E+00 , 
  10.65010 ,    -0.835927890264785E-01 ,    -0.296321793347797E+00 ,    -0.123095715682254E+00 , 
  10.67000 ,    -0.121040075576475E+00 ,    -0.295248475195103E+00 ,    -0.123164221362836E+00 , 
  10.69000 ,    -0.123724536091129E+00 ,    -0.295796469026668E+00 ,    -0.120724441733262E+00 , 
  10.71010 ,    -0.911834619734784E-01 ,    -0.299389488686193E+00 ,    -0.116444708255851E+00 , 
  10.73010 ,    -0.345398325173487E-01 ,    -0.306400802930948E+00 ,    -0.111724189898506E+00 , 
  10.75010 ,     0.284666680756768E-01 ,    -0.316161999869182E+00 ,    -0.108071442887630E+00 , 
  10.77010 ,     0.787912660122291E-01 ,    -0.327134073989282E+00 ,    -0.106640165377901E+00 , 
  10.79010 ,     0.102225732818633E+00 ,    -0.337386028242967E+00 ,    -0.107783378806352E+00 , 
  10.81010 ,     0.937436077657294E-01 ,    -0.345162799667402E+00 ,    -0.110893981251692E+00 , 
  10.83010 ,     0.587561753104339E-01 ,    -0.349377564984395E+00 ,    -0.114573803599406E+00 , 
  10.85010 ,     0.109406270459491E-01 ,    -0.349883476355588E+00 ,    -0.117079509269544E+00 , 
  10.87010 ,    -0.325700303421981E-01 ,    -0.347453747138292E+00 ,    -0.116899012229510E+00 , 
  10.89010 ,    -0.569952746073348E-01 ,    -0.343492331461069E+00 ,    -0.113266308881242E+00 , 
  10.91010 ,    -0.547764969761709E-01 ,    -0.339579820239074E+00 ,    -0.106441323028312E+00 , 
  10.93010 ,    -0.279165410156957E-01 ,    -0.337004712801533E+00 ,    -0.976584148596865E-01 , 
  10.95010 ,     0.129362759151675E-01 ,    -0.336425808681779E+00 ,    -0.887568333551338E-01 , 
  10.97010 ,     0.522940711677046E-01 ,    -0.337760658523880E+00 ,    -0.816118913700725E-01 , 
  10.99010 ,     0.752066538173016E-01 ,    -0.340316352223693E+00 ,    -0.775517336315576E-01 , 
  11.01010 ,     0.723900369170001E-01 ,    -0.343099346395656E+00 ,    -0.769492377258983E-01 , 
  11.03010 ,     0.433955899333378E-01 ,    -0.345186732062610E+00 ,    -0.791204375672115E-01 , 
  11.05010 ,    -0.321531515793470E-02 ,    -0.346029117523770E+00 ,    -0.825594964637743E-01 , 
  11.07010 ,    -0.527167264877433E-01 ,    -0.345587292162193E+00 ,    -0.854296408937430E-01 , 
  11.09010 ,    -0.891048918534541E-01 ,    -0.344268296114780E+00 ,    -0.861464606886736E-01 , 
  11.11010 ,    -0.100381750936544E+00 ,    -0.342698566895364E+00 ,    -0.838619950874746E-01 , 
  11.13010 ,    -0.824791996230277E-01 ,    -0.341427480977335E+00 ,    -0.786938865676152E-01 , 
  11.15010 ,    -0.405409000405890E-01 ,    -0.340675288950735E+00 ,    -0.716310080945268E-01 , 
  11.17010 ,     0.128296585862056E-01 ,    -0.340219146955766E+00 ,    -0.641557169735710E-01 , 
  11.19010 ,     0.617366641238406E-01 ,    -0.339457952169892E+00 ,    -0.577166360793474E-01 , 
  11.21010 ,     0.921664073172160E-01 ,    -0.337630390912465E+00 ,    -0.532333468880579E-01 , 
  11.23010 ,     0.964477862819184E-01 ,    -0.334104615171300E+00 ,    -0.508001588974430E-01 , 
  11.25010 ,     0.755409629260045E-01 ,    -0.328631885227505E+00 ,    -0.496856565882249E-01 , 
  11.27010 ,     0.384387697585557E-01 ,    -0.321469243460021E+00 ,    -0.486223867329083E-01 , 
  11.29010 ,    -0.106591720376337E-02 ,    -0.313323049407083E+00 ,    -0.462817672194415E-01 , 
  11.31010 ,    -0.291240176667482E-01 ,    -0.305129370296436E+00 ,    -0.417667132492227E-01 , 
  11.33010 ,    -0.364794920921599E-01 ,    -0.297746130441054E+00 ,    -0.349495841205690E-01 , 
  11.35010 ,    -0.214767865324089E-01 ,    -0.291664788569997E+00 ,    -0.265371823555903E-01 , 
  11.37010 ,     0.954797622115424E-02 ,    -0.286844407451779E+00 ,    -0.178389967647326E-01 , 
  11.39010 ,     0.445778154454612E-01 ,    -0.282729694128181E+00 ,    -0.103173745052751E-01 , 
  11.41010 ,     0.701094944207991E-01 ,    -0.278450967349918E+00 ,    -0.507390932807163E-02 , 
  11.43010 ,     0.757959843639812E-01 ,    -0.273139951474382E+00 ,    -0.244931937715551E-02 , 
  11.45010 ,     0.579714587047957E-01 ,    -0.266253058724737E+00 ,    -0.187661489868172E-02 , 
  11.47010 ,     0.208887878040548E-01 ,    -0.257788375994247E+00 ,    -0.204207871276734E-02 , 
  11.49010 ,    -0.247195542579903E-01 ,    -0.248316424506897E+00 ,    -0.130434081692323E-02 , 
  11.51010 ,    -0.652455461492617E-01 ,    -0.238806989899411E+00 ,     0.176611710091263E-02 , 
  11.53010 ,    -0.887448426773623E-01 ,    -0.230304172127958E+00 ,     0.790657515215412E-02 , 
  11.55010 ,    -0.888831638065506E-01 ,    -0.223555635623958E+00 ,     0.169019430484257E-01 , 
  11.57010 ,    -0.669777730863206E-01 ,    -0.218721282959941E+00 ,     0.276333964954000E-01 , 
  11.59010 ,    -0.314733617205643E-01 ,    -0.215264047224322E+00 ,     0.384217993142573E-01 , 
  11.61010 ,     0.494448642335580E-02 ,    -0.212067930802557E+00 ,     0.475539318675737E-01 , 
  11.63010 ,     0.296097923463445E-01 ,    -0.207754347444166E+00 ,     0.538188913854787E-01 , 
  11.65010 ,     0.340765421370738E-01 ,    -0.201101530961833E+00 ,     0.568789850435360E-01 , 
  11.67010 ,     0.168631181276807E-01 ,    -0.191435276760740E+00 ,     0.573549105520686E-01 , 
  11.69010 ,    -0.161518350351410E-01 ,    -0.178865039733355E+00 ,     0.566002949926999E-01 , 
  11.71010 ,    -0.537807662096943E-01 ,    -0.164286145836875E+00 ,     0.562437314035746E-01 , 
  11.73010 ,    -0.833084661198206E-01 ,    -0.149141902980068E+00 ,     0.576527967245272E-01 , 
  11.75010 ,    -0.947204756194431E-01 ,    -0.135015367425701E+00 ,     0.614987285655184E-01 , 
  11.77010 ,    -0.839663553827204E-01 ,    -0.123174991840594E+00 ,     0.675646614640717E-01 , 
  11.79010 ,    -0.541889594231166E-01 ,    -0.114213756556587E+00 ,     0.748569324379351E-01 , 
  11.81010 ,    -0.145459167031296E-01 ,    -0.107892626269886E+00 ,     0.819762740035531E-01 , 
  11.83010 ,     0.229410569290446E-01 ,    -0.103235410379599E+00 ,     0.876184134069412E-01 , 
  11.85010 ,     0.474218838244910E-01 ,    -0.988436583051840E-01 ,     0.910310621394142E-01 , 
  11.87010 ,     0.527738634815927E-01 ,    -0.933320243981685E-01 ,     0.922706796557816E-01 , 
  11.89010 ,     0.394958378812988E-01 ,    -0.857481092285248E-01 ,     0.921719542944274E-01 , 
  11.91010 ,     0.143359626549045E-01 ,    -0.758473671864305E-01 ,     0.920419278991491E-01 , 
  11.93010 ,    -0.121805403688778E-01 ,    -0.641407348135225E-01 ,     0.931854400069480E-01 , 
  11.95010 ,    -0.294531223041607E-01 ,    -0.517048400738013E-01 ,     0.964268747557721E-01 , 
  11.97010 ,    -0.304650942095812E-01 ,    -0.398189023937661E-01 ,     0.101795182535898E+00 , 
  11.99010 ,    -0.141603448717123E-01 ,    -0.295453343315748E-01 ,     0.108483998489608E+00 , 
  12.01010 ,     0.142528086503673E-01 ,    -0.213863597753648E-01 ,     0.115104930803313E+00 , 
  12.03010 ,     0.451504177751581E-01 ,    -0.151225956566611E-01 ,     0.120151421309342E+00 , 
  12.05010 ,     0.678446305465644E-01 ,    -0.988065510318210E-02 ,     0.122517146833011E+00 , 
  12.07010 ,     0.742860855112851E-01 ,    -0.440461354196006E-02 ,     0.121891852771375E+00 , 
  12.09010 ,     0.618559266695746E-01 ,     0.255643669414320E-02 ,     0.118896370174260E+00 , 
  12.11010 ,     0.343040408217487E-01 ,     0.118662173635242E-01 ,     0.114904772224400E+00 , 
  12.13010 ,     0.523138700292474E-03 ,     0.237410439508698E-01 ,     0.111606550326448E+00 , 
  12.15010 ,    -0.284192583089261E-01 ,     0.376873094699048E-01 ,     0.110450209084093E+00 , 
  12.17010 ,    -0.429842592266673E-01 ,     0.526496106343662E-01 ,     0.112151915237917E+00 , 
  12.19010 ,    -0.383522573206568E-01 ,     0.673179386259789E-01 ,     0.116434190017172E+00 , 
  12.21010 ,    -0.160322603511648E-01 ,     0.804962439569673E-01 ,     0.122085749493730E+00 , 
  12.23010 ,     0.166416906647905E-01 ,     0.914205294854313E-01 ,     0.127328575264920E+00 , 
  12.25010 ,     0.489476130975358E-01 ,     0.999354074265302E-01 ,     0.130376757608266E+00 , 
  12.27010 ,     0.703216295376688E-01 ,     0.106485672953845E+00 ,     0.130007263487279E+00 , 
  12.29010 ,     0.738246302243591E-01 ,     0.111937755999345E+00 ,     0.125957075907846E+00 , 
  12.31010 ,     0.583779877480870E-01 ,     0.117296209125923E+00 ,     0.119016347952904E+00 , 
  12.33010 ,     0.290379679212099E-01 ,     0.123407462347355E+00 ,     0.110785431389596E+00 , 
  12.35010 ,    -0.476055910269987E-02 ,     0.130739872298926E+00 ,     0.103172761599616E+00 , 
  12.37010 ,    -0.323832420752100E-01 ,     0.139298543689116E+00 ,     0.977948447199993E-01 , 
  12.39010 ,    -0.455233587263371E-01 ,     0.148686946465267E+00 ,     0.954713772615444E-01 , 
  12.41010 ,    -0.408991749645884E-01 ,     0.158280800292987E+00 ,     0.959774469033419E-01 , 
  12.43010 ,    -0.212353490255640E-01 ,     0.167447880581312E+00 ,     0.981310632631511E-01 , 
  12.45010 ,     0.577382585270315E-02 ,     0.175739430282125E+00 ,     0.100185421098335E+00 , 
  12.47010 ,     0.301437426495522E-01 ,     0.182995510728532E+00 ,     0.100396928097581E+00 , 
  12.49010 ,     0.430019278790026E-01 ,     0.189340576539684E+00 ,     0.975841820585438E-01 , 
  12.51010 ,     0.395645984205862E-01 ,     0.195084310622908E+00 ,     0.914977266475291E-01 , 
  12.53010 ,     0.206959967021817E-01 ,     0.200573069981075E+00 ,     0.828836190644240E-01 , 
  12.55010 ,    -0.745337219671689E-02 ,     0.206049654623870E+00 ,     0.732245254428234E-01 , 
  12.57010 ,    -0.355834666771103E-01 ,     0.211570684521667E+00 ,     0.642470316969429E-01 , 
  12.59010 ,    -0.544173267204540E-01 ,     0.217006053712294E+00 ,     0.573587963966102E-01 , 
  12.61010 ,    -0.578325051415715E-01 ,     0.222113444496740E+00 ,     0.531998897187235E-01 , 
  12.63010 ,    -0.449012045005937E-01 ,     0.226654140637620E+00 ,     0.514529531939200E-01 , 
  12.65010 ,    -0.201673924815575E-01 ,     0.230503467867382E+00 ,     0.509703295907643E-01 , 
  12.67010 ,     0.791218030138796E-02 ,     0.233713863189197E+00 ,     0.501718875602105E-01 , 
  12.69010 ,     0.298205232061923E-01 ,     0.236508206979248E+00 ,     0.475793052535251E-01 , 
  12.71010 ,     0.381578284922506E-01 ,     0.239207865942273E+00 ,     0.423096964088363E-01 , 
  12.73010 ,     0.300787184118828E-01 ,     0.242123920474178E+00 ,     0.343671532626960E-01 , 
  12.75010 ,     0.818560790563994E-02 ,     0.245452730433618E+00 ,     0.246391509651719E-01 , 
  12.77010 ,    -0.203987891894297E-01 ,     0.249214158154054E+00 ,     0.146026969055031E-01 , 
  12.79010 ,    -0.464447447293767E-01 ,     0.253253956907013E+00 ,     0.584009330818191E-02 , 
  12.81010 ,    -0.616884438115003E-01 ,     0.257307566232258E+00 ,    -0.474906904267433E-03 , 
  12.83010 ,    -0.615311172959902E-01 ,     0.261099862457718E+00 ,    -0.395243027729033E-02 , 
  12.85010 ,    -0.464727534151400E-01 ,     0.264442544267314E+00 ,    -0.510302328576670E-02 , 
  12.87010 ,    -0.218268401794532E-01 ,     0.267292328496779E+00 ,    -0.516160501126279E-02 , 
  12.89010 ,     0.415466645979317E-02 ,     0.269748265237342E+00 ,    -0.568113382826812E-02 , 
  12.91010 ,     0.230875422331427E-01 ,     0.271989608675773E+00 ,    -0.803228650079589E-02 , 
  12.93010 ,     0.292350699144106E-01 ,     0.274178319101310E+00 ,    -0.129734031808084E-01 , 
  12.95010 ,     0.213320580831440E-01 ,     0.276364162009993E+00 ,    -0.204284938193605E-01 , 
  12.97010 ,     0.286430007430028E-02 ,     0.278430415968513E+00 ,    -0.295399457494809E-01 , 
  12.99010 ,    -0.192526784914428E-01 ,     0.280104263423326E+00 ,    -0.389710203237393E-01 , 
  13.01010 ,    -0.371102114660060E-01 ,     0.281032867969887E+00 ,    -0.473518896390582E-01 , 
  13.03010 ,    -0.445061408109639E-01 ,     0.280902052880348E+00 ,    -0.537185219312405E-01 , 
  13.05010 ,    -0.389845053637746E-01 ,     0.279557912641513E+00 ,    -0.578001441537248E-01 , 
  13.07010 ,    -0.225369209955277E-01 ,     0.277088561563234E+00 ,    -0.600651254908701E-01 , 
  13.09010 ,    -0.759047622073268E-03 ,     0.273834856858545E+00 ,    -0.615179734648067E-01 , 
  13.11010 ,     0.192101502269700E-01 ,     0.270321541891876E+00 ,    -0.633235305603833E-01 , 
  13.13010 ,     0.312255277305598E-01 ,     0.267126274639889E+00 ,    -0.663905421650514E-01 , 
  13.15010 ,     0.322566524605624E-01 ,     0.264724699651615E+00 ,    -0.710572886600114E-01 , 
  13.17010 ,     0.233584399622361E-01 ,     0.263358163325374E+00 ,    -0.769842463134489E-01 , 
  13.19010 ,     0.916855564847604E-02 ,     0.262964083732298E+00 ,    -0.832862901549702E-01 , 
  13.21010 ,    -0.387208989527197E-02 ,     0.263189630869320E+00 ,    -0.888547458930646E-01 , 
  13.23010 ,    -0.993229584880792E-02 ,     0.263483724477638E+00 ,    -0.927555094940217E-01 , 
  13.25010 ,    -0.597310008656553E-02 ,     0.263238851381315E+00 ,    -0.945648632585804E-01 , 
  13.27010 ,     0.708199540456207E-02 ,     0.261940373916216E+00 ,    -0.945273205827943E-01 , 
  13.29010 ,     0.246154035735559E-01 ,     0.259280969848043E+00 ,    -0.934815891205163E-01 , 
  13.31010 ,     0.399428232997042E-01 ,     0.255211043021124E+00 ,    -0.925802465378560E-01 , 
  13.33010 ,     0.467389388662802E-01 ,     0.249917449708150E+00 ,    -0.928989177729993E-01 , 
  13.35010 ,     0.414115875037871E-01 ,     0.243745231771166E+00 ,    -0.950679886421343E-01 , 
  13.37010 ,     0.245786429614820E-01 ,     0.237092847306530E+00 ,    -0.990518846093207E-01 , 
  13.39010 ,     0.110023996726002E-02 ,     0.230315845884564E+00 ,    -0.104150743224331E+00 , 
  13.41010 ,    -0.213885748882891E-01 ,     0.223666377631480E+00 ,    -0.109224154002654E+00 , 
  13.43010 ,    -0.349806070269840E-01 ,     0.217279860961933E+00 ,    -0.113062019734421E+00 , 
  13.45010 ,    -0.342027178719901E-01 ,     0.211201843774493E+00 ,    -0.114778600476990E+00 , 
  13.47010 ,    -0.180046017202197E-01 ,     0.205434298814265E+00 ,    -0.114098700424089E+00 , 
  13.49010 ,     0.966698473741468E-02 ,     0.199976043221672E+00 ,    -0.111441800625003E+00 , 
  13.51010 ,     0.409415243727542E-01 ,     0.194837799958615E+00 ,    -0.107778006312031E+00 , 
  13.53010 ,     0.664283999638286E-01 ,     0.190025850494874E+00 ,    -0.104305878822257E+00 , 
  13.55010 ,     0.781823181570673E-01 ,     0.185503705491235E+00 ,    -0.102060951354090E+00 , 
  13.57010 ,     0.722621644978367E-01 ,     0.181152519733853E+00 ,    -0.101585478231256E+00 , 
  13.59010 ,     0.500363376594629E-01 ,     0.176753544586488E+00 ,    -0.102767824739587E+00 , 
  13.61010 ,     0.177922582594597E-01 ,     0.172008560737559E+00 ,    -0.104901750553601E+00 , 
  13.63010 ,    -0.152372655617065E-01 ,     0.166599603628291E+00 ,    -0.106941565404328E+00 , 
  13.65010 ,    -0.397966582017760E-01 ,     0.160272886017009E+00 ,    -0.107863847137040E+00 , 
  13.67010 ,    -0.495305173269479E-01 ,     0.152919981293070E+00 ,    -0.107011946841390E+00 , 
  13.69010 ,    -0.429557827405056E-01 ,     0.144626888122008E+00 ,    -0.104307123194240E+00 , 
  13.71010 ,    -0.238432773591320E-01 ,     0.135670033436727E+00 ,    -0.100256843693443E+00 , 
  13.73010 ,     0.108926798195392E-03 ,     0.126455078123297E+00 ,    -0.957604351094242E-01 , 
  13.75010 ,     0.198671622243633E-01 ,     0.117413871412886E+00 ,    -0.917811494044073E-01 , 
  13.77010 ,     0.280619357254754E-01 ,     0.108890150380673E+00 ,    -0.889985886913672E-01 , 
  13.79010 ,     0.214085649037049E-01 ,     0.101049949002940E+00 ,    -0.875613424330724E-01 , 
  13.81010 ,     0.175683509373531E-02 ,     0.938458430111476E-01 ,    -0.870249250993897E-01 , 
  13.83010 ,    -0.245665901432192E-01 ,     0.870470475767002E-01 ,    -0.864966808157630E-01 , 
  13.85010 ,    -0.488949461876340E-01 ,     0.803256348433538E-01 ,    -0.849388359452042E-01 , 
  13.87010 ,    -0.631229990432141E-01 ,     0.733701814966201E-01 ,    -0.815271602964807E-01 , 
  13.89010 ,    -0.624111208557697E-01 ,     0.659886553126043E-01 ,    -0.759437736363080E-01 , 
  13.91010 ,    -0.468001139176462E-01 ,     0.581658307258866E-01 ,    -0.685047140516704E-01 , 
  13.93010 ,    -0.212093875742504E-01 ,     0.500560628649955E-01 ,    -0.600783472468095E-01 , 
  13.95010 ,     0.617307834264640E-02 ,     0.419146899728682E-01 ,    -0.518207475811827E-01 , 
  13.97010 ,     0.265711027205706E-01 ,     0.339929905039344E-01 ,    -0.448152470204926E-01 , 
