r (Ang), PDF (RMC), PDF (Expt)
   2.0000000000000000E-002  ,  -0.17624883240000003       ,  -0.18421182902935457     
   4.0000000000000001E-002  ,  -0.17624883240000003       ,  -0.18421182902935457     
   5.9999999999999998E-002  ,  -0.17624883240000003       ,  -0.18421182902935457     
   8.0000000000000002E-002  ,  -0.17624883240000003       ,  -0.18421182902935457     
  0.10000000000000001       ,  -0.17624883240000003       ,  -0.18421182902935457     
  0.12000000000000000       ,  -0.17624883240000003       ,  -0.18421182902935457     
  0.14000000000000001       ,  -0.17624883240000003       ,  -0.18421182902935457     
  0.16000000000000000       ,  -0.17624883240000003       ,  -0.18421182902935457     
  0.17999999999999999       ,  -0.17624883240000003       ,  -0.18421182902935457     
  0.20000000000000001       ,  -0.17624883240000003       ,  -0.18421182902935457     
  0.22000000000000000       ,  -0.17624883240000003       ,  -0.18421182902935457     
  0.23999999999999999       ,  -0.17624883240000003       ,  -0.18421182902935457     
  0.26000000000000001       ,  -0.17624883240000003       ,  -0.18421182902935457     
  0.28000000000000003       ,  -0.17624883240000003       ,  -0.18421182902935457     
  0.29999999999999999       ,  -0.17624883240000003       ,  -0.18421182902935457     
  0.32000000000000001       ,  -0.17624883240000003       ,  -0.18421182902935457     
  0.34000000000000002       ,  -0.17624883240000003       ,  -0.18421182902935457     
  0.35999999999999999       ,  -0.17624883240000003       ,  -0.18421182902935457     
  0.38000000000000000       ,  -0.17624883240000003       ,  -0.18421182902935457     
  0.40000000000000002       ,  -0.17624883240000003       ,  -0.18421182902935457     
  0.41999999999999998       ,  -0.17624883240000003       ,  -0.18421182902935457     
  0.44000000000000000       ,  -0.17624883240000003       ,  -0.18421182902935457     
  0.46000000000000002       ,  -0.17624883240000003       ,  -0.18421182902935457     
  0.47999999999999998       ,  -0.17624883240000003       ,  -0.18421182902935457     
  0.50000000000000000       ,  -0.17624883240000003       ,  -0.18421182902935457     
  0.52000000000000002       ,  -0.17624883240000003       ,  -0.18421182902935457     
  0.54000000000000004       ,  -0.17624883240000003       ,  -0.18421182902935457     
  0.56000000000000005       ,  -0.17624883240000003       ,  -0.18421182902935457     
  0.57999999999999996       ,  -0.17624883240000003       ,  -0.18421182902935457     
  0.59999999999999998       ,  -0.17624883240000003       ,  -0.18421182902935457     
  0.62000000000000000       ,  -0.17624883240000003       ,  -0.18421182902935457     
  0.64000000000000001       ,  -0.17624883240000003       ,  -0.18421182902935457     
  0.66000000000000003       ,  -0.17624883240000003       ,  -0.18421182902935457     
  0.68000000000000005       ,  -0.17624883240000003       ,  -0.18421182902935457     
  0.70000000000000007       ,  -0.17624883240000003       ,  -0.18421182902935457     
  0.71999999999999997       ,  -0.17624883240000003       ,  -0.18421182902935457     
  0.73999999999999999       ,  -0.17624883240000003       ,  -0.18421182902935457     
  0.76000000000000001       ,  -0.17624883240000003       ,  -0.18421182902935457     
  0.78000000000000003       ,  -0.17624883240000003       ,  -0.18421182902935457     
  0.80000000000000004       ,  -0.17624883240000003       ,  -0.18421182902935457     
  0.82000000000000006       ,  -0.17624883240000003       ,  -0.18421182902935457     
  0.83999999999999997       ,  -0.17624883240000003       ,  -0.18421182902935457     
  0.85999999999999999       ,  -0.17624883240000003       ,  -0.18421182902935457     
  0.88000000000000000       ,  -0.17624883240000003       ,  -0.18421182902935457     
  0.90000000000000002       ,  -0.17624883240000003       ,  -0.18421182902935457     
  0.92000000000000004       ,  -0.17624883240000003       ,  -0.18421182902935457     
  0.94000000000000006       ,  -0.17624883240000003       ,  -0.18421182902935457     
  0.95999999999999996       ,  -0.17624883240000003       ,  -0.18421182902935457     
  0.97999999999999998       ,  -0.17624883240000003       ,  -0.18421182902935457     
   1.0000000000000000       ,  -0.17624883240000003       ,  -0.18421182902935457     
   1.0200000000000000       ,  -0.17624883240000003       ,  -0.18421182902935457     
   1.0400000000000000       ,  -0.17624883240000003       ,  -0.18421182902935457     
   1.0600000000000001       ,  -0.17624883240000003       ,  -0.18421182902935457     
   1.0800000000000001       ,  -0.17624883240000003       ,  -0.18421182902935457     
   1.1000000000000001       ,  -0.17624883240000003       ,  -0.18421182902935457     
   1.1200000000000001       ,  -0.17624883240000003       ,  -0.18421182902935457     
   1.1400000000000001       ,  -0.17624883240000003       ,  -0.18421182902935457     
   1.1599999999999999       ,  -0.17624883240000003       ,  -0.18421182902935457     
   1.1799999999999999       ,  -0.17624883240000003       ,  -0.18421182902935457     
   1.2000000000000000       ,  -0.17624883240000003       ,  -0.18421182902935457     
   1.2200000000000000       ,  -0.17624883240000003       ,  -0.18421182902935457     
   1.2400000000000000       ,  -0.17624883240000003       ,  -0.18421182902935457     
   1.2600000000000000       ,  -0.17624883240000003       ,  -0.18421182902935457     
   1.2800000000000000       ,  -0.17624883240000003       ,  -0.18421182902935457     
   1.3000000000000000       ,  -0.17624883240000003       ,  -0.18421182902935457     
   1.3200000000000001       ,  -0.17624883240000003       ,  -0.18421182902935457     
   1.3400000000000001       ,  -0.17624883240000003       ,  -0.18421182902935457     
   1.3600000000000001       ,  -0.17624883240000003       ,  -0.18421182902935457     
   1.3800000000000001       ,  -0.17624883240000003       ,  -0.18421182902935457     
   1.4000000000000001       ,  -0.17624883240000003       ,  -0.18421182902935457     
   1.4199999999999999       ,  -0.17624883240000003       ,  -0.18421182902935457     
   1.4399999999999999       ,  -0.17624883240000003       ,  -0.18421182902935457     
   1.4600000000000000       ,  -0.17624883240000003       ,  -0.18421182902935457     
   1.4800000000000000       ,  -0.17624883240000003       ,  -0.18421182902935457     
   1.5000000000000000       ,  -0.17624883240000003       ,  -0.18421182902935457     
   1.5200000000000000       ,  -0.17624883240000003       ,  -0.18421182902935457     
   1.5400000000000000       ,  -0.17624883240000003       ,  -0.18421182902935457     
   1.5600000000000001       ,  -0.17624883240000003       ,  -0.18421182902935457     
   1.5800000000000001       ,  -0.17624883240000003       ,  -0.18421182902935457     
   1.6000000000000001       ,  -0.17624883240000003       ,  -0.18421182902935457     
   1.6200000000000001       ,  -0.17624883240000003       ,  -0.18421182902935457     
   1.6400000000000001       ,  -0.17624883240000003       ,  -0.18421182902935457     
   1.6600000000000001       ,  -0.17624883240000003       ,  -0.18421182902935457     
   1.6799999999999999       ,  -0.17856420088000619       ,  -0.18421182902935457     
   1.7000000000000000       ,  -0.17851004271254040       ,  -0.18421182902935457     
   1.7200000000000000       ,  -0.18508455379792743       ,  -0.18421182902935457     
   1.7400000000000000       ,  -0.18056571787286801       ,  -0.18421182902935457     
   1.7600000000000000       ,  -0.18468749827642450       ,  -0.18421182902935457     
   1.7800000000000000       ,  -0.19893660815019404       ,  -0.18421182902935457     
   1.8000000000000000       ,  -0.21860470426817852       ,  -0.22259058689949832     
   1.8200000000000001       ,  -0.25121758066851746       ,  -0.27579889859013135     
   1.8400000000000001       ,  -0.35575808388030744       ,  -0.37896902746895489     
   1.8600000000000001       ,  -0.45203126131736288       ,  -0.52278151331038047     
   1.8800000000000001       ,  -0.63293827098014044       ,  -0.68395374815661625     
   1.9000000000000001       ,  -0.75371065918934221       ,  -0.83140171264983964     
   1.9199999999999999       ,  -0.88001426544822581       ,  -0.93505243515081493     
   1.9399999999999999       ,  -0.92287801149335857       ,  -0.97426699704016817     
   1.9600000000000000       ,  -0.89581090769001614       ,  -0.94312508912015502     
   1.9800000000000000       ,  -0.81967251335975144       ,  -0.85107818159778614     
   2.0000000000000000       ,  -0.67780384410341743       ,  -0.71915139845512310     
   2.0200000000000000       ,  -0.54300126658127068       ,  -0.57332054218113926     
   2.0400000000000000       ,  -0.42592501766301766       ,  -0.43742397566916297     
   2.0600000000000001       ,  -0.31946396380157682       ,  -0.32781794742104226     
   2.0800000000000001       ,  -0.26536690905395061       ,  -0.25111138036484321     
   2.1000000000000001       ,  -0.23255883324419158       ,  -0.20511605527337295     
   2.1200000000000001       ,  -0.20096708624163054       ,  -0.18421182902935457     
   2.1400000000000001       ,  -0.19337240374625594       ,  -0.18421182902935457     
   2.1600000000000001       ,  -0.19165610935692043       ,  -0.18421182902935457     
   2.1800000000000002       ,  -0.18174915000031883       ,  -0.18421182902935457     
   2.2000000000000002       ,  -0.18164959948307968       ,  -0.18421182902935457     
   2.2200000000000002       ,  -0.17624883240000003       ,  -0.18421182902935457     
   2.2400000000000002       ,  -0.17624883240000003       ,  -0.18421182902935457     
   2.2600000000000002       ,  -0.17624883240000003       ,  -0.18421182902935457     
   2.2800000000000002       ,  -0.17624883240000003       ,  -0.18421182902935457     
   2.3000000000000003       ,  -0.17624883240000003       ,  -0.18421182902935457     
   2.3199999999999998       ,  -0.17624883240000003       ,  -0.18421182902935457     
   2.3399999999999999       ,  -0.17624883240000003       ,  -0.18421182902935457     
   2.3599999999999999       ,  -0.17624883240000003       ,  -0.18421182902935457     
   2.3799999999999999       ,  -0.17624883240000003       ,  -0.18421182902935457     
   2.3999999999999999       ,  -0.17624883240000003       ,  -0.18421182902935457     
   2.4199999999999999       ,  -0.17624883240000003       ,  -0.18421182902935457     
   2.4399999999999999       ,  -0.17624883240000003       ,  -0.18421182902935457     
   2.4600000000000000       ,  -0.17624883240000003       ,  -0.18421182902935457     
   2.4800000000000000       ,  -0.17624883240000003       ,  -0.18421182902935457     
   2.5000000000000000       ,  -0.17624883240000003       ,  -0.17466173168202576     
   2.5200000000000000       ,  -0.17414761161593101       ,  -0.14624678724913845     
   2.5400000000000000       ,  -0.15735900861919688       ,  -0.10688114612744613     
   2.5600000000000001       ,  -0.10930386339744980       ,   -4.8633136557267462E-002
   2.5800000000000001       ,   -4.7206856856538491E-002  ,    4.2811395092174860E-002
   2.6000000000000001       ,    7.5985275879611486E-002  ,   0.18554883010644327     
   2.6200000000000001       ,   0.31536470650242548       ,   0.39537805206709903     
   2.6400000000000001       ,   0.59295207882940271       ,   0.67784088274891507     
   2.6600000000000001       ,   0.95389218781207230       ,    1.0212729749259204     
   2.6800000000000002       ,    1.3320055369812456       ,    1.3939998952749810     
   2.7000000000000002       ,    1.6796738434163685       ,    1.7477396727283783     
   2.7200000000000002       ,    1.9694003006769050       ,    2.0271704775844079     
   2.7400000000000002       ,    2.1408989968111691       ,    2.1832625217708164     
   2.7600000000000002       ,    2.1573266851823880       ,    2.1863100102681501     
   2.7800000000000002       ,    2.0199119377108810       ,    2.0343633322799555     
   2.8000000000000003       ,    1.7302465303306369       ,    1.7541357564726745     
   2.8199999999999998       ,    1.3920804828555344       ,    1.3939730985509862     
   2.8399999999999999       ,    1.0144709426809420       ,    1.0111828293824243     
   2.8599999999999999       ,   0.66293635099002723       ,   0.65788077297827507     
   2.8799999999999999       ,   0.39433323826666811       ,   0.36982360703370420     
   2.8999999999999999       ,   0.19099866097222318       ,   0.16137334457956085     
   2.9199999999999999       ,    5.3527970900844116E-002  ,    2.7356685702772849E-002
   2.9399999999999999       ,   -4.6060925683074287E-002  ,   -4.9887827184723441E-002
   2.9600000000000000       ,   -9.7888585671890363E-002  ,   -9.1573600070102082E-002
   2.9800000000000000       ,  -0.13011007336695291       ,  -0.11509747570394174     
   3.0000000000000000       ,  -0.15193443770789414       ,  -0.13048876459972783     
   3.0200000000000000       ,  -0.16899234768571827       ,  -0.14098718337184279     
   3.0400000000000000       ,  -0.17122430877214301       ,  -0.14628709958556307     
   3.0600000000000001       ,  -0.17624883240000003       ,  -0.14612910743785124     
   3.0800000000000001       ,  -0.17624883240000003       ,  -0.14226405965792399     
   3.1000000000000001       ,  -0.17624883240000003       ,  -0.13806858931514548     
   3.1200000000000001       ,  -0.17706094766855340       ,  -0.13655373321112133     
   3.1400000000000001       ,  -0.17705063523317316       ,  -0.13841797678927661     
   3.1600000000000001       ,  -0.17783220356471635       ,  -0.14170224648926685     
   3.1800000000000002       ,  -0.17937586688522386       ,  -0.14358388700253272     
   3.2000000000000002       ,  -0.18705707330774557       ,  -0.14346141866722539     
   3.2200000000000002       ,  -0.18692322684435625       ,  -0.14549614340258529     
   3.2400000000000002       ,  -0.20260637977655427       ,  -0.15876847807100788     
   3.2600000000000002       ,  -0.23724543425917577       ,  -0.19426305650269332     
   3.2800000000000002       ,  -0.28353214471725852       ,  -0.25954532947670939     
   3.3000000000000003       ,  -0.35192567112896500       ,  -0.35341534518111756     
   3.3200000000000003       ,  -0.47102521973436695       ,  -0.46325422054305976     
   3.3399999999999999       ,  -0.53057573184609874       ,  -0.56689131214957256     
   3.3599999999999999       ,  -0.61039923024965215       ,  -0.63892587989000282     
   3.3799999999999999       ,  -0.62326805730994017       ,  -0.65936781633894803     
   3.3999999999999999       ,  -0.56331543068934264       ,  -0.62119356425519612     
   3.4199999999999999       ,  -0.50405463712510046       ,  -0.53359919223790742     
   3.4399999999999999       ,  -0.40739481051498500       ,  -0.41937346217282667     
   3.4600000000000000       ,  -0.32086573610987579       ,  -0.30722924855871853     
   3.4800000000000000       ,  -0.26045780678453190       ,  -0.22205827575846152     
   3.5000000000000000       ,  -0.22013220457873911       ,  -0.17695392972092594     
   3.5200000000000000       ,  -0.19730385905042103       ,  -0.17007626969741854     
   3.5400000000000000       ,  -0.19012735869178948       ,  -0.18735532912795189     
   3.5600000000000001       ,  -0.18622921511462079       ,  -0.20957487195394325     
   3.5800000000000001       ,  -0.17994977558837721       ,  -0.22063539003448546     
   3.6000000000000001       ,  -0.17539772495594819       ,  -0.21350262110774165     
   3.6200000000000001       ,  -0.17372364556484654       ,  -0.19157099113304571     
   3.6400000000000001       ,  -0.17042130012241857       ,  -0.16529397707026466     
   3.6600000000000001       ,  -0.15978021076684118       ,  -0.14597008213985663     
   3.6800000000000002       ,  -0.14448313399317253       ,  -0.13963841343904346     
   3.7000000000000002       ,  -0.14131991558853579       ,  -0.14374292206515996     
   3.7200000000000002       ,  -0.12562097044947701       ,  -0.14781736677053561     
   3.7400000000000002       ,  -0.10915176433792215       ,  -0.13764270694370617     
   3.7600000000000002       ,   -6.5303878759544132E-002  ,  -0.10095268337848208     
   3.7800000000000002       ,   -4.1352059411953884E-003  ,   -3.2346408817102323E-002
   3.8000000000000003       ,    8.0271207795438421E-002  ,    6.4348373359256986E-002
   3.8200000000000003       ,   0.20785583407423119       ,   0.17683267276038503     
   3.8399999999999999       ,   0.29634568466912387       ,   0.28759500578298530     
   3.8599999999999999       ,   0.39684448030753205       ,   0.37833770798206495     
   3.8799999999999999       ,   0.44095862108934164       ,   0.43416582225920758     
   3.8999999999999999       ,   0.46292749951816115       ,   0.44654869692279303     
   3.9199999999999999       ,   0.42028484471436917       ,   0.41464007107241529     
   3.9399999999999999       ,   0.36872100329126378       ,   0.34499483450125362     
   3.9600000000000000       ,   0.26905514899983507       ,   0.24994767191067299     
   3.9800000000000000       ,   0.15427791782286493       ,   0.14500001727804895     
   4.0000000000000000       ,    4.9164977105628865E-002  ,    4.5641992763492775E-002
   4.0200000000000005       ,   -1.0914404664184793E-002  ,   -3.5815774952791805E-002
   4.0400000000000000       ,   -8.3640298707631483E-002  ,   -9.2682995764823847E-002
   4.0600000000000005       ,  -0.10341754957119390       ,  -0.12491329318799235     
   4.0800000000000001       ,  -0.12037272636774130       ,  -0.13834082206203493     
   4.0999999999999996       ,  -0.15070732251894275       ,  -0.14233284783023512     
   4.1200000000000001       ,  -0.15362517501299344       ,  -0.14666205195752391     
   4.1399999999999997       ,  -0.17345844624863196       ,  -0.15872821271811272     
   4.1600000000000001       ,  -0.18788292487461761       ,  -0.18210281405010714     
   4.1799999999999997       ,  -0.20787582966393647       ,  -0.21676125367849167     
   4.2000000000000002       ,  -0.24698359670357831       ,  -0.26058431497710810     
   4.2199999999999998       ,  -0.30197802573294746       ,  -0.31114790362580763     
   4.2400000000000002       ,  -0.34066688380142424       ,  -0.36677535599260597     
   4.2599999999999998       ,  -0.41859651858495672       ,  -0.42632868975564459     
   4.2800000000000002       ,  -0.48875571542934387       ,  -0.48799513980279680     
   4.2999999999999998       ,  -0.54381832140374320       ,  -0.54795507822676792     
   4.3200000000000003       ,  -0.59119703750984098       ,  -0.59994309796892242     
   4.3399999999999999       ,  -0.63872965747619637       ,  -0.63625518590762198     
   4.3600000000000003       ,  -0.62555838995237190       ,  -0.64995510327562689     
   4.3799999999999999       ,  -0.62793662958596208       ,  -0.63732974412082488     
   4.4000000000000004       ,  -0.57253216402490903       ,  -0.59942653938314105     
   4.4199999999999999       ,  -0.52580327017080286       ,  -0.54190135183498678     
   4.4400000000000004       ,  -0.44608585716688065       ,  -0.47320262532901508     
   4.4600000000000000       ,  -0.38486458042857213       ,  -0.40188826697232471     
   4.4800000000000004       ,  -0.32960737305576082       ,  -0.33420890399663045     
   4.5000000000000000       ,  -0.28294595451505233       ,  -0.27283656910725201     
   4.5200000000000005       ,  -0.24008117972694379       ,  -0.21694708362876197     
   4.5400000000000000       ,  -0.20496616757998506       ,  -0.16318071319913008     
   4.5600000000000005       ,  -0.15993692911933194       ,  -0.10670338322640278     
   4.5800000000000001       ,  -0.10572679313667627       ,   -4.1823872717056620E-002
   4.6000000000000005       ,   -4.0390330175313210E-002  ,    3.7786895375967258E-002
   4.6200000000000001       ,    7.2298762615076201E-002  ,   0.13868613378934669     
   4.6399999999999997       ,   0.22720375919075031       ,   0.26636898580341584     
   4.6600000000000001       ,   0.40381062472228435       ,   0.42288181034130634     
   4.6799999999999997       ,   0.60807388315247290       ,   0.60394998968765146     
   4.7000000000000002       ,   0.78993995690038243       ,   0.79693557939991022     
   4.7199999999999998       ,   0.99273252422239289       ,   0.98105251396001203     
   4.7400000000000002       ,    1.1523639242843360       ,    1.1305987109513513     
   4.7599999999999998       ,    1.2380417160263282       ,    1.2207404430469340     
   4.7800000000000002       ,    1.2512412668679840       ,    1.2341571190344964     
   4.7999999999999998       ,    1.1950315906389473       ,    1.1662343636400485     
   4.8200000000000003       ,    1.0338694592144269       ,    1.0268347499453025     
   4.8399999999999999       ,   0.85469938553802827       ,   0.83788539470384649     
   4.8600000000000003       ,   0.65558554771574984       ,   0.62758974205482088     
   4.8799999999999999       ,   0.43359887813882447       ,   0.42331156027225020     
   4.9000000000000004       ,   0.24140284948092386       ,   0.24555972792045844     
   4.9199999999999999       ,   0.10832727740070616       ,   0.10489242245314108     
   4.9400000000000004       ,   -3.6713174188937169E-003  ,    2.2786150020022637E-003
   4.9600000000000000       ,   -6.2689976002441278E-002  ,   -6.7897527135287364E-002
   4.9800000000000004       ,  -0.10844310961820851       ,  -0.11384465523889747     
   5.0000000000000000       ,  -0.13684531566528474       ,  -0.14307150598455728     
   5.0200000000000005       ,  -0.15530946919963501       ,  -0.16080166092021492     
   5.0400000000000000       ,  -0.16877570051358318       ,  -0.17012503660431710     
   5.0600000000000005       ,  -0.17107907510740544       ,  -0.17312888276731039     
   5.0800000000000001       ,  -0.17496654971846665       ,  -0.17198996450298470     
   5.1000000000000005       ,  -0.17582475063494424       ,  -0.16930762244231640     
   5.1200000000000001       ,  -0.17582805729855489       ,  -0.16757179703427053     
   5.1399999999999997       ,  -0.17624883240000003       ,  -0.16822646822658752     
   5.1600000000000001       ,  -0.17624883240000003       ,  -0.17101670709464306     
   5.1799999999999997       ,  -0.17624883240000003       ,  -0.17411480839204169     
   5.2000000000000002       ,  -0.17624883240000003       ,  -0.17505027588270899     
   5.2199999999999998       ,  -0.17584402450847011       ,  -0.17199052370987233     
   5.2400000000000002       ,  -0.17544538508819046       ,  -0.16468648709290226     
   5.2599999999999998       ,  -0.17465413426123719       ,  -0.15452397390255618     
   5.2800000000000002       ,  -0.17294467593022311       ,  -0.14354227800200711     
   5.2999999999999998       ,  -0.16918060101498172       ,  -0.13279701302363800     
   5.3200000000000003       ,  -0.15775329367380264       ,  -0.12081915254751829     
   5.3399999999999999       ,  -0.13666783265582477       ,  -0.10298692126294245     
   5.3600000000000003       ,  -0.10197392684259757       ,   -7.2340025158171201E-002
   5.3799999999999999       ,   -5.3762018707814080E-002  ,   -2.1822856192994247E-002
   5.4000000000000004       ,    2.4568916062583157E-002  ,    5.2660144187586883E-002
   5.4199999999999999       ,   0.10788482206546113       ,   0.14943099665752166     
   5.4400000000000004       ,   0.23562344929781354       ,   0.25960823512287107     
   5.4600000000000000       ,   0.34054213574899983       ,   0.36786532890118567     
   5.4800000000000004       ,   0.43638393808364390       ,   0.45549260570087169     
   5.5000000000000000       ,   0.48929107757038365       ,   0.50504844994654774     
   5.5200000000000005       ,   0.49442816371722809       ,   0.50521432181460124     
   5.5400000000000000       ,   0.44417666479732698       ,   0.45423523994927689     
   5.5600000000000005       ,   0.34841514924967099       ,   0.36067862019247654     
   5.5800000000000001       ,   0.23372949897113879       ,   0.24110821440160693     
   5.6000000000000005       ,   0.12275900401756742       ,   0.11535486289441675     
   5.6200000000000001       ,    1.5274320050686619E-002  ,    9.5665692588709200E-004
   5.6399999999999997       ,   -4.3470340828999497E-002  ,   -9.1333835977322614E-002
   5.6600000000000001       ,  -0.10230688064931373       ,  -0.15947798211405514     
   5.6799999999999997       ,  -0.16164502351656745       ,  -0.20900254538462046     
   5.7000000000000002       ,  -0.20771742216380812       ,  -0.24943311032545665     
   5.7199999999999998       ,  -0.25223191374339021       ,  -0.28983995904876192     
   5.7400000000000002       ,  -0.31223709075173017       ,  -0.33524103598259397     
   5.7599999999999998       ,  -0.36643328856516721       ,  -0.38509954508358363     
   5.7800000000000002       ,  -0.40743314639505523       ,  -0.43418327380131744     
   5.7999999999999998       ,  -0.45915463147577562       ,  -0.47507228618521968     
   5.8200000000000003       ,  -0.48711759254787251       ,  -0.50104088387305779     
   5.8399999999999999       ,  -0.49757844708807486       ,  -0.50810253915197567     
   5.8600000000000003       ,  -0.49767246522317482       ,  -0.49558737238471634     
   5.8799999999999999       ,  -0.46939397300245222       ,  -0.46538073748055203     
   5.9000000000000004       ,  -0.41909212677937224       ,  -0.42050330794100998     
   5.9199999999999999       ,  -0.38485319031501619       ,  -0.36382666961069771     
   5.9400000000000004       ,  -0.32975295304236568       ,  -0.29742053672198621     
   5.9600000000000000       ,  -0.27290077948643376       ,  -0.22255942742621693     
   5.9800000000000004       ,  -0.18494608671786431       ,  -0.14007525222165970     
   6.0000000000000000       ,  -0.10164377265091923       ,   -5.0703568146958630E-002
   6.0200000000000005       ,    9.2924537447313001E-004  ,    4.4704178028931223E-002
   6.0400000000000000       ,   0.11636521409060763       ,   0.14495469471069877     
   6.0600000000000005       ,   0.24993760330880249       ,   0.24803600492114969     
   6.0800000000000001       ,   0.35885024108290375       ,   0.35034780958311668     
   6.1000000000000005       ,   0.47423869223662529       ,   0.44596325358299926     
   6.1200000000000001       ,   0.56510366150213875       ,   0.52651917126361791     
   6.1400000000000006       ,   0.61280837739854455       ,   0.58226320418870570     
   6.1600000000000001       ,   0.63557305391590924       ,   0.60431436219595480     
   6.1799999999999997       ,   0.62216156799082589       ,   0.58751324975097341     
   6.2000000000000002       ,   0.55221796131016332       ,   0.53271678304141690     
   6.2199999999999998       ,   0.46084220511177287       ,   0.44737141931796642     
   6.2400000000000002       ,   0.37367208175511768       ,   0.34378875049922014     
   6.2599999999999998       ,   0.26642628628661547       ,   0.23553309300857431     
   6.2800000000000002       ,   0.14989134633732409       ,   0.13325498448955705     
   6.2999999999999998       ,    5.8482458336619289E-002  ,    4.1690915843692382E-002
   6.3200000000000003       ,   -2.8331239405537504E-002  ,   -4.0845724093129220E-002
   6.3399999999999999       ,  -0.12766325877840728       ,  -0.12020228021778268     
   6.3600000000000003       ,  -0.20314577899558561       ,  -0.20230415057296222     
   6.3799999999999999       ,  -0.28427905088043165       ,  -0.28904562340125250     
   6.4000000000000004       ,  -0.36134825919806562       ,  -0.37599641216488516     
   6.4199999999999999       ,  -0.43703250461047638       ,  -0.45298515116299565     
   6.4400000000000004       ,  -0.48116141562996173       ,  -0.50736547416812272     
   6.4600000000000000       ,  -0.49386292335020593       ,  -0.52861152615172102     
   6.4800000000000004       ,  -0.48861028202179418       ,  -0.51234230181085838     
   6.5000000000000000       ,  -0.45474964216774882       ,  -0.46215744833677674     
   6.5200000000000005       ,  -0.39679534357506047       ,  -0.38861829577434243     
   6.5400000000000000       ,  -0.32789936042139584       ,  -0.30587935492143864     
   6.5600000000000005       ,  -0.25716275119444665       ,  -0.22735791302417066     
   6.5800000000000001       ,  -0.20873339150668324       ,  -0.16208327741632644     
   6.6000000000000005       ,  -0.15903105682140603       ,  -0.11295424840152363     
   6.6200000000000001       ,  -0.11755760304327392       ,   -7.7296175943686735E-002
   6.6400000000000006       ,   -8.7179970551521116E-002  ,   -4.9229219484835690E-002
   6.6600000000000001       ,   -5.0602639754095312E-002  ,   -2.2777397643124603E-002
   6.6799999999999997       ,   -1.9899212285722293E-003  ,    5.4683903590184947E-003
   6.7000000000000002       ,    4.3029039253290102E-002  ,    3.5007200160203665E-002
   6.7199999999999998       ,    7.3822196563308518E-002  ,    6.1717571400327846E-002
   6.7400000000000002       ,    8.5748232789397555E-002  ,    7.9509482080700383E-002
   6.7599999999999998       ,    7.7776199753195455E-002  ,    8.2646852973386614E-002
   6.7800000000000002       ,    7.0483920124802049E-002  ,    6.7888055989224261E-002
   6.7999999999999998       ,    3.8873228359421683E-002  ,    3.5707278622278106E-002
   6.8200000000000003       ,   -2.6386046920745410E-003  ,   -9.7999949859783261E-003
   6.8399999999999999       ,   -4.7226585180580122E-002  ,   -6.2259854953765674E-002
   6.8600000000000003       ,   -9.6711745130103721E-002  ,  -0.11509410552384920     
   6.8799999999999999       ,  -0.13487903234080023       ,  -0.16352643902044381     
   6.9000000000000004       ,  -0.16672595450059741       ,  -0.20572787621470875     
   6.9199999999999999       ,  -0.21709872146249967       ,  -0.24263471302606093     
   6.9400000000000004       ,  -0.25691612608344672       ,  -0.27651787914257753     
   6.9600000000000000       ,  -0.29590261717927641       ,  -0.30893129151250998     
   6.9800000000000004       ,  -0.32642035541792846       ,  -0.33896680860325251     
   7.0000000000000000       ,  -0.34640690853806011       ,  -0.36262974650265500     
   7.0200000000000005       ,  -0.35855930900519695       ,  -0.37364332506706660     
   7.0400000000000000       ,  -0.35337680932351911       ,  -0.36531674479491061     
   7.0600000000000005       ,  -0.33659916670484069       ,  -0.33260194661383996     
   7.0800000000000001       ,  -0.28874705029381004       ,  -0.27339176146841732     
   7.1000000000000005       ,  -0.23759382834114087       ,  -0.18853663570394052     
   7.1200000000000001       ,  -0.14067033651077282       ,   -8.0771353921576097E-002
   7.1400000000000006       ,   -9.9947671257638766E-003  ,    4.6635194533125666E-002
   7.1600000000000001       ,   0.14271755827336824       ,   0.19052403269745019     
   7.1799999999999997       ,   0.32050085750354151       ,   0.34721366819879734     
   7.2000000000000002       ,   0.51038525594604822       ,   0.51082770390009469     
   7.2199999999999998       ,   0.67392365680187727       ,   0.67158868744651223     
   7.2400000000000002       ,   0.81204534905928627       ,   0.81536676752308990     
   7.2599999999999998       ,   0.93122558188765459       ,   0.92534735589430461     
   7.2800000000000002       ,    1.0236936293390331       ,   0.98570338060831775     
   7.2999999999999998       ,    1.0113751531133106       ,   0.98609431719209706     
   7.3200000000000003       ,   0.94275895428915479       ,   0.92521966799979938     
   7.3399999999999999       ,   0.82721133487737575       ,   0.81187420924119658     
   7.3600000000000003       ,   0.68365365811993972       ,   0.66292791903876014     
   7.3799999999999999       ,   0.51723758776624629       ,   0.49893638518258365     
   7.4000000000000004       ,   0.36574449918492391       ,   0.33906058233584579     
   7.4199999999999999       ,   0.19989289733395715       ,   0.19716994464099502     
   7.4400000000000004       ,    9.4526528945028720E-002  ,    8.0343914721888371E-002
   7.4600000000000000       ,   -2.0248834762058611E-003  ,   -1.0170705724910621E-002
   7.4800000000000004       ,   -7.1861995372745208E-002  ,   -7.6551340150554523E-002
   7.5000000000000000       ,  -0.11669847158885158       ,  -0.12199229233523623     
   7.5200000000000005       ,  -0.14834964182728128       ,  -0.14941157193937177     
   7.5400000000000000       ,  -0.15897158168446812       ,  -0.16151385309835795     
   7.5600000000000005       ,  -0.16894610825843212       ,  -0.16157462455733976     
   7.5800000000000001       ,  -0.17214990660197238       ,  -0.15392660343468192     
   7.6000000000000005       ,  -0.17088145570873631       ,  -0.14343196228620977     
   7.6200000000000001       ,  -0.16348955595214831       ,  -0.13400020664913245     
   7.6400000000000006       ,  -0.15906839245416177       ,  -0.12697287880521652     
   7.6600000000000001       ,  -0.14973263385855345       ,  -0.12046377211382414     
   7.6799999999999997       ,  -0.12603425347521699       ,  -0.11032714077264458     
   7.7000000000000002       ,  -0.10611240018449694       ,   -9.2539361229071360E-002
   7.7199999999999998       ,   -7.6772709967863811E-002  ,   -6.5920710160026749E-002
   7.7400000000000002       ,   -6.2097250196290497E-002  ,   -3.3796964711157430E-002
   7.7599999999999998       ,   -2.5416395034344681E-002  ,   -3.6254716302495096E-003
   7.7800000000000002       ,   -1.5888810294566645E-002  ,    1.5407953270677881E-002
   7.7999999999999998       ,   -1.8713893925810077E-002  ,    1.5786798874882952E-002
   7.8200000000000003       ,   -2.1826909880870576E-002  ,   -5.5041935783550870E-003
   7.8399999999999999       ,   -5.9572657111529648E-002  ,   -4.6010946101661593E-002
   7.8600000000000003       ,   -8.8429655571627519E-002  ,   -9.9086059890571759E-002
   7.8799999999999999       ,  -0.14058488534903152       ,  -0.15669622993185894     
   7.9000000000000004       ,  -0.19294184471783218       ,  -0.21234681076132811     
   7.9199999999999999       ,  -0.24782391653578828       ,  -0.26274779865237941     
   7.9400000000000004       ,  -0.30154928798631730       ,  -0.30757411145398117     
   7.9600000000000000       ,  -0.34083381127620727       ,  -0.34768198599143085     
   7.9800000000000004       ,  -0.38963858451433442       ,  -0.38289470900810124     
   8.0000000000000000       ,  -0.41760392183491302       ,  -0.41059145602038488     
   8.0199999999999996       ,  -0.43147604878629053       ,  -0.42580574896196033     
   8.0400000000000009       ,  -0.41921145184325559       ,  -0.42269395056082382     
   8.0600000000000005       ,  -0.40256612451481688       ,  -0.39654573607961097     
   8.0800000000000001       ,  -0.34714400258009226       ,  -0.34533240277683130     
   8.0999999999999996       ,  -0.28523554174617205       ,  -0.27017089857990656     
   8.1200000000000010       ,  -0.19898646311398152       ,  -0.17475310599619412     
   8.1400000000000006       ,   -9.2103507276948993E-002  ,   -6.4340101005999920E-002
   8.1600000000000001       ,    4.7153898422125251E-002  ,    5.4960703304258909E-002
   8.1799999999999997       ,   0.17273856059239276       ,   0.17626777181492206     
   8.1999999999999993       ,   0.30506934365955074       ,   0.29155217851407278     
   8.2200000000000006       ,   0.40908673109775240       ,   0.39144817820022049     
   8.2400000000000002       ,   0.47465836150419671       ,   0.46587888733975502     
   8.2599999999999998       ,   0.52064069084474029       ,   0.50569287839774446     
   8.2799999999999994       ,   0.49974083127698027       ,   0.50488343160726945     
   8.3000000000000007       ,   0.46599194046679931       ,   0.46251432914147622     
   8.3200000000000003       ,   0.39846718568725104       ,   0.38347275003888637     
   8.3399999999999999       ,   0.31206147081858354       ,   0.27762979429459378     
   8.3599999999999994       ,   0.17812928916421519       ,   0.15767403609393132     
   8.3800000000000008       ,    7.3871629499664207E-002  ,    3.6435849009962648E-002
   8.4000000000000004       ,   -3.4858921078041366E-002  ,   -7.5335682679993937E-002
   8.4199999999999999       ,  -0.12950312619723359       ,  -0.17009235120543070     
   8.4399999999999995       ,  -0.20972730188874891       ,  -0.24342261491611794     
   8.4600000000000009       ,  -0.27440988504652797       ,  -0.29323892318032380     
   8.4800000000000004       ,  -0.30745437474228232       ,  -0.31885970351988424     
   8.5000000000000000       ,  -0.32079101682882943       ,  -0.32047168388874286     
   8.5199999999999996       ,  -0.31192857718316014       ,  -0.29908579450501338     
   8.5400000000000009       ,  -0.26198854798216287       ,  -0.25676227521889128     
   8.5600000000000005       ,  -0.20288740185897677       ,  -0.19676993013915189     
   8.5800000000000001       ,  -0.14674518817064663       ,  -0.12348566974180909     
   8.5999999999999996       ,   -6.4352884194774126E-002  ,   -4.2092678949961833E-002
   8.6200000000000010       ,    2.1532953603154513E-002  ,    4.1702709083166173E-002
   8.6400000000000006       ,   0.10968196368428773       ,   0.12176741396446185     
   8.6600000000000001       ,   0.18458756964765782       ,   0.19151136207796152     
   8.6799999999999997       ,   0.23724449049906082       ,   0.24402105234297905     
   8.7000000000000011       ,   0.28789993541041142       ,   0.27268722080015478     
   8.7200000000000006       ,   0.29064234347948126       ,   0.27242836211766291     
   8.7400000000000002       ,   0.25099572331092590       ,   0.24121697035891701     
   8.7599999999999998       ,   0.19261933801232220       ,   0.18128667606086721     
   8.7799999999999994       ,   0.11419695229343385       ,    9.9361756666021012E-002
   8.8000000000000007       ,    1.0765333843775982E-002  ,    5.5810332451308748E-003
   8.8200000000000003       ,   -6.7661378406359871E-002  ,   -8.8650437946134600E-002
   8.8399999999999999       ,  -0.15672024418676397       ,  -0.17314086909554829     
   8.8599999999999994       ,  -0.23174522917651172       ,  -0.24080480558641248     
   8.8800000000000008       ,  -0.28008973657037878       ,  -0.28831672541481290     
   8.9000000000000004       ,  -0.31608802439304451       ,  -0.31545188302970883     
   8.9199999999999999       ,  -0.34205951386422384       ,  -0.32363730736133228     
   8.9399999999999995       ,  -0.33156704673540899       ,  -0.31454043372197332     
   8.9600000000000009       ,  -0.31809092514757425       ,  -0.28938842276301779     
   8.9800000000000004       ,  -0.28234405987095174       ,  -0.24923092186788101     
   9.0000000000000000       ,  -0.21820604723756709       ,  -0.19581016330138395     
   9.0199999999999996       ,  -0.14163770526349928       ,  -0.13238692230968652     
   9.0400000000000009       ,   -7.5703125915141445E-002  ,   -6.3945695900746280E-002
   9.0600000000000005       ,    3.3015002357732991E-003  ,    3.4038207128309806E-003
   9.0800000000000001       ,    5.5424723029447606E-002  ,    6.3547778466201688E-002
   9.0999999999999996       ,   0.11666071394223784       ,   0.11146958134146814     
   9.1200000000000010       ,   0.15312148136794118       ,   0.14386824904269058     
   9.1400000000000006       ,   0.17300350590877928       ,   0.15917288625140630     
   9.1600000000000001       ,   0.16229327077990124       ,   0.15720478516955164     
   9.1799999999999997       ,   0.14788665278916324       ,   0.13889871077086491     
   9.2000000000000011       ,   0.10719453847712135       ,   0.10634532414829949     
   9.2200000000000006       ,    7.6840329767776328E-002  ,    6.3067058001939583E-002
   9.2400000000000002       ,    2.6372262238098902E-002  ,    1.4137888415158433E-002
   9.2599999999999998       ,   -1.8211363487028134E-002  ,   -3.4269275220958045E-002
   9.2799999999999994       ,   -6.7857114953017911E-002  ,   -7.6020253672340540E-002
   9.3000000000000007       ,   -9.8320603809853066E-002  ,  -0.10648706893818514     
   9.3200000000000003       ,  -0.12038772245708566       ,  -0.12365528555811196     
   9.3399999999999999       ,  -0.13607044404235968       ,  -0.12822859933309610     
   9.3599999999999994       ,  -0.13911454329533035       ,  -0.12255287086623684     
   9.3800000000000008       ,  -0.13390330837319420       ,  -0.10884031917526669     
   9.4000000000000004       ,  -0.10701896075228431       ,   -8.7653121694849040E-002
   9.4199999999999999       ,   -7.0528159038735397E-002  ,   -5.7591137361929973E-002
   9.4399999999999995       ,   -2.3582816161996832E-002  ,   -1.6561747036813269E-002
   9.4600000000000009       ,    3.2921700662685849E-002  ,    3.5853692319114748E-002
   9.4800000000000004       ,    9.6743742468698324E-002  ,    9.6129740450375964E-002
   9.5000000000000000       ,   0.18257601119646422       ,   0.15595686742821521     
   9.5199999999999996       ,   0.21840215793981424       ,   0.20360428505960709     
   9.5400000000000009       ,   0.24378661265968643       ,   0.22723083837821931     
   9.5600000000000005       ,   0.21707227869500897       ,   0.21889707980383574     
   9.5800000000000001       ,   0.18978360041049669       ,   0.17758860357189948     
   9.5999999999999996       ,   0.12841185811576361       ,   0.10991950056085896     
   9.6200000000000010       ,    4.1655311406465667E-002  ,    2.8194462783093129E-002
   9.6400000000000006       ,   -3.7868847408518029E-002  ,   -5.3318403228209001E-002
   9.6600000000000001       ,  -0.11149575340841014       ,  -0.12229127272922316     
   9.6799999999999997       ,  -0.15839501726453450       ,  -0.17082578406307988     
   9.7000000000000011       ,  -0.20056550688894845       ,  -0.19571361714362701     
   9.7200000000000006       ,  -0.21588724026584960       ,  -0.19677944975925099     
   9.7400000000000002       ,  -0.21149135705538566       ,  -0.17451807202659675     
   9.7599999999999998       ,  -0.17255768478164973       ,  -0.12847305084128835     
   9.7799999999999994       ,  -0.10177188442282985       ,   -5.7287503805893272E-002
   9.8000000000000007       ,    8.2575319115236190E-003  ,    3.9612620103297191E-002
   9.8200000000000003       ,   0.13918907474214187       ,   0.15964910913677280     
   9.8399999999999999       ,   0.28980556550434022       ,   0.29536646542379402     
   9.8599999999999994       ,   0.42826405357417135       ,   0.43437529906721584     
   9.8800000000000008       ,   0.55904240944716710       ,   0.56118422396270307     
   9.9000000000000004       ,   0.67075089319894110       ,   0.66027233438714827     
   9.9199999999999999       ,   0.72833030751167815       ,   0.71925556314088823     
   9.9399999999999995       ,   0.73629503774601113       ,   0.73107948818518698     
   9.9600000000000009       ,   0.72026337206841295       ,   0.69472232197754547     
   9.9800000000000004       ,   0.61855836024613042       ,   0.61457746812524183     
   10.000000000000000       ,   0.52543509986624326       ,   0.49913791662128765     
   10.020000000000000       ,   0.38266313246188266       ,   0.35962960749662159     
   10.040000000000001       ,   0.23692879715395676       ,   0.20890566742635261     
   10.060000000000000       ,    8.2324253869504718E-002  ,    6.0486286608169466E-002
   10.080000000000000       ,   -5.4136215931798091E-002  ,   -7.2594187244740607E-002
   10.100000000000000       ,  -0.15593273221215664       ,  -0.17934526741168438     
   10.120000000000001       ,  -0.23242944479340483       ,  -0.25260718158543388     
   10.140000000000001       ,  -0.28120866432708302       ,  -0.29049982243510797     
   10.160000000000000       ,  -0.28692785097109719       ,  -0.29684933527689200     
   10.180000000000000       ,  -0.28159574554723121       ,  -0.28018468151758796     
   10.200000000000001       ,  -0.26700098121583432       ,  -0.25145963746632211     
   10.220000000000001       ,  -0.24146041413483599       ,  -0.22122255628646759     
   10.240000000000000       ,  -0.21851110569057486       ,  -0.19722541090871301     
   10.260000000000000       ,  -0.20254345924692330       ,  -0.18328182182471328     
   10.279999999999999       ,  -0.19364279242099952       ,  -0.17963094287213677     
   10.300000000000001       ,  -0.19402413925221590       ,  -0.18441120811144035     
   10.320000000000000       ,  -0.20044846724567486       ,  -0.19541274092077049     
   10.340000000000000       ,  -0.21560794947110568       ,  -0.21125856394687148     
   10.359999999999999       ,  -0.23926977637123301       ,  -0.23154527393475402     
   10.380000000000001       ,  -0.26871494770337379       ,  -0.25603983094866528     
   10.400000000000000       ,  -0.30698889382333927       ,  -0.28349119572058684     
   10.420000000000000       ,  -0.33502761312021911       ,  -0.31076071111870635     
   10.440000000000000       ,  -0.36512352251449398       ,  -0.33276761074075267     
   10.460000000000001       ,  -0.37617147601381251       ,  -0.34332778874937420     
   10.480000000000000       ,  -0.36909650784653053       ,  -0.33656270702628449     
   10.500000000000000       ,  -0.34545763875454161       ,  -0.30835769281902792     
   10.520000000000000       ,  -0.28143799771476452       ,  -0.25741012743578551     
   10.540000000000001       ,  -0.20580632582827915       ,  -0.18564329754816741     
   10.560000000000000       ,  -0.10777964831576461       ,   -9.8014750813398707E-002
   10.580000000000000       ,    5.9664218190848342E-003  ,   -1.8900785744586021E-003
   10.600000000000000       ,    9.9803797289555213E-002  ,    9.3848223476261178E-002
   10.620000000000001       ,   0.18805146515717358       ,   0.17986570591834128     
   10.640000000000001       ,   0.25879675887285741       ,   0.24757424348601281     
   10.660000000000000       ,   0.30956236638248225       ,   0.29038025157041186     
   10.680000000000000       ,   0.32043540779839069       ,   0.30478376939566681     
   10.700000000000001       ,   0.30224883830354832       ,   0.29103409980494793     
   10.720000000000001       ,   0.27622759787279577       ,   0.25307416650424142     
   10.740000000000000       ,   0.22901798055358050       ,   0.19769013049816753     
   10.760000000000000       ,   0.16722087738274596       ,   0.13306173131728813     
   10.779999999999999       ,    9.7748702356383638E-002  ,    6.7147052701251361E-002
   10.800000000000001       ,    3.8949272446228075E-002  ,    6.4012419555271906E-003
   10.820000000000000       ,   -1.5293432381243772E-002  ,   -4.4827126723120336E-002
   10.840000000000000       ,   -6.2451807459494094E-002  ,   -8.4187702778853554E-002
   10.859999999999999       ,   -9.9733092385016042E-002  ,  -0.11078253214708367     
   10.880000000000001       ,  -0.11587302470820007       ,  -0.12460785493050755     
   10.900000000000000       ,  -0.11737069002872876       ,  -0.12632629815134930     
   10.920000000000000       ,  -0.10768557868570713       ,  -0.11744767941896775     
   10.940000000000000       ,   -8.8627696959524105E-002  ,  -0.10069914740280594     
   10.960000000000001       ,   -6.8651759902632919E-002  ,   -8.0201338363049046E-002
   10.980000000000000       ,   -4.9994827182089648E-002  ,   -6.1129078715669735E-002
   11.000000000000000       ,   -3.4938498960028729E-002  ,   -4.8791330536759110E-002
   11.020000000000000       ,   -3.6487201199304556E-002  ,   -4.7378116629634121E-002
   11.040000000000001       ,   -5.1228992149232655E-002  ,   -5.8824476396559501E-002
   11.060000000000000       ,   -6.7233508128135944E-002  ,   -8.2226193018441474E-002
   11.080000000000000       ,  -0.11774826585117773       ,  -0.11401890743296769     
   11.100000000000000       ,  -0.15539062230647321       ,  -0.14881924719816755     
   11.120000000000001       ,  -0.19425669043203320       ,  -0.18058316200578350     
   11.140000000000001       ,  -0.22282107208661506       ,  -0.20367705233916170     
   11.160000000000000       ,  -0.24360353673715424       ,  -0.21359207262288707     
   11.180000000000000       ,  -0.24081225447704219       ,  -0.20726840240787159     
   11.200000000000001       ,  -0.21676755205213402       ,  -0.18319485237460431     
   11.220000000000001       ,  -0.16963162360288203       ,  -0.14150321379384639     
   11.240000000000000       ,  -0.10405188415023511       ,   -8.4169707173941941E-002
   11.260000000000000       ,   -2.8819709021576212E-002  ,   -1.5245756782367533E-002
   11.279999999999999       ,    4.7795477622729968E-002  ,    5.9108982679009339E-002
   11.300000000000001       ,   0.13292148914130955       ,   0.13102958044650231     
   11.320000000000000       ,   0.19152372520090438       ,   0.19188005143655557     
   11.340000000000000       ,   0.23163628354365046       ,   0.23358946829282845     
   11.359999999999999       ,   0.25855108278560790       ,   0.25007206445400793     
   11.380000000000001       ,   0.24516442099661512       ,   0.23835753416885802     
   11.400000000000000       ,   0.21564729054607476       ,   0.19915728578162431     
   11.420000000000000       ,   0.15610151413192502       ,   0.13678773657939275     
   11.440000000000000       ,    7.1576333538989734E-002  ,    5.8558716296799262E-002
   11.460000000000001       ,   -1.0866323199177803E-003  ,   -2.6173510424313765E-002
   11.480000000000000       ,   -8.6682978363901916E-002  ,  -0.10711472013098784     
   11.500000000000000       ,  -0.17348345734205609       ,  -0.17421939779770451     
   11.520000000000000       ,  -0.21959799646997838       ,  -0.21893858774545849     
   11.540000000000001       ,  -0.23279573013822327       ,  -0.23548662649454613     
   11.560000000000000       ,  -0.22597498522463333       ,  -0.22196831626391206     
   11.580000000000000       ,  -0.18131321435396841       ,  -0.18107512808062187     
   11.600000000000000       ,  -0.12004392632470766       ,  -0.12001600277755226     
   11.620000000000001       ,   -4.9661117007291679E-002  ,   -4.9470343097747400E-002
   11.640000000000001       ,    2.5449417736828753E-002  ,    1.8370680150903724E-002
   11.660000000000000       ,    7.7033710942536679E-002  ,    7.2274062415022267E-002
   11.680000000000000       ,   0.11429644060081863       ,   0.10430562099020634     
   11.700000000000001       ,   0.11263856065587571       ,   0.11138033019622515     
   11.720000000000001       ,   0.10241605787168082       ,    9.5593723644834289E-002
   11.740000000000000       ,    6.8307108301573410E-002  ,    6.3308457083252320E-002
   11.760000000000000       ,    1.2849957107371045E-002  ,    2.3377902536521940E-002
   11.779999999999999       ,   -2.7401768981040436E-002  ,   -1.4869907530132322E-002
   11.800000000000001       ,   -6.3607703296129539E-002  ,   -4.3285446999261137E-002
   11.820000000000000       ,   -8.1189843954940472E-002  ,   -5.5842755638242918E-002
   11.840000000000000       ,   -8.7127305307270433E-002  ,   -4.8890858900762189E-002
   11.859999999999999       ,   -5.6330320869207695E-002  ,   -2.1011663903853894E-002
   11.880000000000001       ,    9.8597036680076779E-004  ,    2.7135862790287228E-002
   11.900000000000000       ,    8.0895265383514964E-002  ,    9.2755038466724588E-002
   11.920000000000000       ,   0.15154315204960755       ,   0.17068809551877487     
   11.940000000000000       ,   0.25599621384971438       ,   0.25333833041826798     
   11.960000000000001       ,   0.33645764936276401       ,   0.33112191800298446     
   11.980000000000000       ,   0.39577359313517946       ,   0.39367306060535306     
   12.000000000000000       ,   0.43642086517057344       ,   0.43169367785969748     
   12.020000000000000       ,   0.44098708998679415       ,   0.43899134018430286     
   12.040000000000001       ,   0.42293765821156831       ,   0.41406008953578016     
   12.060000000000000       ,   0.37875653772101792       ,   0.36063315105679455     
   12.080000000000000       ,   0.31879211812828012       ,   0.28695828151063202     
   12.100000000000000       ,   0.22910006021834747       ,   0.20398418862656417     
   12.120000000000001       ,   0.15671516837911806       ,   0.12301421161696571     
   12.140000000000001       ,    7.2986682670925770E-002  ,    5.3527670035725200E-002
   12.160000000000000       ,    2.1212998114454061E-002  ,    1.7392719336542242E-003
   12.180000000000000       ,   -2.5838289647027356E-002  ,   -2.9864163901848258E-002
   12.200000000000001       ,   -4.0414751323712861E-002  ,   -4.2143894839923458E-002
   12.220000000000001       ,   -4.8460854813297843E-002  ,   -3.8469771527825852E-002
   12.240000000000000       ,   -2.4631472762792719E-002  ,   -2.3834155501875752E-002
   12.260000000000000       ,    1.8121406611319082E-003  ,   -4.1606440850544069E-003
   12.280000000000001       ,    2.1999934209270263E-002  ,    1.4206930253579520E-002
   12.300000000000001       ,    3.7323728104668503E-002  ,    2.5037384811607784E-002
   12.320000000000000       ,    2.7853453321240736E-002  ,    2.2979944459001634E-002
   12.340000000000000       ,    1.7873532545000098E-003  ,    4.6056166991213891E-003
   12.359999999999999       ,   -3.5214459138558793E-002  ,   -3.0501985504579734E-002
   12.380000000000001       ,   -9.4662829032025067E-002  ,   -7.9030439229650085E-002
   12.400000000000000       ,  -0.16108932648881666       ,  -0.13402951236692479     
   12.420000000000000       ,  -0.21702548039343456       ,  -0.18602247492141918     
   12.440000000000000       ,  -0.25651721090173818       ,  -0.22498200427285472     
   12.460000000000001       ,  -0.26014348804062848       ,  -0.24265686389556326     
   12.480000000000000       ,  -0.25375165305885966       ,  -0.23455412032118730     
   12.500000000000000       ,  -0.23199684735763165       ,  -0.20096844440329170     
   12.520000000000000       ,  -0.17049584829655917       ,  -0.14677630354457458     
   12.540000000000001       ,   -9.8025960723798850E-002  ,   -8.0141322451888306E-002
   12.560000000000000       ,   -2.4769820205657708E-002  ,   -1.0625787224982426E-002
   12.580000000000000       ,    3.5518958528906797E-002  ,    5.2669379448663796E-002
   12.600000000000000       ,    9.2485149030244310E-002  ,   0.10244391894114357     
   12.620000000000001       ,   0.12280398241333657       ,   0.13382909331409659     
   12.640000000000001       ,   0.14295966817085010       ,   0.14444335766115129     
   12.660000000000000       ,   0.14106363747999545       ,   0.13418981216203960     
   12.680000000000000       ,   0.11399857050955423       ,   0.10508458031598357     
   12.700000000000001       ,    7.2512172781158957E-002  ,    6.1205106260222290E-002
   12.720000000000001       ,    2.2161260714384203E-002  ,    8.6039019806544402E-003
   12.740000000000000       ,   -2.7723220722675159E-002  ,   -4.5103333672160739E-002
   12.760000000000000       ,   -7.7904440289967042E-002  ,   -9.1703739373157470E-002
   12.780000000000001       ,  -0.11704914944688766       ,  -0.12388920447787244     
   12.800000000000001       ,  -0.12637198599456057       ,  -0.13696216753896862     
   12.820000000000000       ,  -0.11844042277097769       ,  -0.13019488864759629     
   12.840000000000000       ,   -9.9409122142421771E-002  ,  -0.10729509643606502     
   12.859999999999999       ,   -6.1315487629495916E-002  ,   -7.5681634768360040E-002
   12.880000000000001       ,   -4.0606426558963127E-002  ,   -4.4680485463545930E-002
   12.900000000000000       ,   -1.9065044648308955E-002  ,   -2.3146080023129029E-002
   12.920000000000000       ,   -2.8281847892559064E-003  ,   -1.7227399280599520E-002
   12.940000000000000       ,   -1.4476388430801816E-002  ,   -2.8942902737947359E-002
   12.960000000000001       ,   -4.5635087287311804E-002  ,   -5.5930473162939427E-002
   12.980000000000000       ,   -8.9167890093701865E-002  ,   -9.2328362517218293E-002
   13.000000000000000       ,  -0.13285088984610555       ,  -0.13039093274655769     
   13.020000000000000       ,  -0.16542122546049010       ,  -0.16228135129321386     
   13.040000000000001       ,  -0.18307308978320427       ,  -0.18155050060502423     
   13.060000000000000       ,  -0.19528554859886371       ,  -0.18404172151017339     
   13.080000000000000       ,  -0.17420033046943437       ,  -0.16822552903695051     
   13.100000000000000       ,  -0.14875399903205086       ,  -0.13514171426405142     
   13.120000000000001       ,  -0.10069254840169822       ,   -8.8146943588905458E-002
   13.140000000000001       ,   -3.6805227808394944E-002  ,   -3.2560922422597262E-002
   13.160000000000000       ,    2.0989246842868740E-002  ,    2.4833800972029918E-002
   13.180000000000000       ,    7.6589647492351351E-002  ,    7.6550505084179390E-002
   13.200000000000001       ,   0.11148255177438471       ,   0.11546751559398996     
   13.220000000000001       ,   0.14065111175342696       ,   0.13609500311298883     
   13.240000000000000       ,   0.14149661325525603       ,   0.13574579456740946     
   13.260000000000000       ,   0.12236575657597852       ,   0.11522962951881127     
   13.280000000000001       ,   0.10002912857839413       ,    7.8766690722262958E-002
   13.300000000000001       ,    5.7140113429664435E-002  ,    3.3046764673475636E-002
   13.320000000000000       ,    1.3986830968409796E-002  ,   -1.4343318742106528E-002
   13.340000000000000       ,   -2.8474793052862123E-002  ,   -5.6666484101434197E-002
   13.359999999999999       ,   -6.4684728936722141E-002  ,   -8.9431078769147535E-002
   13.380000000000001       ,   -8.8962533955295853E-002  ,  -0.11104192457020633     
   13.400000000000000       ,  -0.10571613624601942       ,  -0.12258891139085813     
   13.420000000000000       ,  -0.11306663179288068       ,  -0.12695637561008677     
   13.440000000000000       ,  -0.12120595470619377       ,  -0.12763819704993312     
   13.460000000000001       ,  -0.11946383771851736       ,  -0.12767214341459918     
   13.480000000000000       ,  -0.12319684882525400       ,  -0.12897138588792106     
   13.500000000000000       ,  -0.13362141440314346       ,  -0.13211352634395465     
   13.520000000000000       ,  -0.14752112343317805       ,  -0.13645929087950256     
   13.540000000000001       ,  -0.16042825515490505       ,  -0.14039864065783553     
   13.560000000000000       ,  -0.17500322055475456       ,  -0.14157896993159935     
   13.580000000000000       ,  -0.18221930761754346       ,  -0.13710476237175642     
   13.600000000000000       ,  -0.17907220912654231       ,  -0.12381819567570393     
   13.620000000000001       ,  -0.14578563250533802       ,   -9.8795668555463359E-002
   13.640000000000001       ,   -9.9011250295493833E-002  ,   -6.0101576393595986E-002
   13.660000000000000       ,   -2.9459028026530290E-002  ,   -7.6721694292430954E-003
   13.680000000000000       ,    4.1060939287530157E-002  ,    5.5950982820804837E-002
   13.700000000000001       ,   0.12896448527806231       ,   0.12536759682346316     
   13.720000000000001       ,   0.19503408378005990       ,   0.19277848205296372     
   13.740000000000000       ,   0.25258359335137043       ,   0.24917703712625927     
   13.760000000000000       ,   0.30709464720068846       ,   0.28604224649975196     
   13.780000000000001       ,   0.31845031248802358       ,   0.29712056766118067     
   13.800000000000001       ,   0.30483543461771495       ,   0.27983798707608931     
   13.820000000000000       ,   0.26800883836220113       ,   0.23598422841784686     
   13.840000000000000       ,   0.20885799898801435       ,   0.17151073567610156     
   13.859999999999999       ,   0.14051308856347819       ,    9.5504799169963531E-002
   13.880000000000001       ,    5.9478886876509630E-002  ,    1.8574846919257183E-002
   13.900000000000000       ,   -1.2911950735759146E-002  ,   -4.9026468126459277E-002
   13.920000000000000       ,   -7.2251174792481332E-002  ,   -9.9197459486449049E-002
   13.940000000000000       ,  -0.11588013238659252       ,  -0.12738660312173833     
   13.960000000000001       ,  -0.12204548867848403       ,  -0.13333681901347114     
   13.980000000000000       ,  -0.11993023274918332       ,  -0.12099773394709289     
   14.000000000000000       ,   -9.1475199842750349E-002  ,   -9.7554004198763353E-002
   14.020000000000000       ,   -7.7075056263834790E-002  ,   -7.1695645932835922E-002
   14.040000000000001       ,   -5.8023191422955353E-002  ,   -5.1463511384429686E-002
   14.060000000000000       ,   -5.5650362625716536E-002  ,   -4.2176433458475736E-002
   14.080000000000000       ,   -6.8785712287650985E-002  ,   -4.5004027537251100E-002
   14.100000000000000       ,   -9.1743880424065991E-002  ,   -5.6631149661690687E-002
   14.120000000000001       ,  -0.10459513319368557       ,   -7.0170282813644166E-002
   14.140000000000001       ,  -0.12072750774154645       ,   -7.7098583865088152E-002
   14.160000000000000       ,  -0.10508336725904244       ,   -6.9662795808040481E-002
   14.180000000000000       ,   -7.1130616438074959E-002  ,   -4.3040946508332269E-002
   14.200000000000001       ,   -1.6138531263387164E-002  ,    3.3572956053251643E-003
   14.220000000000001       ,    5.6265656375883051E-002  ,    6.5763381211884672E-002
   14.240000000000000       ,   0.12801339451958471       ,   0.13701264997876822     
   14.260000000000000       ,   0.21004528494790212       ,   0.20819080591864070     
   14.280000000000001       ,   0.27665787494057859       ,   0.27042726902980463     
   14.300000000000001       ,   0.32849748955185798       ,   0.31638672127890199     
   14.320000000000000       ,   0.35741794705547481       ,   0.34123999963080981     
   14.340000000000000       ,   0.35654627394293459       ,   0.34313160636207446     
   14.359999999999999       ,   0.35090456092956346       ,   0.32328363612299876     
   14.380000000000001       ,   0.30347512603965848       ,   0.28584441887803863     
   14.400000000000000       ,   0.26051259754003098       ,   0.23746265091267865     
   14.420000000000000       ,   0.20553312003868043       ,   0.18646378822412540     
   14.440000000000000       ,   0.15441100676730990       ,   0.14153291379483940     
   14.460000000000001       ,   0.11110494449924321       ,   0.10999434243880962     
   14.480000000000000       ,    9.9265326277912069E-002  ,    9.6044054100039827E-002
   14.500000000000000       ,    9.4535819123341580E-002  ,    9.9487138288831684E-002
   14.520000000000000       ,   0.10477874720324470       ,   0.11551836273378958     
   14.540000000000001       ,   0.12863758079335486       ,   0.13581073962830309     
   14.560000000000000       ,   0.15000800894091293       ,   0.15072632292749547     
   14.580000000000000       ,   0.15882034012541341       ,   0.15201986034489082     
   14.600000000000000       ,   0.14795425754083782       ,   0.13517161621126497     
   14.620000000000001       ,   0.10769999212757005       ,   0.10058095303688327     
   14.640000000000001       ,    5.1007773432177092E-002  ,    5.3251911915438356E-002
   14.660000000000000       ,   -5.4068527281088165E-003  ,    1.1422939844836094E-003
   14.680000000000000       ,   -5.7914334065548946E-002  ,   -4.7198213818375322E-002
   14.700000000000001       ,   -9.5467980036389261E-002  ,   -8.4890606708883362E-002
   14.720000000000001       ,  -0.10951565516797837       ,  -0.10821922678745124     
   14.740000000000000       ,  -0.11934888798387239       ,  -0.11705530777911541     
   14.760000000000000       ,  -0.11666058209451322       ,  -0.11432828800264483     
   14.780000000000001       ,  -0.11562229397915760       ,  -0.10493840324218053     
   14.800000000000001       ,   -9.7175300924732033E-002  ,   -9.4549209202080944E-002
   14.820000000000000       ,   -9.4075590534214076E-002  ,   -8.8548390627278678E-002
   14.840000000000000       ,   -9.1010967203753124E-002  ,   -9.1249801855222329E-002
   14.859999999999999       ,  -0.10700882018751265       ,  -0.10527192599028752     
   14.880000000000001       ,  -0.12687672053782495       ,  -0.13104021789132231     
   14.900000000000000       ,  -0.16760819126188581       ,  -0.16648728811625013     
   14.920000000000000       ,  -0.20394706585415370       ,  -0.20714879180796600     
   14.940000000000000       ,  -0.24560828797142015       ,  -0.24685183877738764     
   14.960000000000001       ,  -0.28197136268214090       ,  -0.27901840454637755     
   14.980000000000000       ,  -0.29970279206478367       ,  -0.29832168823272232     
   15.000000000000000       ,  -0.30743255768511646       ,  -0.30218550962301555     
   15.020000000000000       ,  -0.30092679561435276       ,  -0.29155741064324492     
   15.040000000000001       ,  -0.28798226316176567       ,  -0.27058456423975225     
   15.060000000000000       ,  -0.26696724940759231       ,  -0.24521830272284104     
   15.080000000000000       ,  -0.25134714920033546       ,  -0.22120064408839377     
   15.100000000000000       ,  -0.24003194598730176       ,  -0.20214937031674871     
   15.120000000000001       ,  -0.23760061706832553       ,  -0.18843143437461543     
   15.140000000000001       ,  -0.22933481628319213       ,  -0.17720572425033723     
   15.160000000000000       ,  -0.21397079967049210       ,  -0.16356361925261048     
   15.180000000000000       ,  -0.18835566551396146       ,  -0.14229896377211979     
   15.200000000000001       ,  -0.14385135640654018       ,  -0.10966158253229660     
   15.220000000000001       ,   -9.7239295205516774E-002  ,   -6.4541910306996145E-002
   15.240000000000000       ,   -2.2112206191218474E-002  ,   -8.8224807194088352E-003
   15.260000000000000       ,    6.0363453868794714E-002  ,    5.3040097364546963E-002
   15.280000000000001       ,   0.12827131432943359       ,   0.11492034426051562     
   15.300000000000001       ,   0.17756668913420232       ,   0.17009338257660317     
   15.320000000000000       ,   0.23961420579461384       ,   0.21224804037274952     
   15.340000000000000       ,   0.27545235866344175       ,   0.23636340427298552     
   15.359999999999999       ,   0.28431282495342591       ,   0.23944351407010570     
   15.380000000000001       ,   0.26533546378274137       ,   0.22107480907456781     
   15.400000000000000       ,   0.25288353549926412       ,   0.18368109328712742     
   15.420000000000000       ,   0.19613917724497795       ,   0.13229744209605437     
   15.440000000000000       ,   0.15012961619573650       ,    7.3749115992210873E-002
   15.460000000000001       ,    8.7249030602137553E-002  ,    1.5312784120503511E-002
   15.480000000000000       ,    1.8265578110206914E-002  ,   -3.6823915846025068E-002
   15.500000000000000       ,   -3.1828971907509877E-002  ,   -7.8830233823862381E-002
   15.520000000000000       ,   -7.8670085383920743E-002  ,  -0.10978089347687579     
   15.540000000000001       ,  -0.11463859889479869       ,  -0.13127079566013553     
   15.560000000000000       ,  -0.14541018913863016       ,  -0.14623102091993115     
   15.580000000000000       ,  -0.17207607601078886       ,  -0.15739500755611438     
   15.600000000000000       ,  -0.19105727938135267       ,  -0.16599704705380866     
