r (Ang), PDF (RMC), PDF (Expt)
  1.000000000000000E-002  ,   0.000000000000000E+000  ,   3.775072036425698E-007
  2.000000000000000E-002  ,   0.000000000000000E+000  ,   7.550144072851397E-007
  3.000000000000000E-002  ,   0.000000000000000E+000  ,   1.132521610927710E-006
  4.000000000000000E-002  ,   0.000000000000000E+000  ,   1.510028814570279E-006
  5.000000000000000E-002  ,   0.000000000000000E+000  ,   1.887536018212850E-006
  6.000000000000000E-002  ,   0.000000000000000E+000  ,   2.265043221855419E-006
  7.000000000000001E-002  ,   0.000000000000000E+000  ,   2.642550425497989E-006
  8.000000000000000E-002  ,   0.000000000000000E+000  ,   3.020057629140559E-006
  9.000000000000000E-002  ,   0.000000000000000E+000  ,   3.397564832783129E-006
  0.100000000000000       ,   0.000000000000000E+000  ,   3.775072036425699E-006
  0.110000000000000       ,   0.000000000000000E+000  ,   4.152579240068268E-006
  0.120000000000000       ,   0.000000000000000E+000  ,   4.530086443710839E-006
  0.130000000000000       ,   0.000000000000000E+000  ,   4.907593647353408E-006
  0.140000000000000       ,   0.000000000000000E+000  ,   5.285100850995979E-006
  0.150000000000000       ,   0.000000000000000E+000  ,   5.662608054638548E-006
  0.160000000000000       ,   0.000000000000000E+000  ,   6.040115258281118E-006
  0.170000000000000       ,   0.000000000000000E+000  ,   6.417622461923688E-006
  0.180000000000000       ,   0.000000000000000E+000  ,   6.795129665566258E-006
  0.190000000000000       ,   0.000000000000000E+000  ,   7.172636869208827E-006
  0.200000000000000       ,   0.000000000000000E+000  ,   7.550144072851398E-006
  0.210000000000000       ,   0.000000000000000E+000  ,   7.927651276493966E-006
  0.220000000000000       ,   0.000000000000000E+000  ,   8.305158480136536E-006
  0.230000000000000       ,   0.000000000000000E+000  ,   8.682665683779107E-006
  0.240000000000000       ,   0.000000000000000E+000  ,   9.060172887421677E-006
  0.250000000000000       ,   0.000000000000000E+000  ,   9.437680091064246E-006
  0.260000000000000       ,   0.000000000000000E+000  ,   9.815187294706816E-006
  0.270000000000000       ,   0.000000000000000E+000  ,   1.019269449834938E-005
  0.280000000000000       ,   0.000000000000000E+000  ,   1.057020170199196E-005
  0.290000000000000       ,   0.000000000000000E+000  ,   1.094770890563453E-005
  0.300000000000000       ,   0.000000000000000E+000  ,   1.132521610927710E-005
  0.310000000000000       ,   0.000000000000000E+000  ,   1.170272331291966E-005
  0.320000000000000       ,   0.000000000000000E+000  ,   1.208023051656224E-005
  0.330000000000000       ,   0.000000000000000E+000  ,   1.245773772020481E-005
  0.340000000000000       ,   0.000000000000000E+000  ,   1.283524492384738E-005
  0.350000000000000       ,   0.000000000000000E+000  ,   1.321275212748995E-005
  0.360000000000000       ,   0.000000000000000E+000  ,   1.359025933113252E-005
  0.370000000000000       ,   0.000000000000000E+000  ,   1.396776653477509E-005
  0.380000000000000       ,   0.000000000000000E+000  ,   1.434527373841765E-005
  0.390000000000000       ,   0.000000000000000E+000  ,   1.472278094206023E-005
  0.400000000000000       ,   0.000000000000000E+000  ,   1.510028814570280E-005
  0.410000000000000       ,   0.000000000000000E+000  ,   1.547779534934537E-005
  0.420000000000000       ,   0.000000000000000E+000  ,   1.585530255298793E-005
  0.430000000000000       ,   0.000000000000000E+000  ,   1.623280975663050E-005
  0.440000000000000       ,   0.000000000000000E+000  ,   1.661031696027307E-005
  0.450000000000000       ,   0.000000000000000E+000  ,   1.698782416391564E-005
  0.460000000000000       ,   0.000000000000000E+000  ,   1.736533136755821E-005
  0.470000000000000       ,   0.000000000000000E+000  ,   1.774283857120078E-005
  0.480000000000000       ,   0.000000000000000E+000  ,   1.812034577484335E-005
  0.490000000000000       ,   0.000000000000000E+000  ,   1.849785297848592E-005
  0.500000000000000       ,   0.000000000000000E+000  ,   1.887536018212849E-005
  0.510000000000000       ,   0.000000000000000E+000  ,   1.925286738577106E-005
  0.520000000000000       ,   0.000000000000000E+000  ,   1.963037458941363E-005
  0.530000000000000       ,   0.000000000000000E+000  ,   2.000788179305621E-005
  0.540000000000000       ,   0.000000000000000E+000  ,   2.038538899669877E-005
  0.550000000000000       ,   0.000000000000000E+000  ,   2.076289620034134E-005
  0.560000000000000       ,   0.000000000000000E+000  ,   2.114040340398391E-005
  0.570000000000000       ,   0.000000000000000E+000  ,   2.151791060762648E-005
  0.580000000000000       ,   0.000000000000000E+000  ,   2.189541781126905E-005
  0.590000000000000       ,   0.000000000000000E+000  ,   2.227292501491162E-005
  0.600000000000000       ,   0.000000000000000E+000  ,   2.265043221855419E-005
  0.610000000000000       ,   0.000000000000000E+000  ,   2.302793942219676E-005
  0.620000000000000       ,   0.000000000000000E+000  ,   2.340544662583933E-005
  0.630000000000000       ,   0.000000000000000E+000  ,   2.378295382948190E-005
  0.640000000000000       ,   0.000000000000000E+000  ,   2.416046103312447E-005
  0.650000000000000       ,   0.000000000000000E+000  ,   2.453796823676704E-005
  0.660000000000000       ,   0.000000000000000E+000  ,   2.491547544040961E-005
  0.670000000000000       ,   0.000000000000000E+000  ,   2.529298264405218E-005
  0.680000000000000       ,   0.000000000000000E+000  ,   2.567048984769475E-005
  0.690000000000000       ,   0.000000000000000E+000  ,   2.604799705133732E-005
  0.700000000000000       ,   0.000000000000000E+000  ,   2.642550425497989E-005
  0.710000000000000       ,   0.000000000000000E+000  ,   2.680301145862246E-005
  0.720000000000000       ,   0.000000000000000E+000  ,   2.718051866226503E-005
  0.730000000000000       ,   0.000000000000000E+000  ,   2.755802586590760E-005
  0.740000000000000       ,   0.000000000000000E+000  ,   2.793553306955017E-005
  0.750000000000000       ,   0.000000000000000E+000  ,   2.831304027319274E-005
  0.760000000000000       ,   0.000000000000000E+000  ,   2.869054747683531E-005
  0.770000000000000       ,   0.000000000000000E+000  ,   2.906805468047788E-005
  0.780000000000000       ,   0.000000000000000E+000  ,   2.944556188412045E-005
  0.790000000000000       ,   0.000000000000000E+000  ,   2.982306908776302E-005
  0.800000000000000       ,   0.000000000000000E+000  ,   3.020057629140559E-005
  0.810000000000000       ,   0.000000000000000E+000  ,   3.057808349504816E-005
  0.820000000000000       ,   0.000000000000000E+000  ,   3.095559069869073E-005
  0.830000000000000       ,   0.000000000000000E+000  ,   3.133309790233330E-005
  0.840000000000000       ,   0.000000000000000E+000  ,   3.171060510597586E-005
  0.850000000000000       ,   0.000000000000000E+000  ,   3.208811230961843E-005
  0.860000000000000       ,   0.000000000000000E+000  ,   3.246561951326101E-005
  0.870000000000000       ,   0.000000000000000E+000  ,   3.284312671690358E-005
  0.880000000000000       ,   0.000000000000000E+000  ,   3.322063392054615E-005
  0.890000000000000       ,   0.000000000000000E+000  ,   3.359814112418872E-005
  0.900000000000000       ,   0.000000000000000E+000  ,   3.397564832783129E-005
  0.910000000000000       ,   0.000000000000000E+000  ,   3.435315553147386E-005
  0.920000000000000       ,   0.000000000000000E+000  ,   3.473066273511643E-005
  0.930000000000000       ,   0.000000000000000E+000  ,   3.510816993875900E-005
  0.940000000000000       ,   0.000000000000000E+000  ,   3.548567714240157E-005
  0.950000000000000       ,   0.000000000000000E+000  ,   3.586318434604414E-005
  0.960000000000000       ,   0.000000000000000E+000  ,   3.624069154968671E-005
  0.970000000000000       ,   0.000000000000000E+000  ,   3.661819875332927E-005
  0.980000000000000       ,   0.000000000000000E+000  ,   3.699570595697184E-005
  0.990000000000000       ,   0.000000000000000E+000  ,   3.737321316061441E-005
   1.00000000000000       ,   0.000000000000000E+000  ,   3.775072036425698E-005
   1.01000000000000       ,   0.000000000000000E+000  ,   3.812822756789955E-005
   1.02000000000000       ,   0.000000000000000E+000  ,   3.850573477154212E-005
   1.03000000000000       ,   0.000000000000000E+000  ,   3.888324197518469E-005
   1.04000000000000       ,   0.000000000000000E+000  ,   3.926074917882727E-005
   1.05000000000000       ,   0.000000000000000E+000  ,   3.963825638246984E-005
   1.06000000000000       ,   0.000000000000000E+000  ,   4.001576358611241E-005
   1.07000000000000       ,   0.000000000000000E+000  ,   4.039327078975498E-005
   1.08000000000000       ,   0.000000000000000E+000  ,   4.077077799339754E-005
   1.09000000000000       ,   0.000000000000000E+000  ,   4.114828519704012E-005
   1.10000000000000       ,   0.000000000000000E+000  ,   4.152579240068268E-005
   1.11000000000000       ,   0.000000000000000E+000  ,   4.190329960432526E-005
   1.12000000000000       ,   0.000000000000000E+000  ,   4.228080680796783E-005
   1.13000000000000       ,   0.000000000000000E+000  ,   4.265831401161040E-005
   1.14000000000000       ,   0.000000000000000E+000  ,   4.303582121525297E-005
   1.15000000000000       ,   0.000000000000000E+000  ,   4.341332841889553E-005
   1.16000000000000       ,   0.000000000000000E+000  ,   4.379083562253810E-005
   1.17000000000000       ,   0.000000000000000E+000  ,   4.416834282618067E-005
   1.18000000000000       ,   0.000000000000000E+000  ,   4.454585002982324E-005
   1.19000000000000       ,   0.000000000000000E+000  ,   4.492335723346581E-005
   1.20000000000000       ,   0.000000000000000E+000  ,   4.530086443710838E-005
   1.21000000000000       ,   0.000000000000000E+000  ,   4.567837164075095E-005
   1.22000000000000       ,   0.000000000000000E+000  ,   4.605587884439352E-005
   1.23000000000000       ,   0.000000000000000E+000  ,   4.643338604803609E-005
   1.24000000000000       ,   0.000000000000000E+000  ,   4.681089325167866E-005
   1.25000000000000       ,   0.000000000000000E+000  ,   4.718840045532123E-005
   1.26000000000000       ,   0.000000000000000E+000  ,   4.756590765896380E-005
   1.27000000000000       ,   0.000000000000000E+000  ,   4.794341486260637E-005
   1.28000000000000       ,   0.000000000000000E+000  ,   4.832092206624894E-005
   1.29000000000000       ,   0.000000000000000E+000  ,   4.869842926989150E-005
   1.30000000000000       ,   0.000000000000000E+000  ,   4.907593647353409E-005
   1.31000000000000       ,   0.000000000000000E+000  ,   4.945344367717665E-005
   1.32000000000000       ,   0.000000000000000E+000  ,   4.983095088081923E-005
   1.33000000000000       ,   0.000000000000000E+000  ,   5.020845808446179E-005
   1.34000000000000       ,   0.000000000000000E+000  ,   5.058596528810437E-005
   1.35000000000000       ,   0.000000000000000E+000  ,   5.096347249174694E-005
   1.36000000000000       ,   0.000000000000000E+000  ,   5.134097969538950E-005
   1.37000000000000       ,   0.000000000000000E+000  ,   5.171848689903208E-005
   1.38000000000000       ,   0.000000000000000E+000  ,   5.209599410267464E-005
   1.39000000000000       ,   0.000000000000000E+000  ,   5.247350130631722E-005
   1.40000000000000       ,   0.000000000000000E+000  ,   2.176858391094669E-002
   1.41000000000000       ,   0.000000000000000E+000  ,   9.689467214465118E-002
   1.42000000000000       ,   0.000000000000000E+000  ,   0.203521688870365     
   1.43000000000000       ,   0.000000000000000E+000  ,   0.343479715770833     
   1.44000000000000       ,   7.178161256746493E-002  ,   0.516446370662086     
   1.45000000000000       ,   0.356432854507116       ,   0.719625521843873     
   1.46000000000000       ,   0.353991552739911       ,   0.947598405785088     
   1.47000000000000       ,    1.12506708984262       ,    1.19237949015685     
   1.48000000000000       ,   0.698415839512420       ,    1.44369335478864     
   1.49000000000000       ,    1.94243985653853       ,    1.68947000676579     
   1.50000000000000       ,    1.30929702575176       ,    1.91653606068460     
   1.51000000000000       ,    2.66970650928501       ,    2.11145996210283     
   1.52000000000000       ,    2.04010982907062       ,    2.26149279648816     
   1.53000000000000       ,    3.10772300549288       ,    2.35553392787262     
   1.54000000000000       ,    2.01361508364577       ,    2.38504412801779     
   1.55000000000000       ,    2.66749881200551       ,    2.34482887190058     
   1.56000000000000       ,    1.72275972578441       ,    2.23362137425489     
   1.57000000000000       ,    2.04097657916623       ,    2.05440836434825     
   1.58000000000000       ,    1.11216143776559       ,    1.81446055162145     
   1.59000000000000       ,    1.82027466023674       ,    1.52505268180782     
   1.60000000000000       ,   0.323017503198232       ,    1.20088306505135     
   1.61000000000000       ,   0.449415674740317       ,   0.859227282248260     
   1.62000000000000       ,   6.380593165443640E-002  ,   0.518883221842131     
   1.63000000000000       ,   0.000000000000000E+000  ,   0.198982627788361     
   1.64000000000000       ,   0.000000000000000E+000  ,   6.191118139738146E-005
   1.65000000000000       ,   0.000000000000000E+000  ,   6.228868860102403E-005
   1.66000000000000       ,   0.000000000000000E+000  ,   6.266619580466660E-005
   1.67000000000000       ,   0.000000000000000E+000  ,   6.304370300830916E-005
   1.68000000000000       ,   0.000000000000000E+000  ,   6.342121021195173E-005
   1.69000000000000       ,   0.000000000000000E+000  ,   6.379871741559430E-005
   1.70000000000000       ,   0.000000000000000E+000  ,   6.417622461923687E-005
   1.71000000000000       ,   8.587585987751245E-002  ,   6.455373182287944E-005
   1.72000000000000       ,   0.170753168886798       ,   0.185942305609910     
   1.73000000000000       ,   0.509298485586762       ,   0.499613690005395     
   1.74000000000000       ,   0.506371498955446       ,   0.833378020875205     
   1.75000000000000       ,   0.839129938875450       ,    1.16919809955263     
   1.76000000000000       ,    1.33497948937307       ,    1.48960778819697     
   1.77000000000000       ,    1.74226142029903       ,    1.77874208037617     
   1.78000000000000       ,    2.06246843621973       ,    2.02320694361987     
   1.79000000000000       ,    1.72279491408166       ,    2.21273610896173     
   1.80000000000000       ,    2.12113432835821       ,    2.34060140733048     
   1.81000000000000       ,    3.24525448300363       ,    2.40376426511471     
   1.82000000000000       ,    1.69439733980060       ,    2.40277665115059     
   1.83000000000000       ,    2.32709586382627       ,    2.34145833017621     
   1.84000000000000       ,    1.83559721796263       ,    2.22639223910068     
   1.85000000000000       ,    2.54006973118319       ,    2.06629010532661     
   1.86000000000000       ,    1.57900844267053       ,    1.87128551949682     
   1.87000000000000       ,    1.80614927574913       ,    1.65221153571965     
   1.88000000000000       ,    1.01543686409874       ,    1.41991497455064     
   1.89000000000000       ,    1.01006420741252       ,    1.18465083735068     
   1.90000000000000       ,   0.927459788873987       ,   0.955588791016692     
   1.91000000000000       ,   0.691953000527671       ,   0.740450888971451     
   1.92000000000000       ,   0.382416163881284       ,   0.545286901038554     
   1.93000000000000       ,   0.532608638616759       ,   0.374382038567077     
   1.94000000000000       ,   0.000000000000000E+000  ,   0.230282437320098     
   1.95000000000000       ,   0.150613145708644       ,   0.113917123181996     
   1.96000000000000       ,   0.000000000000000E+000  ,   2.479159022617133E-002
   1.97000000000000       ,   0.000000000000000E+000  ,   7.436891911758627E-005
   1.98000000000000       ,   0.000000000000000E+000  ,   7.474642632122883E-005
   1.99000000000000       ,   0.000000000000000E+000  ,   7.512393352487141E-005
   2.00000000000000       ,   0.000000000000000E+000  ,   7.550144072851397E-005
   2.01000000000000       ,   0.000000000000000E+000  ,   7.587894793215655E-005
   2.02000000000000       ,   0.000000000000000E+000  ,   7.625645513579911E-005
   2.03000000000000       ,   0.000000000000000E+000  ,   7.663396233944169E-005
   2.04000000000000       ,   7.198423766452464E-002  ,   7.701146954308425E-005
   2.05000000000000       ,   0.000000000000000E+000  ,   7.738897674672683E-005
   2.06000000000000       ,   0.000000000000000E+000  ,   7.776648395036939E-005
   2.07000000000000       ,   0.000000000000000E+000  ,   7.814399115401196E-005
   2.08000000000000       ,   0.000000000000000E+000  ,   7.852149835765453E-005
   2.09000000000000       ,   0.000000000000000E+000  ,   7.889900556129709E-005
   2.10000000000000       ,   0.000000000000000E+000  ,   7.927651276493967E-005
   2.11000000000000       ,   0.000000000000000E+000  ,   7.965401996858224E-005
   2.12000000000000       ,   0.000000000000000E+000  ,   8.003152717222483E-005
   2.13000000000000       ,   0.000000000000000E+000  ,   8.040903437586737E-005
   2.14000000000000       ,   0.000000000000000E+000  ,   8.078654157950995E-005
   2.15000000000000       ,   0.000000000000000E+000  ,   8.116404878315252E-005
   2.16000000000000       ,   0.000000000000000E+000  ,   8.154155598679508E-005
   2.17000000000000       ,   0.000000000000000E+000  ,   8.191906319043766E-005
   2.18000000000000       ,   0.000000000000000E+000  ,   8.229657039408023E-005
   2.19000000000000       ,   0.000000000000000E+000  ,   8.267407759772280E-005
   2.20000000000000       ,   0.000000000000000E+000  ,   8.305158480136536E-005
   2.21000000000000       ,   0.000000000000000E+000  ,   8.342909200500795E-005
   2.22000000000000       ,   0.000000000000000E+000  ,   8.380659920865052E-005
   2.23000000000000       ,   0.000000000000000E+000  ,   8.418410641229307E-005
   2.24000000000000       ,   0.000000000000000E+000  ,   8.456161361593566E-005
   2.25000000000000       ,   0.000000000000000E+000  ,   8.493912081957823E-005
   2.26000000000000       ,   0.000000000000000E+000  ,   8.531662802322080E-005
   2.27000000000000       ,   0.000000000000000E+000  ,   8.569413522686335E-005
   2.28000000000000       ,   0.000000000000000E+000  ,   8.607164243050594E-005
   2.29000000000000       ,   0.000000000000000E+000  ,   8.644914963414851E-005
   2.30000000000000       ,   0.000000000000000E+000  ,   8.682665683779107E-005
   2.31000000000000       ,   0.000000000000000E+000  ,   8.720416404143364E-005
   2.32000000000000       ,   0.000000000000000E+000  ,   8.758167124507621E-005
   2.33000000000000       ,   0.000000000000000E+000  ,   8.795917844871879E-005
   2.34000000000000       ,   0.249842397838596       ,   8.833668565236133E-005
   2.35000000000000       ,   0.149267545148566       ,   2.037139279190564E-002
   2.36000000000000       ,   0.198180076596250       ,   7.017500063148167E-002
   2.37000000000000       ,   0.296015814341816       ,   0.140505235544719     
   2.38000000000000       ,   0.393029405444425       ,   0.232490992686452     
   2.39000000000000       ,   0.831692988475018       ,   0.345776469332385     
   2.40000000000000       ,   0.341034898676362       ,   0.478397662316838     
   2.41000000000000       ,   0.679239640356705       ,   0.626790037861514     
   2.42000000000000       ,   0.918016041911828       ,   0.785932878661809     
   2.43000000000000       ,   0.673649206486412       ,   0.949623082129968     
   2.44000000000000       ,    1.10217372907373       ,    1.11085882715562     
   2.45000000000000       ,    1.14540007649580       ,    1.26230280113612     
   2.46000000000000       ,    1.37839898969695       ,    1.39678669244924     
   2.47000000000000       ,    1.60951127713451       ,    1.50781424611317     
   2.48000000000000       ,    1.46157827140655       ,    1.59001983234862     
   2.49000000000000       ,    1.31483347932093       ,    1.63954325560325     
   2.50000000000000       ,    1.44988567654132       ,    1.65428907827330     
   2.51000000000000       ,    1.77019844148403       ,    1.63404930400930     
   2.52000000000000       ,    1.34558005331678       ,    1.58048080488308     
   2.53000000000000       ,    1.38647748512906       ,    1.49694213000637     
   2.54000000000000       ,    1.42705289069823       ,    1.38820697816016     
   2.55000000000000       ,    1.05462910458592       ,    1.26008240297761     
   2.56000000000000       ,   0.959160820565770       ,    1.11896769808123     
   2.57000000000000       ,   0.955428686731080       ,   0.971394144143059     
   2.58000000000000       ,   0.543843133747053       ,   0.823586038353129     
   2.59000000000000       ,   0.812615037802510       ,   0.681079735348458     
   2.60000000000000       ,   0.359773156920007       ,   0.548430278580151     
   2.61000000000000       ,   0.492792738741554       ,   0.429025412856405     
   2.62000000000000       ,   0.312398453182620       ,   0.325015419190994     
   2.63000000000000       ,   0.177834645275446       ,   0.237355516103572     
   2.64000000000000       ,   0.221451288510952       ,   0.165946746261541     
   2.65000000000000       ,   0.176492500206677       ,   0.109852407610718     
   2.66000000000000       ,   0.131871747099484       ,   6.756104785075677E-002
   2.67000000000000       ,   0.131377846581816       ,   3.726434803970682E-002
   2.68000000000000       ,   8.725842125068689E-002  ,   1.711902775370344E-002
   2.69000000000000       ,   8.693404125107153E-002  ,   5.465980689860979E-003
   2.70000000000000       ,   0.000000000000000E+000  ,   9.866185101043892E-004
   2.71000000000000       ,   0.129438694608376       ,   2.785009531190827E-003
   2.72000000000000       ,   0.171950424171565       ,   1.039382082840091E-002
   2.73000000000000       ,   4.283014263727029E-002  ,   2.371122441828350E-002
   2.74000000000000       ,   0.170695314382928       ,   4.288379253517541E-002
   2.75000000000000       ,   0.000000000000000E+000  ,   6.815614220213291E-002
   2.76000000000000       ,   0.127093795898319       ,   9.971111942902097E-002
   2.77000000000000       ,   0.211058290881482       ,   0.137524385391011     
   2.78000000000000       ,   0.378538362065712       ,   0.181254470463140     
   2.79000000000000       ,   0.167636265179163       ,   0.230184110253516     
   2.80000000000000       ,   0.334075131014246       ,   0.283221652739188     
   2.81000000000000       ,   0.416107817572932       ,   0.338963394081262     
   2.82000000000000       ,   0.290242582723892       ,   0.395809811692217     
   2.83000000000000       ,   0.454483845666475       ,   0.452121738340407     
   2.84000000000000       ,   0.658739714542438       ,   0.506397351021379     
   2.85000000000000       ,   0.492321263905546       ,   0.557448005742406     
   2.86000000000000       ,   0.654133152531414       ,   0.604550729249704     
   2.87000000000000       ,   0.570372204115487       ,   0.647557571150213     
   2.88000000000000       ,   0.852587623589788       ,   0.686946717908485     
   2.89000000000000       ,   0.890096427839744       ,   0.723806711175602     
   2.90000000000000       ,   0.685430059563622       ,   0.759752547613047     
   2.91000000000000       ,   0.968770580390839       ,   0.796780018585331     
   2.92000000000000       ,   0.605063580535897       ,   0.837071528007256     
   2.93000000000000       ,   0.962157824806095       ,   0.882772051929204     
   2.94000000000000       ,    1.25482002274320       ,   0.935757297296435     
   2.95000000000000       ,    1.15818477018360       ,   0.997417139390894     
   2.96000000000000       ,   0.890822342707880       ,    1.06847599573488     
   2.97000000000000       ,    1.29453550541375       ,    1.14886812581957     
   2.98000000000000       ,    1.25095441778516       ,    1.23768036778180     
   2.99000000000000       ,    1.35977660667563       ,    1.33316815633885     
   3.00000000000000       ,    1.52403684348440       ,    1.43284354224148     
   3.01000000000000       ,    1.53610459486779       ,    1.53362710945739     
   3.02000000000000       ,    1.88801119687471       ,    1.63204986114069     
   3.03000000000000       ,    1.32450864031473       ,    1.72448688502515     
   3.04000000000000       ,    1.64087224572202       ,    1.80740228896786     
   3.05000000000000       ,    2.00135643802612       ,    1.87758467019118     
   3.06000000000000       ,    1.90996810546682       ,    1.93235416899952     
   3.07000000000000       ,    1.81048170313033       ,    1.96972566979596     
   3.08000000000000       ,    2.02087545915838       ,    1.98851749051833     
   3.09000000000000       ,    1.98379269056785       ,    1.98840037810374     
   3.10000000000000       ,    1.91027385425438       ,    1.96988719384915     
   3.11000000000000       ,    1.85676159692001       ,    1.93426875007599     
   3.12000000000000       ,    1.82720751363933       ,    1.88350536303274     
   3.13000000000000       ,    1.51692456276952       ,    1.82008647351283     
   3.14000000000000       ,    1.87494121873221       ,    1.74687198547649     
   3.15000000000000       ,    1.75075997143699       ,    1.66692879354360     
   3.16000000000000       ,    1.29842612501492       ,    1.58337448857929     
   3.17000000000000       ,    2.10928872246557       ,    1.49923775646936     
   3.18000000000000       ,    1.24777605180187       ,    1.41734191513405     
   3.19000000000000       ,    1.36320643655318       ,    1.34021479758169     
   3.20000000000000       ,    1.34686104584876       ,    1.27002518999203     
   3.21000000000000       ,    1.24564454901888       ,    1.20854360697879     
   3.22000000000000       ,    1.19832649331155       ,    1.15712355582797     
   3.23000000000000       ,    1.25902214966424       ,    1.11669870237739     
   3.24000000000000       ,    1.20584653397242       ,    1.08779146553187     
   3.25000000000000       ,    1.24398476748408       ,    1.07052937980197     
   3.26000000000000       ,   0.948226675314217       ,    1.06466683242765     
   3.27000000000000       ,    1.31270192994929       ,    1.06961121254601     
   3.28000000000000       ,    1.31282180026114       ,    1.08445381044640     
   3.29000000000000       ,    1.22578114109797       ,    1.10800672153978     
   3.30000000000000       ,    1.06221562340020       ,    1.13884736502927     
   3.31000000000000       ,    1.22398584940187       ,    1.17537194486977     
   3.32000000000000       ,    1.28085626472537       ,    1.21585829395285     
   3.33000000000000       ,    1.26416527036400       ,    1.25853718860421     
   3.34000000000000       ,    1.51114852601544       ,    1.30166961887460     
   3.35000000000000       ,    1.42789902573338       ,    1.34362591978897     
   3.36000000000000       ,    1.34596662077884       ,    1.38296138857236     
   3.37000000000000       ,    1.31216725552142       ,    1.41848228027760     
   3.38000000000000       ,    1.47322911213856       ,    1.44929606786570     
   3.39000000000000       ,    1.84026624381006       ,    1.47484065451875     
   3.40000000000000       ,    1.26537547670934       ,    1.49488880583667     
   3.41000000000000       ,    1.26564138178764       ,    1.50952628583850     
   3.42000000000000       ,    1.47349645566053       ,    1.51910479513254     
   3.43000000000000       ,    1.84417122774721       ,    1.52417351622016     
   3.44000000000000       ,    1.32421260005929       ,    1.52539553427502     
   3.45000000000000       ,    1.39685400993908       ,    1.52345730039930     
   3.46000000000000       ,    1.56340449437779       ,    1.51898037318336     
   3.47000000000000       ,    1.90837018400755       ,    1.51244474083405     
   3.48000000000000       ,    1.50671539639800       ,    1.50413203533750     
   3.49000000000000       ,    1.26318739089109       ,    1.49409497559456     
   3.50000000000000       ,    1.65818309420651       ,    1.48215661470582     
   3.51000000000000       ,    1.62096748144801       ,    1.46793971607405     
   3.52000000000000       ,    1.24311400471736       ,    1.45092321002079     
   3.53000000000000       ,    1.42762586203197       ,    1.43051957797600     
   3.54000000000000       ,    1.21314106886719       ,    1.40616454318640     
   3.55000000000000       ,    1.29468567754259       ,    1.37740891575994     
   3.56000000000000       ,    1.50267875308027       ,    1.34400204091438     
   3.57000000000000       ,    1.20134370659623       ,    1.30595709723710     
   3.58000000000000       ,    1.10302179793611       ,    1.26359041113237     
   3.59000000000000       ,    1.32038482309220       ,    1.21752978601633     
   3.60000000000000       ,    1.36126381991781       ,    1.16869027219926     
   3.61000000000000       ,   0.693788705905116       ,    1.11821943495112     
   3.62000000000000       ,    1.11565298049087       ,    1.06741759622005     
   3.63000000000000       ,    1.10883279087027       ,    1.01764133458666     
   3.64000000000000       ,   0.947359967726509       ,   0.970200402501883     
   3.65000000000000       ,   0.896323355818776       ,   0.926258942281057     
   3.66000000000000       ,   0.837401314781026       ,   0.886751369789510     
   3.67000000000000       ,   0.776631717492571       ,   0.852321608854402     
   3.68000000000000       ,   0.746432755129104       ,   0.823291699087412     
   3.69000000000000       ,    1.03035513197298       ,   0.799662477602937     
   3.70000000000000       ,   0.523326158544664       ,   0.781145440139875     
   3.71000000000000       ,   0.668532915474203       ,   0.767221438572399     
   3.72000000000000       ,   0.747825859217913       ,   0.757218969272957     
   3.73000000000000       ,   0.860304606468573       ,   0.750402782770923     
   3.74000000000000       ,   0.631146989180304       ,   0.746062625902578     
   3.75000000000000       ,   0.653412039644717       ,   0.743592206895492     
   3.76000000000000       ,   0.685633305963467       ,   0.742549902434943     
   3.77000000000000       ,   0.474646811300447       ,   0.742695118596428     
   3.78000000000000       ,   0.461136311558495       ,   0.743997276645371     
   3.79000000000000       ,   0.719670042942198       ,   0.746617745911443     
   3.80000000000000       ,   0.666952233887984       ,   0.750868284334770     
   3.81000000000000       ,   0.777260337732565       ,   0.757152286155878     
   3.82000000000000       ,   0.759559814744806       ,   0.765897053472771     
   3.83000000000000       ,   0.761127747908605       ,   0.777486184744281     
   3.84000000000000       ,   0.744280294980483       ,   0.792200917869708     
   3.85000000000000       ,   0.727520361183995       ,   0.810177925463124     
   3.86000000000000       ,   0.649548519480098       ,   0.831388813732888     
   3.87000000000000       ,   0.939472563506097       ,   0.855643710571646     
   3.88000000000000       ,   0.827725743668290       ,   0.882618202042521     
   3.89000000000000       ,   0.836066225877498       ,   0.911899876409958     
   3.90000000000000       ,   0.843020650122918       ,   0.943048228809658     
   3.91000000000000       ,   0.998039393642281       ,   0.975659971127223     
   3.92000000000000       ,   0.977472095156335       ,    1.00943108368371     
   3.93000000000000       ,   0.861472071061444       ,    1.04420731653182     
   3.94000000000000       ,   0.949747746997897       ,    1.08001624430490     
   3.95000000000000       ,    1.40649729291435       ,    1.11707622040477     
   3.96000000000000       ,    1.13308236644519       ,    1.15578038277784     
   3.97000000000000       ,    1.13433932291956       ,    1.19665688711460     
   3.98000000000000       ,    1.18414571376176       ,    1.24030941338910     
   3.99000000000000       ,    1.13616269109742       ,    1.28734436025202     
   4.00000000000000       ,    1.57796685609365       ,    1.33829272613849     
   4.01000000000000       ,    1.24922614845999       ,    1.39353529266372     
   4.02000000000000       ,    1.54902356896922       ,    1.45323931252400     
   4.03000000000000       ,    1.41038066762395       ,    1.51731352563357     
   4.04000000000000       ,    1.72256025998425       ,    1.58538616647173     
   4.05000000000000       ,    1.55320221072006       ,    1.65680795935774     
   4.06000000000000       ,    1.74831366354859       ,    1.73067926177497     
   4.07000000000000       ,    1.72040218102667       ,    1.80589785997015     
   4.08000000000000       ,    2.10232217740664       ,    1.88122176861874     
   4.09000000000000       ,    1.90616167351766       ,    1.95533999158074     
   4.10000000000000       ,    2.15275838401825       ,    2.02694371797746     
   4.11000000000000       ,    1.81239237181391       ,    2.09479089286877     
   4.12000000000000       ,    2.16715945133581       ,    2.15775842872149     
   4.13000000000000       ,    2.67498407194128       ,    2.21487831688184     
   4.14000000000000       ,    1.98781076526933       ,    2.26535627789898     
   4.15000000000000       ,    2.41606942248580       ,    2.30857402920634     
   4.16000000000000       ,    2.26812131282425       ,    2.34407841731617     
   4.17000000000000       ,    2.17898931263775       ,    2.37156226704906     
   4.18000000000000       ,    2.54010315786779       ,    2.39084262718715     
   4.19000000000000       ,    2.67519013248436       ,    2.40184203061819     
   4.20000000000000       ,    2.00964761378136       ,    2.40457744834923     
   4.21000000000000       ,    2.08789835275564       ,    2.39915993154194     
   4.22000000000000       ,    2.74235952587237       ,    2.38580573875219     
   4.23000000000000       ,    2.21168826351245       ,    2.36485734593959     
   4.24000000000000       ,    2.66463670950854       ,    2.33681047827974     
   4.25000000000000       ,    2.02734600747204       ,    2.30234151900959     
   4.26000000000000       ,    2.46492451772800       ,    2.26232862085970     
   4.27000000000000       ,    1.96047329730568       ,    2.21785975720777     
   4.28000000000000       ,    2.09756503828799       ,    2.17022187084414     
   4.29000000000000       ,    2.08482805592999       ,    2.12086714456144     
   4.30000000000000       ,    2.09630999351301       ,    2.07135503863800     
   4.31000000000000       ,    2.05251088237183       ,    2.02327181755384     
   4.32000000000000       ,    2.02365803091687       ,    1.97813245102291     
   4.33000000000000       ,    1.78145747176280       ,    1.93727262315671     
   4.34000000000000       ,    2.03856571355171       ,    1.90174073917851     
   4.35000000000000       ,    1.85598934227800       ,    1.87220097052301     
   4.36000000000000       ,    1.46729539318494       ,    1.84885832390089     
   4.37000000000000       ,    2.07672861640489       ,    1.83141539238722     
   4.38000000000000       ,    1.98265290589711       ,    1.81906793049872     
   4.39000000000000       ,    1.79562039383989       ,    1.81054291823015     
   4.40000000000000       ,    1.78692203702277       ,    1.80417869009713     
   4.41000000000000       ,    1.64381484741661       ,    1.79804243699023     
   4.42000000000000       ,    1.88394021653943       ,    1.79007640896971     
   4.43000000000000       ,    1.49955004279744       ,    1.77826090567245     
   4.44000000000000       ,    1.61321699433090       ,    1.76078001682639     
   4.45000000000000       ,    1.78189022392365       ,    1.73617533191205     
   4.46000000000000       ,    1.55124495301550       ,    1.70347359080709     
   4.47000000000000       ,    1.50403425962033       ,    1.66227644828776     
   4.48000000000000       ,    1.59518257102392       ,    1.61280396604276     
   4.49000000000000       ,    1.29647611513710       ,    1.55588777892164     
   4.50000000000000       ,    1.30763683379143       ,    1.49291465872919     
   4.51000000000000       ,    1.18829797413642       ,    1.42572591843626     
   4.52000000000000       ,    1.28997610700662       ,    1.35648226554486     
   4.53000000000000       ,   0.906093644185666       ,    1.28750688819532     
   4.54000000000000       ,   0.873984076711626       ,    1.22112141223346     
   4.55000000000000       ,    1.22419244068385       ,    1.15948971727801     
   4.56000000000000       ,    1.00512392329694       ,    1.10448342487201     
   4.57000000000000       ,   0.846253372369695       ,    1.05758031794550     
   4.58000000000000       ,   0.818647754438286       ,    1.01980331217132     
   4.59000000000000       ,   0.994963103484215       ,   0.991703284377797     
   4.60000000000000       ,   0.793186084060826       ,   0.973384545923995     
   4.61000000000000       ,   0.955867071409189       ,   0.964567517583012     
   4.62000000000000       ,   0.792792062860726       ,   0.964679662649259     
   4.63000000000000       ,   0.973868216932971       ,   0.972963320861663     
   4.64000000000000       ,    1.07780938660829       ,   0.988587981929658     
   4.65000000000000       ,   0.852709616107983       ,    1.01075481642265     
   4.66000000000000       ,    1.05086707482483       ,    1.03878285921134     
   4.67000000000000       ,   0.967503120376905       ,    1.07216888901128     
   4.68000000000000       ,    1.18645037064037       ,    1.11061642610469     
   4.69000000000000       ,    1.17881985294211       ,    1.15403296748236     
   4.70000000000000       ,    1.21207086219725       ,    1.20249816199974     
   4.71000000000000       ,    1.29130336312443       ,    1.25620869539838     
   4.72000000000000       ,    1.35712847732365       ,    1.31540788038287     
   4.73000000000000       ,    1.71042080186546       ,    1.38030911701956     
   4.74000000000000       ,    1.56515501312445       ,    1.45102242430634     
   4.75000000000000       ,    1.68571096511137       ,    1.52749220465844     
   4.76000000000000       ,    1.46789721119555       ,    1.60945247605169     
   4.77000000000000       ,    2.04158091645519       ,    1.69640327820283     
   4.78000000000000       ,    1.70931709725525       ,    1.78760917697158     
   4.79000000000000       ,    1.82272075050524       ,    1.88211811834247     
   4.80000000000000       ,    2.01388354170879       ,    1.97879665263005     
   4.81000000000000       ,    2.36850383475553       ,    2.07637602206197     
   4.82000000000000       ,    2.23070148922117       ,    2.17350293892326     
   4.83000000000000       ,    2.73401518395096       ,    2.26878911506219     
   4.84000000000000       ,    1.88298481353917       ,    2.36085465294873     
   4.85000000000000       ,    2.91656812052534       ,    2.44836208204484     
   4.86000000000000       ,    2.09354227119911       ,    2.53003985046644     
   4.87000000000000       ,    2.92005203553501       ,    2.60469614725469     
   4.88000000000000       ,    2.89800143994293       ,    2.67122572246815     
   4.89000000000000       ,    2.65281056223521       ,    2.72861362168352     
   4.90000000000000       ,    2.64042348407834       ,    2.77594026926341     
   4.91000000000000       ,    2.67933772724604       ,    2.81239203761740     
   4.92000000000000       ,    2.76297682941397       ,    2.83728036187296     
   4.93000000000000       ,    2.89148012760797       ,    2.85007074876148     
   4.94000000000000       ,    2.82416224129651       ,    2.85042092760088     
   4.95000000000000       ,    2.96794253366832       ,    2.83822520530234     
   4.96000000000000       ,    2.56628416726142       ,    2.81366014386721     
   4.97000000000000       ,    3.31562544076483       ,    2.77722528352194     
   4.98000000000000       ,    2.19148146116714       ,    2.72977202925955     
   4.99000000000000       ,    2.64737215591933       ,    2.67251414666169     
   5.00000000000000       ,    2.83587323665336       ,    2.60701459751846     
   5.01000000000000       ,    2.08098947807081       ,    2.53514558246067     
   5.02000000000000       ,    2.50994676365749       ,    2.45902142389382     
   5.03000000000000       ,    2.16801865650382       ,    2.38090700193140     
   5.04000000000000       ,    2.28526229179058       ,    2.30310747680816     
   5.05000000000000       ,    2.34046774112933       ,    2.22784761112425     
   5.06000000000000       ,    2.02957816778809       ,    2.15715079972663     
   5.07000000000000       ,    2.15590759194337       ,    2.09272866202149     
   5.08000000000000       ,    1.81862269507886       ,    2.03589160694324     
   5.09000000000000       ,    1.97116519289623       ,    1.98748914033258     
   5.10000000000000       ,    1.87663237192190       ,    1.94788598849402     
   5.11000000000000       ,    1.83020635628118       ,    1.91697663263934     
   5.12000000000000       ,    1.87369944030991       ,    1.89423696199417     
   5.13000000000000       ,    1.83631544557143       ,    1.87880789404125     
   5.14000000000000       ,    2.13204824868345       ,    1.86960242362036     
   5.15000000000000       ,    1.74826970622463       ,    1.86542504963046     
   5.16000000000000       ,    1.78159944844766       ,    1.86509119742373     
   5.17000000000000       ,    2.03371058921510       ,    1.86753428365683     
   5.18000000000000       ,    1.73525854516517       ,    1.87188948005935     
   5.19000000000000       ,    1.46688371445640       ,    1.87754588402017     
   5.20000000000000       ,    2.00828493462825       ,    1.88416241035895     
   5.21000000000000       ,    1.77533543678498       ,    1.89164687731219     
   5.22000000000000       ,    1.77293846707101       ,    1.90010199734802     
   5.23000000000000       ,    1.93770785120783       ,    1.90974581095767     
   5.24000000000000       ,    2.13044707990267       ,    1.92081707176926     
   5.25000000000000       ,    1.67484509348977       ,    1.93347785180966     
   5.26000000000000       ,    1.99337918348211       ,    1.94772597166910     
   5.27000000000000       ,    1.94040115191193       ,    1.96332872127294     
   5.28000000000000       ,    2.06790662552770       ,    1.97978684461019     
   5.29000000000000       ,    1.58838271330385       ,    1.99633419729743     
   5.30000000000000       ,    2.03497025124740       ,    2.01197425838724     
   5.31000000000000       ,    2.15269721701030       ,    2.02555027739617     
   5.32000000000000       ,    2.00534892265254       ,    2.03584177808171     
   5.33000000000000       ,    2.08901473600393       ,    2.04167689961233     
   5.34000000000000       ,    1.77210594604914       ,    2.04204801816724     
   5.35000000000000       ,    2.09065875398130       ,    2.03621750362368     
   5.36000000000000       ,    1.91741379914005       ,    2.02380140419941     
   5.37000000000000       ,    2.00457494639754       ,    2.00482121539784     
   5.38000000000000       ,    1.66591626706444       ,    1.97971740933713     
   5.39000000000000       ,    1.71350938210379       ,    1.94932267068902     
   5.40000000000000       ,    1.91109553345178       ,    1.91479731056065     
   5.41000000000000       ,    1.99588972682890       ,    1.87753358271996     
   5.42000000000000       ,    1.78375876264845       ,    1.83903911108849     
   5.43000000000000       ,    1.87270447570424       ,    1.80081194609546     
   5.44000000000000       ,    1.46686175312443       ,    1.76422063055722     
   5.45000000000000       ,    1.65267956053422       ,    1.73040197326058     
   5.46000000000000       ,    1.90311364689314       ,    1.70018708243095     
   5.47000000000000       ,    1.77861298980637       ,    1.67406285644217     
   5.48000000000000       ,    1.58576597000707       ,    1.65217196292210     
   5.49000000000000       ,    1.27393613140561       ,    1.63434985310221     
   5.50000000000000       ,    1.73311380664909       ,    1.62019308650921     
   5.51000000000000       ,    1.55872590369979       ,    1.60914968689414     
   5.52000000000000       ,    1.53791485151304       ,    1.60061983282375     
   5.53000000000000       ,    1.62672196667706       ,    1.59405418894146     
   5.54000000000000       ,    1.69739468177557       ,    1.58903772002380     
   5.55000000000000       ,    1.62282266906835       ,    1.58534882949341     
   5.56000000000000       ,    1.57529325165949       ,    1.58298688140801     
   5.57000000000000       ,    1.58289413460193       ,    1.58216520820377     
   5.58000000000000       ,    1.41204626808808       ,    1.58327108411616     
   5.59000000000000       ,    1.83477461070199       ,    1.58679832392248     
   5.60000000000000       ,    1.57413449737781       ,    1.59326163922296     
   5.61000000000000       ,    1.52539860456468       ,    1.60310422508150     
   5.62000000000000       ,    1.57634533031066       ,    1.61661096948617     
   5.63000000000000       ,    1.97342016155712       ,    1.63383905891647     
   5.64000000000000       ,    1.59434037785491       ,    1.65457566354078     
   5.65000000000000       ,    1.59811173805069       ,    1.67832907216646     
   5.66000000000000       ,    1.70239871977745       ,    1.70435550686950     
   5.67000000000000       ,    1.90553745616751       ,    1.73171938000247     
   5.68000000000000       ,    1.78241808542742       ,    1.75938050511726     
   5.69000000000000       ,    2.18783083820854       ,    1.78629825956870     
   5.70000000000000       ,    1.68557033338583       ,    1.81154035684140     
   5.71000000000000       ,    2.00989800861624       ,    1.83438301982853     
   5.72000000000000       ,    1.67300839102469       ,    1.85439007647821     
   5.73000000000000       ,    2.23413213365198       ,    1.87146075944040     
   5.74000000000000       ,    1.85060442691886       ,    1.88583952998596     
   5.75000000000000       ,    1.59794833697479       ,    1.89808565582423     
   5.76000000000000       ,    2.03047939511412       ,    1.90900503606500     
   5.77000000000000       ,    2.47375102786008       ,    1.91955131991975     
   5.78000000000000       ,    1.85827892060523       ,    1.93070716301074     
   5.79000000000000       ,    2.11888929710223       ,    1.94335904435180     
   5.80000000000000       ,    1.84772222966073       ,    1.95818010556359     
   5.81000000000000       ,    1.94796928268497       ,    1.97553482791124     
   5.82000000000000       ,    2.02119366499503       ,    1.99541708591227     
   5.83000000000000       ,    2.06900506614821       ,    2.01742945489174     
   5.84000000000000       ,    2.09794667453276       ,    2.04080701556260     
   5.85000000000000       ,    2.28895104875544       ,    2.06448382123521     
   5.86000000000000       ,    1.83741831654918       ,    2.08719525918865     
   5.87000000000000       ,    2.26411619894982       ,    2.10760532209840     
   5.88000000000000       ,    1.98289404032944       ,    2.12444480430174     
   5.89000000000000       ,    2.32550432136984       ,    2.13664500975186     
   5.90000000000000       ,    2.18946516735529       ,    2.14345188232134     
   5.91000000000000       ,    2.04046038399291       ,    2.14450752132783     
   5.92000000000000       ,    2.15922675584049       ,    2.13988960226036     
   5.93000000000000       ,    2.08817198032097       ,    2.13010388610035     
   5.94000000000000       ,    2.26758123001167       ,    2.11603024229214     
   5.95000000000000       ,    2.03827679437321       ,    2.09882783358603     
   5.96000000000000       ,    2.24318618317927       ,    2.07980971916374     
   5.97000000000000       ,    2.16504113020642       ,    2.06030059843911     
   5.98000000000000       ,    2.19526699063800       ,    2.04149334477609     
   5.99000000000000       ,    2.03177301980964       ,    2.02432014538064     
   6.00000000000000       ,    1.72688279065213       ,    2.00935245179267     
   6.01000000000000       ,    2.42778343357278       ,    1.99674073946129     
   6.02000000000000       ,    1.73055723345610       ,    1.98620064170886     
   6.03000000000000       ,    1.88255981304269       ,    1.97704686932645     
   6.04000000000000       ,    1.99483433955953       ,    1.96827103915675     
   6.05000000000000       ,    1.83473923620842       ,    1.95865471314563     
   6.06000000000000       ,    2.15715556855116       ,    1.94690513689335     
   6.07000000000000       ,    1.91752300123332       ,    1.93179878833495     
   6.08000000000000       ,    1.77592244265007       ,    1.91231716034978     
   6.09000000000000       ,    1.90445304031919       ,    1.88776026759708     
   6.10000000000000       ,    1.79464556119646       ,    1.85782604789898     
   6.11000000000000       ,    1.77184247421269       ,    1.82264779835703     
   6.12000000000000       ,    1.74816620679275       ,    1.78278657744177     
   6.13000000000000       ,    1.65070108682382       ,    1.73918055842967     
   6.14000000000000       ,    1.66581590824440       ,    1.69305805472605     
   6.15000000000000       ,    1.80320191074495       ,    1.64582481559061     
   6.16000000000000       ,    1.31422835326647       ,    1.59893877930349     
   6.17000000000000       ,    1.45398598023033       ,    1.55378649274929     
   6.18000000000000       ,    1.19645441745185       ,    1.51157477040373     
   6.19000000000000       ,    1.29469513721619       ,    1.47324897480304     
   6.20000000000000       ,    1.48558522733801       ,    1.43944583790241     
   6.21000000000000       ,    1.15958092785649       ,    1.41048443629070     
   6.22000000000000       ,    1.54110731754674       ,    1.38639430397291     
   6.23000000000000       ,   0.974711935699263       ,    1.36697526590409     
   6.24000000000000       ,    1.55970768179778       ,    1.35187992048292     
   6.25000000000000       ,    1.02511262686486       ,    1.34070721131700     
   6.26000000000000       ,    1.26934804276990       ,    1.33309448528502     
   6.27000000000000       ,    1.09255810229263       ,    1.32879593756712     
   6.28000000000000       ,    1.33725265776939       ,    1.32773731187130     
   6.29000000000000       ,    1.23936640396451       ,    1.33003989907390     
   6.30000000000000       ,    1.16372378674860       ,    1.33601086234759     
   6.31000000000000       ,    1.39103481737640       ,    1.34610122168138     
   6.32000000000000       ,    1.21849959744123       ,    1.36083693257020     
   6.33000000000000       ,    1.37278919799412       ,    1.38073189921623     
   6.34000000000000       ,    1.52411067245530       ,    1.40619406659173     
   6.35000000000000       ,    1.39021294869050       ,    1.43743666850862     
   6.36000000000000       ,    1.39421302895805       ,    1.47440616726702     
   6.37000000000000       ,    1.38717343687864       ,    1.51673647865988     
   6.38000000000000       ,    1.48238502011658       ,    1.56373597512519     
   6.39000000000000       ,    2.19882414316562       ,    1.61440987738126     
   6.40000000000000       ,    1.51853216663978       ,    1.66751644914892     
   6.41000000000000       ,    1.56816121503779       ,    1.72165140265892     
   6.42000000000000       ,    1.88921008607717       ,    1.77535158046523     
   6.43000000000000       ,    1.85092625774422       ,    1.82720669491269     
   6.44000000000000       ,    1.92087887236053       ,    1.87596694501301     
   6.45000000000000       ,    1.87398605442661       ,    1.92063479702261     
   6.46000000000000       ,    2.16085213558148       ,    1.96053104513239     
   6.47000000000000       ,    2.19856631808004       ,    1.99532823696826     
   6.48000000000000       ,    1.93004639069359       ,    2.02504829713572     
   6.49000000000000       ,    2.09624834136279       ,    2.05002526418055     
   6.50000000000000       ,    2.32659232903340       ,    2.07083799064503     
   6.51000000000000       ,    1.95247179989905       ,    2.08822098361979     
   6.52000000000000       ,    2.11232978839431       ,    2.10296390240000     
   6.53000000000000       ,    2.17956542237462       ,    2.11581131983025     
   6.54000000000000       ,    2.51000871182461       ,    2.12737408457369     
   6.55000000000000       ,    1.89065358102281       ,    2.13806204452233     
   6.56000000000000       ,    1.94257799918526       ,    2.14804521197691     
   6.57000000000000       ,    2.38031712406866       ,    2.15724700112405     
   6.58000000000000       ,    2.08015715672496       ,    2.16536936545080     
   6.59000000000000       ,    2.43877180272518       ,    2.17194595951849     
   6.60000000000000       ,    1.97343414477461       ,    2.17641627877861     
   6.61000000000000       ,    2.27128084306669       ,    2.17821145480762     
   6.62000000000000       ,    2.17826329530531       ,    2.17684125059831     
   6.63000000000000       ,    2.00500275274800       ,    2.17197191991323     
   6.64000000000000       ,    2.13028998651673       ,    2.16348592367791     
   6.65000000000000       ,    2.13741369340151       ,    2.15151684930809     
   6.66000000000000       ,    2.18562643079896       ,    2.13645595190825     
   6.67000000000000       ,    1.69731770535096       ,    2.11893014630328     
   6.68000000000000       ,    2.25098568553654       ,    2.09975461114553     
   6.69000000000000       ,    2.33798630276351       ,    2.07986602529026     
   6.70000000000000       ,    1.90432789067822       ,    2.06024451329301     
   6.71000000000000       ,    2.03419764055417       ,    2.04183340742571     
   6.72000000000000       ,    1.84102951620859       ,    2.02546584430118     
   6.73000000000000       ,    2.08106061265294       ,    2.01180604998832     
   6.74000000000000       ,    1.85764007198205       ,    2.00131110343077     
   6.75000000000000       ,    1.77864239228077       ,    1.99421628474138     
   6.76000000000000       ,    1.83974552146815       ,    1.99054416186544     
   6.77000000000000       ,    2.20821566714679       ,    1.99013471933827     
   6.78000000000000       ,    2.05768785624330       ,    1.99269143644213     
   6.79000000000000       ,    1.90639136657516       ,    1.99783656271514     
   6.80000000000000       ,    2.10945939158748       ,    2.00516809977981     
   6.81000000000000       ,    2.02309478861511       ,    2.01431124181430     
   6.82000000000000       ,    1.74758231153013       ,    2.02495818808683     
   6.83000000000000       ,    1.97746534393639       ,    2.03689213948530     
   6.84000000000000       ,    1.89456561243103       ,    2.04999365620680     
   6.85000000000000       ,    2.02210648850605       ,    2.06423006116142     
   6.86000000000000       ,    2.26842173397669       ,    2.07963088760439     
   6.87000000000000       ,    1.90317441176188       ,    2.09625418713311     
   6.88000000000000       ,    2.24009832928090       ,    2.11414960418320     
   6.89000000000000       ,    1.91384803476635       ,    2.13332435511895     
   6.90000000000000       ,    1.95276555393377       ,    2.15371761028028     
   6.91000000000000       ,    2.16163844529559       ,    2.17518736956669     
   6.92000000000000       ,    2.35116537741195       ,    2.19751195249287     
   6.93000000000000       ,    2.22258819909035       ,    2.22040597275212     
   6.94000000000000       ,    2.19943504212119       ,    2.24354845243369     
   6.95000000000000       ,    2.02823519464540       ,    2.26661886354280     
   6.96000000000000       ,    2.51947079802092       ,    2.28933562812261     
   6.97000000000000       ,    2.07394746476554       ,    2.31149114365590     
   6.98000000000000       ,    2.48919015048850       ,    2.33297780025313     
   6.99000000000000       ,    2.16527695495413       ,    2.35380067470843     
   7.00000000000000       ,    2.37776797607404       ,    2.37407446471553     
   7.01000000000000       ,    2.38156320218580       ,    2.39400451193593     
   7.02000000000000       ,    2.24654928525095       ,    2.41385414204747     
   7.03000000000000       ,    2.29395808630493       ,    2.43390269060193     
   7.04000000000000       ,    2.54511286860198       ,    2.45440017737227     
   7.05000000000000       ,    2.50203647766100       ,    2.47552539719130     
   7.06000000000000       ,    2.34464448966877       ,    2.49735407061899     
   7.07000000000000       ,    2.55954418912595       ,    2.51984262320707     
   7.08000000000000       ,    2.52118067784962       ,    2.54283124514828     
   7.09000000000000       ,    2.64593063897676       ,    2.56606734797688     
   7.10000000000000       ,    2.59050185120178       ,    2.58924769673183     
   7.11000000000000       ,    2.58980934657893       ,    2.61207472188281     
   7.12000000000000       ,    2.32725798783309       ,    2.63432017872120     
   7.13000000000000       ,    2.77678905315785       ,    2.65588775409566     
   7.14000000000000       ,    2.78050964799978       ,    2.67686566637943     
   7.15000000000000       ,    2.70144728351811       ,    2.69756088889416     
   7.16000000000000       ,    2.74699471951605       ,    2.71850833363657     
   7.17000000000000       ,    2.76364185743627       ,    2.74045100165820     
   7.18000000000000       ,    2.62054888388391       ,    2.76429045122937     
   7.19000000000000       ,    2.92029577838346       ,    2.79101057081245     
   7.20000000000000       ,    2.91860836377823       ,    2.82158113473653     
   7.21000000000000       ,    2.89871193033539       ,    2.85685052949237     
   7.22000000000000       ,    2.89645674255006       ,    2.89743898599640     
   7.23000000000000       ,    2.89157220067908       ,    2.94364435887285     
   7.24000000000000       ,    2.95916366351182       ,    2.99537181857348     
   7.25000000000000       ,    2.82950188569794       ,    3.05209678796669     
   7.26000000000000       ,    3.29652983635506       ,    3.11286724720777     
   7.27000000000000       ,    2.94336843111151       ,    3.17634748040539     
   7.28000000000000       ,    2.99737957916136       ,    3.24090088624005     
   7.29000000000000       ,    3.71142685524838       ,    3.30470512427483     
   7.30000000000000       ,    3.16052655009645       ,    3.36588912375238     
   7.31000000000000       ,    3.49801369012261       ,    3.42267878957190     
   7.32000000000000       ,    3.31020742955283       ,    3.47353693700553     
   7.33000000000000       ,    4.03955382482710       ,    3.51728325540421     
   7.34000000000000       ,    3.36393630509921       ,    3.55318194662931     
   7.35000000000000       ,    3.49951689498328       ,    3.58098792924919     
   7.36000000000000       ,    3.29102091157203       ,    3.60094680309660     
   7.37000000000000       ,    4.01990480643190       ,    3.61374866146568     
   7.38000000000000       ,    3.40418616989780       ,    3.62044077595509     
   7.39000000000000       ,    3.92029149133289       ,    3.62230860486486     
   7.40000000000000       ,    3.56722596427452       ,    3.62073798496473     
   7.41000000000000       ,    3.55617132216394       ,    3.61707336417266     
   7.42000000000000       ,    3.85763351688750       ,    3.61248728291475     
   7.43000000000000       ,    3.39450685028976       ,    3.60787496525595     
   7.44000000000000       ,    3.57345082478062       ,    3.60378498213815     
   7.45000000000000       ,    4.14860385092143       ,    3.60039282211101     
   7.46000000000000       ,    3.53100142287617       ,    3.59751931639935     
   7.47000000000000       ,    3.37157342088891       ,    3.59469077114313     
   7.48000000000000       ,    3.77911275876896       ,    3.59123294177181     
   7.49000000000000       ,    3.61074173528594       ,    3.58638718244600     
   7.50000000000000       ,    3.40242070751175       ,    3.57943465233125     
   7.51000000000000       ,    3.42130350580739       ,    3.56981363965035     
   7.52000000000000       ,    3.40168952393359       ,    3.55721596514835     
   7.53000000000000       ,    3.83826734434847       ,    3.54165094075929     
   7.54000000000000       ,    3.41852788639958       ,    3.52346919210317     
   7.55000000000000       ,    3.53793659968630       ,    3.50334335780120     
   7.56000000000000       ,    3.31707908030158       ,    3.48220770720202     
   7.57000000000000       ,    3.34064900873214       ,    3.46116348763201     
   7.58000000000000       ,    3.50076385159169       ,    3.44136077162042     
   7.59000000000000       ,    3.21920804515655       ,    3.42387026928949     
   7.60000000000000       ,    3.45134991232640       ,    3.40955969650384     
   7.61000000000000       ,    3.35934852238790       ,    3.39898872563229     
   7.62000000000000       ,    3.43578778427663       ,    3.39233437134957     
   7.63000000000000       ,    3.59933295918778       ,    3.38935514537528     
   7.64000000000000       ,    3.16789177112909       ,    3.38939787370816     
   7.65000000000000       ,    3.38158434963271       ,    3.39144623499218     
   7.66000000000000       ,    3.22921578602556       ,    3.39420541822824     
   7.67000000000000       ,    3.52061716707080       ,    3.39621335523261     
   7.68000000000000       ,    3.52733265865006       ,    3.39596621073568     
   7.69000000000000       ,    3.32206452292156       ,    3.39204451973068     
   7.70000000000000       ,    3.32819242949194       ,    3.38322667687764     
   7.71000000000000       ,    3.27229175826298       ,    3.36857834189654     
   7.72000000000000       ,    3.29761444652908       ,    3.34750947886796     
   7.73000000000000       ,    3.30574965620746       ,    3.31979479410121     
   7.74000000000000       ,    3.02232999158565       ,    3.28555777151685     
   7.75000000000000       ,    3.37918383760890       ,    3.24522278020536     
   7.76000000000000       ,    2.88409015697190       ,    3.19944332589925     
   7.77000000000000       ,    3.26002229195414       ,    3.14901700604721     
   7.78000000000000       ,    2.99110105206339       ,    3.09479881848093     
   7.79000000000000       ,    2.48388011550960       ,    3.03762405456284     
   7.80000000000000       ,    3.03227020298868       ,    2.97825015720980     
   7.81000000000000       ,    2.60950500742613       ,    2.91732389963433     
   7.82000000000000       ,    3.03820492884990       ,    2.85537644606047     
   7.83000000000000       ,    2.66586277000732       ,    2.79284479093663     
   7.84000000000000       ,    2.31380746204099       ,    2.73011427118733     
   7.85000000000000       ,    2.60092783386937       ,    2.66757380563087     
   7.86000000000000       ,    2.28606768313722       ,    2.60567363844889     
   7.87000000000000       ,    2.23685480325196       ,    2.54497490265549     
   7.88000000000000       ,    2.64865715872743       ,    2.48618134650831     
   7.89000000000000       ,    2.12582849174419       ,    2.43014596033548     
   7.90000000000000       ,    2.21794628700489       ,    2.37784870433667     
   7.91000000000000       ,    2.14900636499274       ,    2.33034562794447     
   7.92000000000000       ,    2.32974024841212       ,    2.28869385831359     
   7.93000000000000       ,    2.03966603733134       ,    2.25386066706371     
   7.94000000000000       ,    2.19623151944780       ,    2.22662759547542     
   7.95000000000000       ,    2.04719712830985       ,    2.20750203599595     
   7.96000000000000       ,    2.01468981520268       ,    2.19664850318551     
   7.97000000000000       ,    2.19330597707177       ,    2.19385004738304     
   7.98000000000000       ,    1.95033889864936       ,    2.19850704127157     
   7.99000000000000       ,    2.22462930823943       ,    2.20967626280428     
   8.00000000000000       ,    2.18410132194861       ,    2.22614831449325     
   8.01000000000000       ,    2.17692465223069       ,    2.24655655346856     
   8.02000000000000       ,    2.02430905298461       ,    2.26950646970463     
   8.03000000000000       ,    2.13861142063335       ,    2.29371139308358     
   8.04000000000000       ,    2.17393185378020       ,    2.31811895665801     
   8.05000000000000       ,    2.47676995151144       ,    2.34201313278389     
   8.06000000000000       ,    2.18864499642193       ,    2.36507891177983     
   8.07000000000000       ,    2.57256941429316       ,    2.38742060390807     
   8.08000000000000       ,    2.55998164905176       ,    2.40952990147185     
   8.09000000000000       ,    2.21061045752415       ,    2.43220566198865     
   8.10000000000000       ,    2.39963796081797       ,    2.45643319070178     
   8.11000000000000       ,    2.38211254198314       ,    2.48323591616028     
   8.12000000000000       ,    2.61139263057600       ,    2.51351613387917     
   8.13000000000000       ,    2.70026757374651       ,    2.54790344743709     
   8.14000000000000       ,    2.50966842967198       ,    2.58662937273367     
   8.15000000000000       ,    2.94581432963571       ,    2.62944423973715     
   8.16000000000000       ,    2.54810282482213       ,    2.67558823029740     
   8.17000000000000       ,    2.81150413993402       ,    2.72382256935276     
   8.18000000000000       ,    2.61800690703979       ,    2.77252016872274     
   8.19000000000000       ,    2.94575548211528       ,    2.81980815705636     
   8.20000000000000       ,    2.91131536242704       ,    2.86374850215984     
   8.21000000000000       ,    3.06614654667594       ,    2.90253807464384     
   8.22000000000000       ,    3.05280467004180       ,    2.93470660664251     
   8.23000000000000       ,    2.97803758883340       ,    2.95929044739120     
   8.24000000000000       ,    3.09990715518575       ,    2.97596193090356     
   8.25000000000000       ,    2.87462851841095       ,    2.98509839416508     
   8.26000000000000       ,    3.18275495663026       ,    2.98778099627362     
   8.27000000000000       ,    2.57206181419343       ,    2.98572084710754     
   8.28000000000000       ,    3.19715176055478       ,    2.98111776330072     
   8.29000000000000       ,    3.20020690152239       ,    2.97646436992389     
   8.30000000000000       ,    2.87901698105470       ,    2.97431443052499     
   8.31000000000000       ,    3.22643729658751       ,    2.97703851408150     
   8.32000000000000       ,    2.98784714923920       ,    2.98659189953733     
   8.33000000000000       ,    2.97984238589685       ,    3.00431874624126     
   8.34000000000000       ,    3.37980641211774       ,    3.03081308457163     
   8.35000000000000       ,    3.06116778781744       ,    3.06585145740117     
   8.36000000000000       ,    3.08663900762707       ,    3.10840467424795     
   8.37000000000000       ,    3.24607809190600       ,    3.15672791703140     
   8.38000000000000       ,    3.17148739753137       ,    3.20852024982559     
   8.39000000000000       ,    3.22782406952115       ,    3.26113732598821     
   8.40000000000000       ,    3.43640305273254       ,    3.31183554685309     
   8.41000000000000       ,    3.37479972912457       ,    3.35802271166452     
   8.42000000000000       ,    3.44078967209865       ,    3.39748965817507     
   8.43000000000000       ,    3.38675306231046       ,    3.42859958234143     
   8.44000000000000       ,    3.36175163204798       ,    3.45041639807268     
   8.45000000000000       ,    3.59697474497618       ,    3.46276013503490     
   8.46000000000000       ,    3.43410470752311       ,    3.46618524014313     
   8.47000000000000       ,    3.69257116157469       ,    3.46188587995506     
   8.48000000000000       ,    3.24040803971083       ,    3.45154003446108     
